{
	"type": "FeatureCollection",
	"crs": {
		"type": "name",
		"properties": {
			"name": "urn:ogc:def:crs:OGC:1.3:CRS84"
		}
	},
	"features": [{
		"type": "Feature",
		"properties": {
			"roadclass": "Major highway - A2",
			"stroke": "#555555",
			"stroke-opacity": 0,
			"stroke-width": 2,
			"srftyp": null,
			"collect_us": "Barnerd Lesowapir"
		},
		"geometry": {
			"type": "MultiLineString",
			"coordinates": [[[37.067555,
			-0.469875],
			[37.067353001000015,
			-0.470098],
			[37.067208,
			-0.47035],
			[37.067022001,
			-0.470565],
			[37.06687599899999,
			-0.470713],
			[37.06674300100002,
			-0.470845],
			[37.066609998999979,
			-0.470977999000013],
			[37.066491,
			-0.471095],
			[37.066338,
			-0.471209],
			[37.066101,
			-0.471465],
			[37.065895,
			-0.471523999],
			[37.065533,
			-0.471646],
			[37.065405,
			-0.471654],
			[37.065057001000014,
			-0.471642],
			[37.064932,
			-0.471595],
			[37.064669,
			-0.471586],
			[37.064373000999979,
			-0.471527998999989],
			[37.064217000999975,
			-0.471515999000019],
			[37.064153001000022,
			-0.471430999],
			[37.06395,
			-0.471334],
			[37.063653000999977,
			-0.471153999000023],
			[37.063528,
			-0.471072],
			[37.063341,
			-0.47094],
			[37.063234,
			-0.470707],
			[37.063125001,
			-0.470517998999981],
			[37.062873,
			-0.469959],
			[37.062855999000021,
			-0.469809],
			[37.062839,
			-0.469581999000013],
			[37.062821,
			-0.46930899900002],
			[37.062820000999977,
			-0.469217],
			[37.062834,
			-0.468986],
			[37.062833001,
			-0.468801],
			[37.062848,
			-0.468597999],
			[37.062976,
			-0.468452],
			[37.063055001,
			-0.468215000999976],
			[37.06315,
			-0.468039998999984],
			[37.063307999000017,
			-0.467817],
			[37.063403,
			-0.467616],
			[37.06354600100002,
			-0.467428],
			[37.063626,
			-0.467254],
			[37.063724,
			-0.467047],
			[37.063837998999986,
			-0.466854],
			[37.063904998,
			-0.466692],
			[37.063925,
			-0.466462],
			[37.063912,
			-0.466227],
			[37.063912001,
			-0.466096000999983],
			[37.063931,
			-0.465894],
			[37.06391800099999,
			-0.465653],
			[37.063952,
			-0.465435],
			[37.063951001000021,
			-0.465185],
			[37.063951,
			-0.464935],
			[37.063935,
			-0.464649999000017],
			[37.063934,
			-0.464421999000024],
			[37.063899000999982,
			-0.46419400100001],
			[37.063868,
			-0.464051000999973],
			[37.063751,
			-0.463830001000019],
			[37.063651000999982,
			-0.463612],
			[37.063384,
			-0.463470998999981],
			[37.063186,
			-0.463401],
			[37.063055,
			-0.46336],
			[37.06281,
			-0.463338],
			[37.062548,
			-0.463407999000026],
			[37.062434,
			-0.463427],
			[37.062287001000016,
			-0.463477],
			[37.0619,
			-0.463638],
			[37.061558,
			-0.463831],
			[37.060994,
			-0.464143],
			[37.060405,
			-0.464484],
			[37.060049,
			-0.464644],
			[37.059620000999985,
			-0.464853],
			[37.059124000999986,
			-0.46488],
			[37.058601,
			-0.464821],
			[37.057876001000011,
			-0.464548],
			[37.057409,
			-0.464327],
			[37.05699,
			-0.464284],
			[37.056458,
			-0.464294000999985],
			[37.056065000999979,
			-0.464441001000012],
			[37.055638,
			-0.464516],
			[37.055189998,
			-0.464618],
			[37.054769998999973,
			-0.46462900099999],
			[37.054332,
			-0.46446199899998],
			[37.054023,
			-0.464328998999974],
			[37.05376800099998,
			-0.464167],
			[37.053575001000013,
			-0.463837],
			[37.053385000999981,
			-0.463502],
			[37.05326,
			-0.46312500099998],
			[37.053119001000027,
			-0.462829999],
			[37.05301,
			-0.462431],
			[37.052885,
			-0.462058001],
			[37.052863,
			-0.461756001000026],
			[37.052858,
			-0.46134200099999],
			[37.05289,
			-0.460847],
			[37.052861,
			-0.460447],
			[37.052851,
			-0.460064],
			[37.052866,
			-0.459587],
			[37.052814001,
			-0.459154001],
			[37.052763001000017,
			-0.458811],
			[37.052673001000016,
			-0.458500999000023],
			[37.052492,
			-0.458155],
			[37.052274001,
			-0.457861001000026],
			[37.052055,
			-0.457621],
			[37.051742,
			-0.457325],
			[37.051354,
			-0.457049000999973],
			[37.051004,
			-0.456827],
			[37.050785001,
			-0.456592],
			[37.050587,
			-0.456285998999988],
			[37.050445997999987,
			-0.455911],
			[37.050322,
			-0.455517],
			[37.05027499900001,
			-0.454690998999979],
			[37.050221998999973,
			-0.454153],
			[37.050068,
			-0.45371799899999],
			[37.049928,
			-0.453375],
			[37.049640001,
			-0.452911],
			[37.04914100100001,
			-0.45238000099999],
			[37.048708,
			-0.452128],
			[37.04830400100002,
			-0.45191],
			[37.047802,
			-0.451824],
			[37.047235,
			-0.451743],
			[37.046851,
			-0.451782],
			[37.046542,
			-0.451878998999973],
			[37.046213001000012,
			-0.451897],
			[37.046135000999982,
			-0.451779999],
			[37.04595,
			-0.451426001000016],
			[37.045733,
			-0.451057],
			[37.04542600100001,
			-0.450788],
			[37.045165,
			-0.450486],
			[37.044835,
			-0.450042],
			[37.044605,
			-0.449716],
			[37.043676998000024,
			-0.447004000999982],
			[37.043408,
			-0.446356],
			[37.043105,
			-0.445458998999982],
			[37.042837001,
			-0.444841],
			[37.042607,
			-0.444476],
			[37.042359,
			-0.444175],
			[37.042136,
			-0.444003],
			[37.041934,
			-0.443811],
			[37.041675000999987,
			-0.443691],
			[37.041278,
			-0.44353],
			[37.040795,
			-0.443349],
			[37.040453,
			-0.443245],
			[37.040142998000022,
			-0.443174],
			[37.039884,
			-0.443083],
			[37.039579,
			-0.443058],
			[37.039135,
			-0.443063],
			[37.038819,
			-0.443162],
			[37.038468,
			-0.443208],
			[37.037993,
			-0.443014],
			[37.037604998,
			-0.442684],
			[37.037206001000015,
			-0.44219],
			[37.037014,
			-0.441864999000018],
			[37.036771,
			-0.441269],
			[37.036439,
			-0.440622],
			[37.036097,
			-0.439858],
			[37.035723001,
			-0.439251],
			[37.035393,
			-0.438711],
			[37.034865,
			-0.438165998999978],
			[37.03414,
			-0.437695],
			[37.033654001,
			-0.437362],
			[37.033175,
			-0.437058],
			[37.03259,
			-0.436779],
			[37.031891,
			-0.436378],
			[37.031236,
			-0.435963],
			[37.030678,
			-0.435612],
			[37.030154,
			-0.435193],
			[37.029355,
			-0.434448998999983],
			[37.028836001,
			-0.433859],
			[37.026807001,
			-0.431256],
			[37.02575500099999,
			-0.429923],
			[37.024666,
			-0.428565],
			[37.024282,
			-0.42808],
			[37.023897,
			-0.427617],
			[37.023558998,
			-0.427079],
			[37.023123000999988,
			-0.426396001],
			[37.02278,
			-0.425798],
			[37.022469,
			-0.424932999000021],
			[37.022249999,
			-0.424325],
			[37.02207,
			-0.423473],
			[37.02195,
			-0.422658],
			[37.021945,
			-0.421948],
			[37.021941,
			-0.42117500099999],
			[37.022081001,
			-0.420561],
			[37.022172,
			-0.419791],
			[37.022273,
			-0.419093001000022],
			[37.022289,
			-0.418588],
			[37.022311,
			-0.418054],
			[37.022268,
			-0.41739499900001],
			[37.022237999000026,
			-0.416765],
			[37.02213,
			-0.416093000999979],
			[37.022029998999983,
			-0.415633],
			[37.021871,
			-0.415068],
			[37.021497,
			-0.414229],
			[37.021228,
			-0.413631001],
			[37.021058,
			-0.41303499899999],
			[37.020484,
			-0.41082],
			[37.020357000999979,
			-0.410102],
			[37.020084,
			-0.40950399899998],
			[37.019647,
			-0.408961],
			[37.01917,
			-0.40851],
			[37.018649001000028,
			-0.408229],
			[37.018024,
			-0.407979],
			[37.01750400100002,
			-0.407828],
			[37.016956000999983,
			-0.407699001000026],
			[37.016572000999986,
			-0.407571],
			[37.016029,
			-0.407157000999973],
			[37.010192,
			-0.402712],
			[37.009653,
			-0.402263],
			[37.009239,
			-0.401754],
			[37.008889,
			-0.401186],
			[37.008438,
			-0.40021],
			[37.008279001,
			-0.399746],
			[37.008082,
			-0.399185],
			[37.007795000999977,
			-0.398652],
			[37.007354,
			-0.397816],
			[37.006473,
			-0.396665],
			[37.005341,
			-0.395137],
			[37.004318,
			-0.393414],
			[37.003520001000027,
			-0.392046],
			[37.002885,
			-0.390906998999981],
			[37.00165099899999,
			-0.388898],
			[37.001141001,
			-0.388006],
			[37.000795,
			-0.387288],
			[37.000669001,
			-0.386877],
			[37.000607,
			-0.386090001000014],
			[37.000474999,
			-0.381084000999977],
			[37.000514,
			-0.380124],
			[37.000575998999977,
			-0.379465],
			[37.000797,
			-0.378807],
			[37.001046,
			-0.377877001],
			[37.001171,
			-0.377223],
			[37.001232,
			-0.376696],
			[37.001262,
			-0.376065],
			[37.001193,
			-0.375565],
			[37.001129,
			-0.37485300100002],
			[37.001004,
			-0.374199],
			[37.000986,
			-0.372942],
			[37.000867,
			-0.370366000999979],
			[37.000051787000018,
			-0.35894908099999],
			[36.999778,
			-0.355115],
			[36.999648,
			-0.354025],
			[36.999677001,
			-0.353211],
			[36.999681,
			-0.352519],
			[36.999829001000023,
			-0.351953],
			[37.002900997999973,
			-0.344355999000015],
			[37.002979,
			-0.343892],
			[37.003003,
			-0.343308],
			[37.003196,
			-0.342912],
			[37.005383,
			-0.335098],
			[37.005717,
			-0.334009],
			[37.005874001,
			-0.333161999000026],
			[37.005911,
			-0.332554],
			[37.005941,
			-0.332068000999982],
			[37.005880998,
			-0.331469998999978],
			[37.005783,
			-0.330846],
			[37.005586,
			-0.330472],
			[37.005342,
			-0.329871],
			[37.005038,
			-0.329216],
			[37.004583,
			-0.328391],
			[37.004303,
			-0.327425],
			[37.004132,
			-0.3268],
			[37.00391600099999,
			-0.325246],
			[37.004109998999979,
			-0.324012],
			[37.004479444000026,
			-0.322142800999984],
			[37.006343001,
			-0.312714],
			[37.006952,
			-0.310033998999984],
			[37.007716,
			-0.306729],
			[37.009107,
			-0.299138],
			[37.009417000999974,
			-0.297964],
			[37.009738,
			-0.296564999],
			[37.009994,
			-0.295376998999984],
			[37.010362000999976,
			-0.29499],
			[37.010996,
			-0.294323],
			[37.012103,
			-0.293450001],
			[37.01253,
			-0.292811],
			[37.013104000999988,
			-0.291812],
			[37.013758000999985,
			-0.290302000999986],
			[37.014122,
			-0.289220999],
			[37.013905001000012,
			-0.288352998999983],
			[37.013469000999976,
			-0.287049],
			[37.012745000999985,
			-0.285669000999974],
			[37.01185300100002,
			-0.284117],
			[37.010766,
			-0.28198500100001],
			[37.010313,
			-0.280233001],
			[37.010059001,
			-0.278421],
			[37.009904,
			-0.276691],
			[37.010151,
			-0.27546300099999],
			[37.010202000999982,
			-0.272795],
			[37.010259,
			-0.270212],
			[37.010279001000015,
			-0.269281],
			[37.010367,
			-0.268495],
			[37.010459,
			-0.267495],
			[37.010484001,
			-0.266353],
			[37.010743,
			-0.263976],
			[37.010948,
			-0.262964999000019],
			[37.011302,
			-0.26102],
			[37.011994,
			-0.254933999],
			[37.012135,
			-0.253772],
			[37.013853000999973,
			-0.241912],
			[37.014853,
			-0.234856],
			[37.014877,
			-0.233494],
			[37.014899001,
			-0.232205],
			[37.014706,
			-0.230844999],
			[37.014224997999975,
			-0.229483],
			[37.013816,
			-0.228768],
			[37.012569,
			-0.22705],
			[37.01165,
			-0.226045],
			[37.011168000999987,
			-0.225117],
			[37.010914,
			-0.223981],
			[37.010516,
			-0.222775],
			[37.010550001000013,
			-0.221789],
			[37.010579,
			-0.220946],
			[37.010683,
			-0.220036],
			[37.014983,
			-0.202719],
			[37.018021,
			-0.189433],
			[37.021006,
			-0.176891],
			[37.021233,
			-0.176292],
			[37.021673001000011,
			-0.175127],
			[37.02271700099999,
			-0.171683001000019],
			[37.023326000999987,
			-0.168459],
			[37.023677,
			-0.166584],
			[37.023596,
			-0.165961],
			[37.022932,
			-0.164857],
			[37.022346998999978,
			-0.164234],
			[37.021397,
			-0.163262],
			[37.0208,
			-0.162147],
			[37.02064500099999,
			-0.161588999],
			[37.020551,
			-0.160609998999973],
			[37.020947,
			-0.159422999000014],
			[37.022188,
			-0.158571],
			[37.023353000999975,
			-0.15772099899999],
			[37.024733,
			-0.156498],
			[37.025759,
			-0.155931],
			[37.026664,
			-0.155078999000011],
			[37.027519,
			-0.153876],
			[37.028140999000016,
			-0.152835],
			[37.028543,
			-0.151931],
			[37.029015,
			-0.150956],
			[37.029335999000011,
			-0.149204000999987],
			[37.029534001,
			-0.14836],
			[37.029606,
			-0.147727],
			[37.02982099799999,
			-0.146813],
			[37.030611001000011,
			-0.144284],
			[37.031458,
			-0.141005],
			[37.032168,
			-0.138546],
			[37.032701,
			-0.136626],
			[37.032767001000025,
			-0.136391999000011],
			[37.034649,
			-0.128479998999978],
			[37.034929998999985,
			-0.127844],
			[37.035248,
			-0.125649999000018],
			[37.035581,
			-0.124671998999986],
			[37.03557,
			-0.123504998999977],
			[37.03557,
			-0.123295],
			[37.035342,
			-0.122271],
			[37.035339,
			-0.120803],
			[37.035347,
			-0.1203],
			[37.035507,
			-0.116554],
			[37.035199,
			-0.115097],
			[37.0349,
			-0.114401000999976],
			[37.034884,
			-0.113068],
			[37.034881,
			-0.112431],
			[37.034953,
			-0.111579],
			[37.035078711999972,
			-0.111057671000026],
			[37.035113035,
			-0.110915325],
			[37.035157,
			-0.110733],
			[37.036263997999981,
			-0.109553999000013],
			[37.036972,
			-0.108992],
			[37.037649,
			-0.108264],
			[37.038176890999978,
			-0.107751971000027],
			[37.038248,
			-0.107683],
			[37.038251292999973,
			-0.107675153],
			[37.03835455799998,
			-0.107429099],
			[37.038700001,
			-0.10660599900001],
			[37.038492001,
			-0.104676],
			[37.036477554999976,
			-0.09827423199999],
			[37.036435000999973,
			-0.098139],
			[37.035788001000014,
			-0.095885],
			[37.03515,
			-0.092647000999989],
			[37.035138,
			-0.091941],
			[37.034898999,
			-0.091096],
			[37.034735001,
			-0.09032],
			[37.03472,
			-0.089036],
			[37.034493,
			-0.087962],
			[37.034505,
			-0.086658999],
			[37.034500998,
			-0.086085],
			[37.034511001,
			-0.085142],
			[37.035042,
			-0.082539000999986],
			[37.037243000999979,
			-0.07677400099999],
			[37.03977,
			-0.070502],
			[37.042223,
			-0.0644],
			[37.047349998000016,
			-0.056766],
			[37.04742,
			-0.056623],
			[37.048216,
			-0.055167],
			[37.058315,
			-0.033107],
			[37.05911,
			-0.03118999899999],
			[37.060629001,
			-0.028204],
			[37.06092,
			-0.027350001],
			[37.061789,
			-0.025640001],
			[37.062300000999983,
			-0.023716],
			[37.062520001,
			-0.022575001],
			[37.063122,
			-0.021204001],
			[37.069240476999987,
			-0.003503756999976],
			[37.070687,
			0.000681],
			[37.070927000999973,
			0.001126],
			[37.073149998000019,
			0.005257001000018],
			[37.076704,
			0.011309],
			[37.079074,
			0.015434998999979],
			[37.079284,
			0.015666999000018],
			[37.079336001,
			0.015741],
			[37.07935100100002,
			0.015756],
			[37.079913,
			0.016240001000028],
			[37.080249001000027,
			0.016544999000018],
			[37.080293000999973,
			0.016583],
			[37.080359,
			0.016659],
			[37.080418001,
			0.016734],
			[37.080492,
			0.016803],
			[37.080550997999978,
			0.016864],
			[37.080588,
			0.016909999],
			[37.080797001,
			0.017105999000023],
			[37.081069001,
			0.017336],
			[37.08117900100001,
			0.017398],
			[37.081276,
			0.017465],
			[37.08136600099999,
			0.017533],
			[37.081501,
			0.017654000999983],
			[37.081591,
			0.017729],
			[37.081688,
			0.017796],
			[37.081806,
			0.017885],
			[37.081927,
			0.017958],
			[37.082062,
			0.018047],
			[37.082149,
			0.018096999000022],
			[37.082278,
			0.018164],
			[37.082383,
			0.018231],
			[37.082493,
			0.018310000999975],
			[37.082623001,
			0.018381],
			[37.082706,
			0.018451],
			[37.082859,
			0.018522001],
			[37.082977,
			0.018569],
			[37.083083,
			0.018639001],
			[37.083259999,
			0.018723],
			[37.083304449000025,
			0.018745223999986],
			[37.083364001,
			0.01877500099999],
			[37.083435001,
			0.018804000999978],
			[37.083575,
			0.018874000999972],
			[37.083668999,
			0.018944001000023],
			[37.08379800099999,
			0.019036998999979],
			[37.08391500099998,
			0.01908400100001],
			[37.084044001,
			0.019131],
			[37.084161,
			0.019178],
			[37.084313,
			0.019271999000011],
			[37.084441,
			0.019341],
			[37.084568,
			0.019364],
			[37.084684001000028,
			0.019434],
			[37.084823,
			0.019504],
			[37.084915997999985,
			0.019573001000026],
			[37.08519499800002,
			0.019708],
			[37.085279,
			0.019742],
			[37.085364,
			0.019775998999989],
			[37.085449,
			0.01981],
			[37.085525,
			0.019861],
			[37.085601,
			0.019894],
			[37.085711,
			0.019944999000018],
			[37.085788001000026,
			0.01996200100001],
			[37.085889998000027,
			0.019978998999989],
			[37.085983000999988,
			0.020013],
			[37.086076000999981,
			0.020047],
			[37.086178,
			0.020098],
			[37.086271,
			0.020132000999979],
			[37.08636400099999,
			0.020148],
			[37.08643999899999,
			0.020165],
			[37.086532,
			0.020181],
			[37.086634,
			0.020214999000018],
			[37.08671,
			0.020232],
			[37.086811,
			0.020282],
			[37.086922,
			0.020299],
			[37.087015001,
			0.020316],
			[37.087118001000022,
			0.02035],
			[37.087229,
			0.020385],
			[37.087306,
			0.020402],
			[37.087443,
			0.020419],
			[37.087631,
			0.02047],
			[37.08782,
			0.020488],
			[37.087914001,
			0.020505],
			[37.088016,
			0.020539],
			[37.088102,
			0.020574001],
			[37.088137017,
			0.020581004],
			[37.088187000999987,
			0.020591],
			[37.088273,
			0.020608001000028],
			[37.088375,
			0.020625],
			[37.088546,
			0.020693],
			[37.088606001000016,
			0.020693],
			[37.088751,
			0.020745],
			[37.088827,
			0.020796001],
			[37.088904001,
			0.020847],
			[37.088981000999979,
			0.020898],
			[37.089049,
			0.020949],
			[37.089126,
			0.020984],
			[37.089211,
			0.02103499899999],
			[37.089288,
			0.021103000999972],
			[37.089373,
			0.021188],
			[37.089450000999989,
			0.021256],
			[37.089518,
			0.021290001000011],
			[37.089602999000022,
			0.021359],
			[37.08968,
			0.02141],
			[37.089765000999989,
			0.021478],
			[37.089824,
			0.021528999],
			[37.089892,
			0.021614],
			[37.089960001,
			0.021690998999986],
			[37.090011,
			0.021742],
			[37.090096,
			0.021827],
			[37.090165001,
			0.021895],
			[37.090250001000015,
			0.021980000999974],
			[37.090326000999987,
			0.022031],
			[37.090402,
			0.022116],
			[37.090487,
			0.022184],
			[37.090572,
			0.022269],
			[37.090622999,
			0.02232],
			[37.090700001000016,
			0.022423],
			[37.090768,
			0.02249],
			[37.090844,
			0.022558],
			[37.090911,
			0.022626],
			[37.09097,
			0.02269300099999],
			[37.091037,
			0.022761],
			[37.091088,
			0.022811],
			[37.091172001000018,
			0.02289600099999],
			[37.091230000999985,
			0.022963],
			[37.091289,
			0.023029999000016],
			[37.091339000999987,
			0.023098],
			[37.091440001000024,
			0.023165],
			[37.091507001000025,
			0.023249],
			[37.091599,
			0.023316],
			[37.091691001000015,
			0.023383],
			[37.09175,
			0.023433001],
			[37.091825001000018,
			0.0235],
			[37.0919,
			0.023566999000025],
			[37.091975,
			0.023617],
			[37.092059,
			0.023667],
			[37.092134000999977,
			0.023733999],
			[37.092242000999988,
			0.023817],
			[37.09230900099999,
			0.023884001],
			[37.092384,
			0.023934000999986],
			[37.092575,
			0.024034],
			[37.092736,
			0.024140999],
			[37.093067,
			0.024325],
			[37.09314,
			0.024397998999973],
			[37.093228,
			0.024457],
			[37.093309,
			0.024486],
			[37.093367,
			0.024515],
			[37.093448,
			0.024559],
			[37.093513998999981,
			0.024574],
			[37.093602,
			0.024618],
			[37.093837,
			0.02475],
			[37.093902,
			0.024793],
			[37.093953,
			0.024837],
			[37.094034001000011,
			0.024866],
			[37.094114,
			0.024881],
			[37.094165001000022,
			0.02491],
			[37.094268000999989,
			0.024954],
			[37.094713,
			0.02515],
			[37.09478599900001,
			0.025165],
			[37.094873,
			0.025207998999974],
			[37.094938,
			0.025252],
			[37.095018,
			0.025273],
			[37.095098,
			0.025295],
			[37.095171000999983,
			0.025324],
			[37.095236,
			0.025368],
			[37.095287,
			0.025389],
			[37.095352,
			0.025418],
			[37.095432,
			0.025437],
			[37.09792382400002,
			0.026562968],
			[37.098247,
			0.026709],
			[37.101356,
			0.027973],
			[37.10397,
			0.029170998999973],
			[37.105794,
			0.02994],
			[37.112973,
			0.033007000999987],
			[37.115485001000025,
			0.034119],
			[37.11642,
			0.034466],
			[37.116571001000011,
			0.034508],
			[37.117795,
			0.034787999],
			[37.122514001000013,
			0.035112],
			[37.125203000999988,
			0.035292001000016],
			[37.130117,
			0.03599],
			[37.132405870000014,
			0.036587811],
			[37.135125001,
			0.037298],
			[37.138499642999989,
			0.038179758000012],
			[37.141126000999975,
			0.038866000999974],
			[37.141476147999981,
			0.038964522000015],
			[37.146027,
			0.040245],
			[37.14702448700001,
			0.040798396000014],
			[37.147445055999981,
			0.04103172399999],
			[37.147624,
			0.041131],
			[37.148334001000023,
			0.041662998999982],
			[37.148865,
			0.042550999000014],
			[37.15029,
			0.044419],
			[37.15056257399999,
			0.044724624000025],
			[37.151725,
			0.046027998999989],
			[37.152352,
			0.046743],
			[37.153067,
			0.047456],
			[37.153871001000027,
			0.048169998999981],
			[37.154852,
			0.048616],
			[37.155854,
			0.048861],
			[37.15686,
			0.049187],
			[37.157283001,
			0.049376],
			[37.157844,
			0.049376],
			[37.158404001,
			0.04933],
			[37.158871001000023,
			0.049283],
			[37.159338000999981,
			0.049190999000018],
			[37.159808,
			0.04919300099999],
			[37.160371000999987,
			0.049196000999984],
			[37.160934,
			0.049293],
			[37.161356,
			0.049295],
			[37.161918001,
			0.049485],
			[37.162247,
			0.049674],
			[37.162808,
			0.049771],
			[37.16337,
			0.049867],
			[37.163977999,
			0.050057],
			[37.164491000999988,
			0.050152001000015],
			[37.164912,
			0.050248],
			[37.165518,
			0.050437],
			[37.165985,
			0.050626],
			[37.166544,
			0.050908],
			[37.16701,
			0.05119],
			[37.167476,
			0.051379],
			[37.168035,
			0.051569],
			[37.168221001,
			0.051848999000015],
			[37.168640001000028,
			0.052037],
			[37.169243,
			0.052410001],
			[37.17031,
			0.053016],
			[37.170820000999981,
			0.053202000999988],
			[37.171237001,
			0.053388],
			[37.1717,
			0.053574001000015],
			[37.17221,
			0.053668],
			[37.173645,
			0.053716],
			[37.174256001,
			0.053578999000024],
			[37.174546,
			0.053555],
			[37.174763,
			0.053556],
			[37.175102,
			0.053533],
			[37.175343,
			0.053509001],
			[37.175488001000019,
			0.053461],
			[37.175778,
			0.053438],
			[37.17582993799999,
			0.05342394199999],
			[37.176044,
			0.053366],
			[37.176382000999979,
			0.053343],
			[37.176695,
			0.053344],
			[37.176985,
			0.053297],
			[37.177250001,
			0.053273],
			[37.177563,
			0.053177999000013],
			[37.177876,
			0.05315500099999],
			[37.177924001,
			0.053155],
			[37.180235,
			0.052803],
			[37.181144,
			0.052638],
			[37.181389001000014,
			0.052591],
			[37.181633998,
			0.052592],
			[37.18188,
			0.052521],
			[37.182198,
			0.052498],
			[37.182394,
			0.052475],
			[37.182761,
			0.052453],
			[37.182980998,
			0.05243],
			[37.18322600099998,
			0.052383],
			[37.183495,
			0.052336],
			[37.183763,
			0.05231299899998],
			[37.183934,
			0.052313998999978],
			[37.184252001,
			0.052316],
			[37.18452,
			0.052294],
			[37.184739,
			0.052272],
			[37.185007000999974,
			0.052274],
			[37.186158,
			0.052427],
			[37.19221600100002,
			0.053719999],
			[37.197169,
			0.054748],
			[37.198240000999988,
			0.054947],
			[37.198434,
			0.055092],
			[37.1987,
			0.055142],
			[37.198967,
			0.055191],
			[37.199185,
			0.05524],
			[37.199451,
			0.05529],
			[37.199718,
			0.055291001],
			[37.200008001000015,
			0.055341],
			[37.200274,
			0.055343],
			[37.200565,
			0.055345],
			[37.200807,
			0.055394],
			[37.201072,
			0.055372001000023],
			[37.201361,
			0.055397998999979],
			[37.201626,
			0.055351],
			[37.202416,
			0.055232000999979],
			[37.202752,
			0.055138],
			[37.203063000999975,
			0.055066],
			[37.203302001,
			0.055018],
			[37.203493998999988,
			0.054947],
			[37.203733,
			0.054898998999988],
			[37.204020001,
			0.054851],
			[37.204258,
			0.054826],
			[37.204521000999989,
			0.054801],
			[37.204808001,
			0.054753],
			[37.205071,
			0.054704],
			[37.205334000999983,
			0.054703],
			[37.205597,
			0.054700998999976],
			[37.205836,
			0.054746],
			[37.206076,
			0.054791],
			[37.20622,
			0.054929],
			[37.206432,
			0.055044],
			[37.206726,
			0.05539299899999],
			[37.206968001,
			0.055917],
			[37.206992001,
			0.056184],
			[37.206895,
			0.056451],
			[37.206894001000023,
			0.056719],
			[37.206798000999981,
			0.05696],
			[37.20682100099998,
			0.057179],
			[37.206749,
			0.057226],
			[37.206676999000024,
			0.057637],
			[37.206699997999976,
			0.058],
			[37.2067,
			0.058194],
			[37.206795,
			0.058435],
			[37.20686600099998,
			0.058628],
			[37.20701,
			0.058892],
			[37.207176,
			0.059108],
			[37.207486,
			0.059394999],
			[37.208353,
			0.059859],
			[37.208993,
			0.05993200099999],
			[37.209276,
			0.060026],
			[37.209535,
			0.060072],
			[37.209771000999979,
			0.06011999899999],
			[37.209983001000012,
			0.060261],
			[37.210244000999978,
			0.060263],
			[37.210505,
			0.060311],
			[37.21079,
			0.06036000099999],
			[37.21102700099999,
			0.060409],
			[37.211337,
			0.060459],
			[37.211645,
			0.060509],
			[37.211882,
			0.060606001],
			[37.212143001000015,
			0.060702000999981],
			[37.212427,
			0.060798],
			[37.212662,
			0.060939],
			[37.21278,
			0.061032001],
			[37.213062001000026,
			0.061173],
			[37.213321,
			0.061268],
			[37.21358,
			0.061409],
			[37.214261,
			0.061782],
			[37.214425001,
			0.061921],
			[37.214566,
			0.06210699899998],
			[37.215106,
			0.062595000999977],
			[37.215696001000026,
			0.063207001000023],
			[37.215861999000026,
			0.063349],
			[37.216027,
			0.063561999],
			[37.216193,
			0.063751],
			[37.216311,
			0.063965],
			[37.216453,
			0.064178],
			[37.216618,
			0.064439],
			[37.21676,
			0.064605],
			[37.216878001,
			0.064889],
			[37.216995999,
			0.065149],
			[37.217137001000026,
			0.065386],
			[37.217232,
			0.065504],
			[37.217420999000012,
			0.06576300099999],
			[37.217586,
			0.065999],
			[37.217773998999974,
			0.066211001],
			[37.217844997999975,
			0.0664],
			[37.217986,
			0.066636],
			[37.218104,
			0.066872],
			[37.218245,
			0.067013],
			[37.218362,
			0.067273],
			[37.21847900099999,
			0.067461],
			[37.218667,
			0.067696],
			[37.218784,
			0.067908],
			[37.218971,
			0.068237],
			[37.219111,
			0.068400999],
			[37.219252000999973,
			0.068635],
			[37.219392,
			0.0688],
			[37.219532001,
			0.069011],
			[37.219789,
			0.069385],
			[37.21985273199999,
			0.06943379099999],
			[37.219997998,
			0.069545],
			[37.220142,
			0.06976000100002],
			[37.220335001000024,
			0.069976],
			[37.220503,
			0.070191],
			[37.220647,
			0.070335],
			[37.220836001,
			0.070500001000028],
			[37.221069,
			0.070733],
			[37.221256000999972,
			0.07092],
			[37.221467,
			0.071061],
			[37.221655000999988,
			0.071202],
			[37.221914,
			0.071391],
			[37.222198,
			0.071534000999975],
			[37.222387,
			0.071676],
			[37.222671000999981,
			0.071772],
			[37.222906997999985,
			0.071914],
			[37.223118998000018,
			0.072055998999986],
			[37.223307998999985,
			0.072198],
			[37.224924000999977,
			0.073112],
			[37.225836,
			0.073672],
			[37.226094,
			0.073813],
			[37.226328001000013,
			0.073953],
			[37.226516,
			0.074000001],
			[37.226797,
			0.074141],
			[37.227031001,
			0.074328],
			[37.227242000999979,
			0.074374],
			[37.227452001000017,
			0.074468],
			[37.227662001,
			0.074653],
			[37.227802000999986,
			0.074793000999989],
			[37.228036,
			0.074979],
			[37.22827,
			0.075073],
			[37.228434,
			0.075259001],
			[37.228644,
			0.075398999000015],
			[37.228832,
			0.075493],
			[37.22998,
			0.076356001000022],
			[37.232024997999986,
			0.078751],
			[37.232143,
			0.07901],
			[37.232284,
			0.079221],
			[37.232426,
			0.079456],
			[37.232567,
			0.079597],
			[37.232732,
			0.079786],
			[37.232921001000022,
			0.079927],
			[37.233117407,
			0.080104522],
			[37.233181,
			0.080162],
			[37.233322,
			0.080327],
			[37.233486001000017,
			0.080514999],
			[37.234428,
			0.081474999000022],
			[37.235094,
			0.081975000999989],
			[37.235283,
			0.082117],
			[37.235516001,
			0.082303],
			[37.23570200099999,
			0.082443],
			[37.235937001000025,
			0.082536],
			[37.236123,
			0.082676],
			[37.236287,
			0.082769000999974],
			[37.238645,
			0.084078001000023],
			[37.240907,
			0.085310000999982],
			[37.24275,
			0.086309001000018],
			[37.243269,
			0.086614999],
			[37.243411001000027,
			0.086874],
			[37.243529,
			0.087062],
			[37.243670001,
			0.087250000999973],
			[37.243812000999981,
			0.087486],
			[37.243906,
			0.087698],
			[37.244071997999981,
			0.087956999000028],
			[37.244162249999988,
			0.088092695],
			[37.244213,
			0.088169],
			[37.244378000999973,
			0.088358],
			[37.244567,
			0.088640999],
			[37.244709,
			0.088807],
			[37.244862142999978,
			0.08894353],
			[37.244921,
			0.088996],
			[37.245156,
			0.089185000999976],
			[37.245273999,
			0.089326001000018],
			[37.245556,
			0.089468001],
			[37.245815,
			0.089585999],
			[37.246283998000024,
			0.08974999899999],
			[37.246839,
			0.089972],
			[37.253202,
			0.091616],
			[37.25410800100002,
			0.09179500099998],
			[37.254293001,
			0.09184],
			[37.25452400099999,
			0.091885],
			[37.254801,
			0.092021],
			[37.254985,
			0.092066],
			[37.255192,
			0.092110999],
			[37.255422001,
			0.092156],
			[37.255744,
			0.092200999],
			[37.255997,
			0.092338],
			[37.256249001000015,
			0.092382],
			[37.256501,
			0.092381],
			[37.256729998000026,
			0.092425999],
			[37.25689,
			0.092470999],
			[37.257256,
			0.092469],
			[37.257508,
			0.09242199900001],
			[37.257667001000016,
			0.092444],
			[37.257964001,
			0.092466],
			[37.258306,
			0.092418],
			[37.258556,
			0.092326],
			[37.258761,
			0.092302001],
			[37.259408,
			0.092161],
			[37.26378,
			0.090677001000017],
			[37.269239001000017,
			0.088823],
			[37.273881,
			0.086969],
			[37.277889997999978,
			0.085226],
			[37.28041600099999,
			0.084093],
			[37.283582,
			0.082716],
			[37.2899,
			0.079945001],
			[37.290766,
			0.079577],
			[37.291045999,
			0.079462],
			[37.291279,
			0.079371],
			[37.291605,
			0.079233],
			[37.291884,
			0.079095],
			[37.292117,
			0.078958],
			[37.292256,
			0.078889],
			[37.292581,
			0.078752],
			[37.292812,
			0.078661],
			[37.293021,
			0.07857],
			[37.293275,
			0.078457],
			[37.29346,
			0.078388999000026],
			[37.29376,
			0.078276],
			[37.294106,
			0.07814],
			[37.294359,
			0.078073],
			[37.294589,
			0.078006001],
			[37.294887001,
			0.077871],
			[37.295162998000023,
			0.077802999000028],
			[37.295392,
			0.077758],
			[37.295645,
			0.077665998999976],
			[37.29599,
			0.077643],
			[37.29599,
			0.07768900100001],
			[37.296934,
			0.077711],
			[37.29801,
			0.077692],
			[37.299180001000025,
			0.07774],
			[37.299409001000015,
			0.07771800099999],
			[37.29966,
			0.077719],
			[37.299911,
			0.07769600099999],
			[37.300162,
			0.077652],
			[37.300345,
			0.077652],
			[37.300886,
			0.077727],
			[37.301088,
			0.077729],
			[37.301402,
			0.077732],
			[37.301855000999979,
			0.077712],
			[37.302105,
			0.077713],
			[37.303914,
			0.078085],
			[37.309304,
			0.079191],
			[37.313989000999982,
			0.080141],
			[37.318936,
			0.081175],
			[37.325054997999985,
			0.082773],
			[37.328575,
			0.083918],
			[37.329465,
			0.084208],
			[37.333783000999972,
			0.085267999],
			[37.341012001000024,
			0.087034],
			[37.349034,
			0.089006000999973],
			[37.357632,
			0.091175],
			[37.3581,
			0.091286],
			[37.358217,
			0.091287001000012],
			[37.358345000999975,
			0.091311],
			[37.358449,
			0.091358],
			[37.358949,
			0.091465],
			[37.359065,
			0.091489001000014],
			[37.359429,
			0.091566],
			[37.359541998,
			0.091608001],
			[37.359647,
			0.091609],
			[37.359844,
			0.09167800099999],
			[37.359948,
			0.091724999],
			[37.360086001000013,
			0.091771],
			[37.360213000999977,
			0.091818000999979],
			[37.360352,
			0.091842],
			[37.360491,
			0.091865],
			[37.360617,
			0.091887],
			[37.360754,
			0.091932000999975],
			[37.360869,
			0.091954999],
			[37.360984,
			0.091983998999979],
			[37.361121001000015,
			0.092045],
			[37.361212,
			0.09209],
			[37.361339,
			0.092113],
			[37.361476,
			0.092181],
			[37.361614,
			0.092226000999972],
			[37.361752,
			0.092271],
			[37.361844,
			0.092294],
			[37.361925,
			0.09234],
			[37.362152,
			0.092397],
			[37.362616,
			0.092583],
			[37.362721,
			0.092628999],
			[37.362814,
			0.092676],
			[37.362952998000026,
			0.092722],
			[37.363034,
			0.092768],
			[37.363197001,
			0.092804],
			[37.363312998000026,
			0.092874000999984],
			[37.363453000999982,
			0.092921],
			[37.363592000999972,
			0.09299099899999],
			[37.36369700099999,
			0.093037998999989],
			[37.365056,
			0.093640999],
			[37.372121000999982,
			0.096876],
			[37.377457999,
			0.099371001],
			[37.383971,
			0.102477],
			[37.384786,
			0.102854],
			[37.384965001000012,
			0.102934],
			[37.385124,
			0.103053],
			[37.385363,
			0.103133],
			[37.385582,
			0.103212],
			[37.38576100099999,
			0.103291],
			[37.385920000999988,
			0.103331],
			[37.386159,
			0.10341],
			[37.386398000999975,
			0.10349],
			[37.386657,
			0.103569],
			[37.386896,
			0.103648],
			[37.387116000999981,
			0.103688],
			[37.387335,
			0.103727],
			[37.387575001000016,
			0.103727],
			[37.387835000999985,
			0.103726999],
			[37.388033998000026,
			0.103727],
			[37.388253999000028,
			0.103727],
			[37.388474,
			0.103726],
			[37.388674,
			0.103726],
			[37.388894000999983,
			0.103706],
			[37.389094000999989,
			0.103706000999978],
			[37.38927400099999,
			0.10368599899999],
			[37.389414000999977,
			0.103666],
			[37.389695001,
			0.103666001000022],
			[37.389916,
			0.103645001000018],
			[37.391389,
			0.103465],
			[37.391972,
			0.103364999],
			[37.392164,
			0.10336399900001],
			[37.392377,
			0.103363],
			[37.392548001000023,
			0.103442],
			[37.392784001,
			0.103481],
			[37.393001,
			0.103481],
			[37.393237000999989,
			0.10352],
			[37.393435,
			0.10356],
			[37.393655,
			0.103599998999982],
			[37.393872,
			0.103639],
			[37.394111001,
			0.103719001],
			[37.394334,
			0.103759998999976],
			[37.394476,
			0.1038],
			[37.394738001,
			0.103921],
			[37.394879,
			0.103961],
			[37.395141,
			0.104082],
			[37.395321001000013,
			0.104202],
			[37.395521,
			0.104363001000024],
			[37.395761,
			0.104484],
			[37.39598200099999,
			0.104564],
			[37.396142999,
			0.10464500099999],
			[37.396383,
			0.104765],
			[37.396606001,
			0.10484599900002],
			[37.396787001,
			0.104965999],
			[37.396969,
			0.105087],
			[37.397210001000019,
			0.105288],
			[37.397351001,
			0.105368],
			[37.397512001,
			0.105449],
			[37.39779,
			0.10557],
			[37.39801,
			0.105651001000012],
			[37.398149000999979,
			0.105732],
			[37.398308998999987,
			0.105813],
			[37.399010998999984,
			0.10611799899999],
			[37.399231,
			0.106261],
			[37.399411998999987,
			0.106383],
			[37.399553,
			0.106444],
			[37.399735,
			0.106525],
			[37.399977001000025,
			0.106566],
			[37.40024,
			0.106688001],
			[37.400442000999988,
			0.106769],
			[37.400644,
			0.106851],
			[37.400887,
			0.10693299899998],
			[37.401150001000019,
			0.106974001000026],
			[37.401434,
			0.107056],
			[37.401698001,
			0.107179],
			[37.401942001,
			0.107302],
			[37.402186,
			0.107385],
			[37.402369,
			0.107426],
			[37.402592,
			0.107467],
			[37.402816,
			0.107509],
			[37.40304,
			0.107549001],
			[37.403283000999977,
			0.107589001],
			[37.403485000999979,
			0.107588001000011],
			[37.403708,
			0.107587],
			[37.404071,
			0.107585],
			[37.404273,
			0.107583998999985],
			[37.404454000999976,
			0.107624],
			[37.404656,
			0.107622999],
			[37.404877,
			0.107621],
			[37.405196,
			0.107618],
			[37.405336,
			0.107615999000018],
			[37.405574999,
			0.107594],
			[37.405938000999981,
			0.107593],
			[37.406098,
			0.107552],
			[37.406562,
			0.107572],
			[37.407488,
			0.107551],
			[37.407772,
			0.107470001000024],
			[37.408076,
			0.107451],
			[37.408239001000027,
			0.107410999000024],
			[37.408462,
			0.10735],
			[37.408724001,
			0.10727],
			[37.408967,
			0.10725],
			[37.409109,
			0.10723],
			[37.409474,
			0.10723],
			[37.409698000999981,
			0.107311001000028],
			[37.409881,
			0.107352],
			[37.410105000999977,
			0.107433],
			[37.410248,
			0.107514998999989],
			[37.411071,
			0.107818999000017],
			[37.411455,
			0.108044],
			[37.411638,
			0.108169],
			[37.411821,
			0.108334],
			[37.412044,
			0.108458],
			[37.412226998999984,
			0.108581],
			[37.412370001,
			0.108704],
			[37.412492000999976,
			0.108787],
			[37.412696000999972,
			0.108990999000014],
			[37.412879,
			0.109154],
			[37.413082,
			0.109318],
			[37.413266,
			0.109441],
			[37.413429998000026,
			0.109567],
			[37.413655,
			0.109650999],
			[37.413902001,
			0.109777001],
			[37.414188001000014,
			0.109862],
			[37.414474,
			0.109862],
			[37.414699000999974,
			0.109863],
			[37.414966,
			0.109907001000011],
			[37.415110001000016,
			0.109907],
			[37.415395000999979,
			0.109907],
			[37.415659,
			0.109845],
			[37.415821,
			0.109803],
			[37.416085,
			0.10974],
			[37.416246,
			0.109718000999976],
			[37.416468,
			0.109695],
			[37.416649001,
			0.109632],
			[37.416953001000024,
			0.109549],
			[37.417116,
			0.109508],
			[37.41736,
			0.109447],
			[37.417562997999987,
			0.109365998999976],
			[37.417747,
			0.109305],
			[37.417991,
			0.109183],
			[37.418193998999982,
			0.109081],
			[37.418419,
			0.109],
			[37.418684000999974,
			0.108878],
			[37.418826,
			0.108817],
			[37.419138,
			0.108739],
			[37.419348,
			0.108721],
			[37.419724,
			0.108644],
			[37.420126,
			0.108567],
			[37.420624,
			0.1084],
			[37.420791,
			0.108317],
			[37.421021000999986,
			0.108192],
			[37.421269,
			0.108109],
			[37.421517,
			0.10806700099999],
			[37.421703,
			0.108025],
			[37.42195,
			0.10798300099998],
			[37.422176,
			0.107961],
			[37.42246,
			0.107941],
			[37.422622,
			0.107942],
			[37.422865,
			0.107922],
			[37.423068,
			0.107923],
			[37.423311001,
			0.107923001000017],
			[37.423514,
			0.107965],
			[37.423737999000025,
			0.107965],
			[37.423963,
			0.107923],
			[37.424268000999973,
			0.107923001000017],
			[37.424511000999985,
			0.107925],
			[37.424753,
			0.107968],
			[37.42501599799999,
			0.108010001000025],
			[37.425238998999987,
			0.108073],
			[37.425542,
			0.108096],
			[37.426761000999988,
			0.108088],
			[37.428092,
			0.108116000999985],
			[37.428318,
			0.108095000999981],
			[37.428523,
			0.108095],
			[37.42877,
			0.108137000999989],
			[37.428996,
			0.108138],
			[37.429222,
			0.108138],
			[37.429387,
			0.108138],
			[37.429634001000011,
			0.108179999000015],
			[37.42986,
			0.108181],
			[37.430087,
			0.108181],
			[37.430293,
			0.108182],
			[37.430602,
			0.108183],
			[37.430767,
			0.108185],
			[37.431037,
			0.108229],
			[37.431264,
			0.108209],
			[37.431745,
			0.108485998999981],
			[37.431955,
			0.108572],
			[37.432183001,
			0.108698],
			[37.432392,
			0.108865],
			[37.432578,
			0.108947],
			[37.432805,
			0.10911199899999],
			[37.432930000999988,
			0.109279],
			[37.433137,
			0.109445000999983],
			[37.43322100099999,
			0.109529],
			[37.433451,
			0.109737999],
			[37.433557,
			0.109906],
			[37.433704,
			0.110075],
			[37.433893,
			0.110264],
			[37.433999,
			0.110433],
			[37.434127,
			0.110665],
			[37.434296,
			0.110855],
			[37.434424001000025,
			0.111067],
			[37.434572998000021,
			0.111279001000014],
			[37.434723,
			0.111491],
			[37.434851,
			0.111683],
			[37.434980000999985,
			0.111853],
			[37.435152,
			0.11211],
			[37.435153,
			0.112152],
			[37.435375,
			0.112471],
			[37.435637,
			0.112992],
			[37.436691,
			0.114557],
			[37.436855,
			0.114746],
			[37.436957001,
			0.114956],
			[37.437059,
			0.115103],
			[37.437201001,
			0.115314],
			[37.437321,
			0.115523999],
			[37.437462,
			0.115735],
			[37.437602001000016,
			0.115967],
			[37.437743,
			0.116137],
			[37.437884,
			0.116349001],
			[37.438047,
			0.116517999],
			[37.438169001,
			0.116646],
			[37.43835400099999,
			0.116773],
			[37.438576,
			0.116987],
			[37.438822,
			0.117116],
			[37.438986999,
			0.117201998999974],
			[37.439214,
			0.117373000999976],
			[37.439484,
			0.117459],
			[37.439691998,
			0.11754600099999],
			[37.439899,
			0.117675],
			[37.440107001,
			0.117761001000019],
			[37.440336,
			0.117848],
			[37.442117999,
			0.118716001],
			[37.446226,
			0.120672001],
			[37.446481,
			0.120756],
			[37.446673,
			0.120839999],
			[37.446891,
			0.120918001],
			[37.447173,
			0.121068],
			[37.447412,
			0.121155000999977],
			[37.447578001000011,
			0.121225998999989],
			[37.447836,
			0.121354],
			[37.448008001,
			0.121484],
			[37.448203001000024,
			0.121613],
			[37.448416001,
			0.121698001000027],
			[37.44867,
			0.121823],
			[37.448903,
			0.121949],
			[37.449179001,
			0.122075],
			[37.449437,
			0.122116],
			[37.449649997999984,
			0.12224299899998],
			[37.449885,
			0.122327],
			[37.450078,
			0.122411],
			[37.45074,
			0.122771],
			[37.450999,
			0.122811999000021],
			[37.451216,
			0.122811],
			[37.45152,
			0.122810001],
			[37.451716,
			0.122786999000027],
			[37.451955,
			0.122785998999973],
			[37.452216,
			0.122763],
			[37.452498000999981,
			0.12274],
			[37.452694,
			0.122695],
			[37.452998,
			0.122627],
			[37.453194,
			0.122561],
			[37.453456,
			0.122494999000025],
			[37.453631,
			0.122452],
			[37.453938,
			0.122365],
			[37.454179,
			0.122278],
			[37.454463001000022,
			0.122192],
			[37.454683,
			0.122062998999979],
			[37.454946,
			0.121954],
			[37.455186,
			0.121824],
			[37.455515,
			0.121652],
			[37.455735,
			0.12148],
			[37.455931,
			0.121305001],
			[37.456257,
			0.12112700099999],
			[37.456475,
			0.120972],
			[37.456672,
			0.120777001000022],
			[37.456804,
			0.12067],
			[37.457197,
			0.12047499900001],
			[37.457459,
			0.120324],
			[37.457699,
			0.120193],
			[37.457873999000014,
			0.120022],
			[37.458093,
			0.119874],
			[37.458268,
			0.11979],
			[37.458551,
			0.119684999000015],
			[37.458834997999986,
			0.119579],
			[37.459096000999978,
			0.119576],
			[37.459249000999989,
			0.119553],
			[37.459467,
			0.119528999000011],
			[37.459925,
			0.119523],
			[37.460143,
			0.11952],
			[37.460427,
			0.119518],
			[37.460624000999985,
			0.11956],
			[37.460908,
			0.119644],
			[37.461127,
			0.11977],
			[37.461346000999981,
			0.119897],
			[37.461588,
			0.120024],
			[37.461807,
			0.120108],
			[37.462027,
			0.120237],
			[37.462203,
			0.120365],
			[37.4624,
			0.120494],
			[37.462622,
			0.120707],
			[37.462821001,
			0.120877],
			[37.463042998999981,
			0.12106699899999],
			[37.463222,
			0.121258],
			[37.463401,
			0.121471],
			[37.463469,
			0.121598],
			[37.463628001000018,
			0.121897000999979],
			[37.463974001,
			0.122864],
			[37.464022,
			0.123079],
			[37.464027,
			0.123338],
			[37.464053001000025,
			0.123531999000022],
			[37.464057001000015,
			0.123748998999986],
			[37.464083,
			0.123987999],
			[37.46404300099999,
			0.124249],
			[37.463957000999983,
			0.124446],
			[37.463827,
			0.124665],
			[37.463785001000019,
			0.124906],
			[37.463744001,
			0.125148],
			[37.463569,
			0.125390001000028],
			[37.463525000999987,
			0.1255],
			[37.462757,
			0.126694],
			[37.462671,
			0.126914999],
			[37.462539,
			0.12709200099999],
			[37.462318,
			0.127335999000024],
			[37.46214100100002,
			0.127558],
			[37.462053001000015,
			0.12771399899998],
			[37.461921,
			0.127959998999984],
			[37.461878,
			0.128206],
			[37.4617,
			0.128452],
			[37.461611,
			0.128586],
			[37.461478000999989,
			0.128766],
			[37.461254,
			0.129035],
			[37.461121000999981,
			0.129283],
			[37.460987000999978,
			0.129531],
			[37.460943,
			0.129779],
			[37.460899000999973,
			0.130073],
			[37.460855,
			0.130255],
			[37.460811001000025,
			0.130550001000017],
			[37.460812,
			0.130686],
			[37.460858,
			0.130936001],
			[37.460884,
			0.131484],
			[37.460931,
			0.131712],
			[37.461,
			0.131919],
			[37.461047,
			0.132148],
			[37.46114,
			0.132378],
			[37.461255,
			0.132631],
			[37.461371000999975,
			0.132885],
			[37.461487001000023,
			0.133116],
			[37.461626,
			0.133393],
			[37.461787999000023,
			0.133579],
			[37.46195,
			0.133788],
			[37.462020000999985,
			0.133834998999987],
			[37.462575,
			0.134255],
			[37.463387,
			0.13477100099999],
			[37.463906,
			0.134901],
			[37.467115,
			0.135942],
			[37.468152,
			0.136468],
			[37.468573,
			0.136608],
			[37.4691,
			0.136860001],
			[37.469408000999977,
			0.13708],
			[37.469872,
			0.13736],
			[37.470036,
			0.137603],
			[37.472034998000026,
			0.139693],
			[37.472362,
			0.139849],
			[37.472481,
			0.139869],
			[37.472783,
			0.140075],
			[37.472995,
			0.140214],
			[37.473108998999976,
			0.140405999],
			[37.473022,
			0.140802999000016],
			[37.472889001,
			0.141102],
			[37.47268,
			0.141479],
			[37.472515,
			0.141955],
			[37.472434,
			0.14218],
			[37.472320001000014,
			0.142582],
			[37.472275,
			0.143058],
			[37.472264,
			0.143283],
			[37.472357,
			0.143862],
			[37.473014001000024,
			0.147757001],
			[37.47335,
			0.14866299900001],
			[37.473608,
			0.149226000999988],
			[37.473929,
			0.149662],
			[37.474450998,
			0.150217],
			[37.474847,
			0.150671000999978],
			[37.47529799900002,
			0.150908],
			[37.475923,
			0.151268],
			[37.476421001,
			0.151523999],
			[37.47738,
			0.151798],
			[37.478144,
			0.152035],
			[37.478711,
			0.15215200099999],
			[37.479155,
			0.152143],
			[37.47978100099999,
			0.152428],
			[37.480185998000024,
			0.152802],
			[37.480636,
			0.153445998999985],
			[37.480982,
			0.153902999000024],
			[37.481384,
			0.154616001000022],
			[37.481502,
			0.155047],
			[37.481451000999982,
			0.155341],
			[37.481718,
			0.156101],
			[37.481979,
			0.156626],
			[37.482219,
			0.157131],
			[37.482609,
			0.157554],
			[37.489062000999979,
			0.164993],
			[37.489358,
			0.165349],
			[37.489745001000017,
			0.165609],
			[37.490406,
			0.166077998999981],
			[37.491098,
			0.16646],
			[37.491591001000018,
			0.166732],
			[37.492022001,
			0.167004999000028],
			[37.492451,
			0.16743],
			[37.493528001000016,
			0.168563001],
			[37.497088,
			0.172657001],
			[37.497851,
			0.17358],
			[37.50097,
			0.177172],
			[37.507327,
			0.184487],
			[37.509204997999973,
			0.18669],
			[37.509584001,
			0.187204],
			[37.510366,
			0.188542],
			[37.515864,
			0.197921],
			[37.521296999000015,
			0.207074],
			[37.522543,
			0.209229000999983],
			[37.523246001000018,
			0.210488999],
			[37.52352,
			0.21101],
			[37.523877001000017,
			0.211975000999985],
			[37.525272,
			0.215397],
			[37.526031,
			0.217261],
			[37.530342,
			0.228281],
			[37.530544,
			0.22896],
			[37.531522,
			0.232667999],
			[37.534498998,
			0.242791],
			[37.536732,
			0.250058],
			[37.536859,
			0.250556],
			[37.536907,
			0.250697],
			[37.536929,
			0.250812],
			[37.53701300099999,
			0.251070998999978],
			[37.537132,
			0.251202998999986],
			[37.537242,
			0.251488],
			[37.537304,
			0.251618],
			[37.537367,
			0.251734],
			[37.53743,
			0.251839001],
			[37.537688,
			0.252136999000015],
			[37.540432,
			0.25584],
			[37.540725001,
			0.256163],
			[37.54092,
			0.256402998999988],
			[37.541057,
			0.256669999],
			[37.541308,
			0.257023999000012],
			[37.541432,
			0.257251999],
			[37.5416,
			0.257537001],
			[37.541666,
			0.257765],
			[37.54180100100001,
			0.258051],
			[37.541923,
			0.258324999000024],
			[37.542033,
			0.258528],
			[37.542058,
			0.258687999000017],
			[37.542097999000021,
			0.259036001000027],
			[37.542251,
			0.260184],
			[37.542269001000022,
			0.260383],
			[37.54226,
			0.260556],
			[37.542249,
			0.260802],
			[37.542355,
			0.261062],
			[37.542339,
			0.261384],
			[37.542383,
			0.261692000999972],
			[37.542403,
			0.261884],
			[37.542498001000013,
			0.262183],
			[37.542533000999981,
			0.262392],
			[37.542577999,
			0.262753],
			[37.542677001000015,
			0.262994999],
			[37.542748,
			0.263132],
			[37.542787,
			0.263284],
			[37.542855,
			0.263513],
			[37.54294,
			0.263697998999987],
			[37.542993,
			0.263913],
			[37.543088,
			0.264223],
			[37.543201,
			0.26436400099999],
			[37.543244,
			0.264535998999975],
			[37.543344,
			0.264739999000028],
			[37.543417,
			0.264866000999973],
			[37.543572,
			0.265254],
			[37.543749000999981,
			0.265476001000025],
			[37.543855,
			0.265627999],
			[37.544004,
			0.265903],
			[37.544065,
			0.265994],
			[37.544219,
			0.266116],
			[37.544419,
			0.266314998999974],
			[37.544464,
			0.266455001],
			[37.54458900100002,
			0.26658],
			[37.544778,
			0.266721],
			[37.545013998,
			0.266924],
			[37.545125000999974,
			0.267034],
			[37.54533,
			0.267207],
			[37.545425,
			0.267302],
			[37.545693001000018,
			0.267539],
			[37.545833,
			0.267554],
			[37.54608,
			0.267713],
			[37.546236001000011,
			0.267744],
			[37.546405000999982,
			0.267871001],
			[37.546589,
			0.267933],
			[37.546725001000027,
			0.268028],
			[37.546861,
			0.26809],
			[37.547133998999982,
			0.268233],
			[37.548415998999985,
			0.268861],
			[37.548528,
			0.268859998999972],
			[37.54867500099999,
			0.268993],
			[37.548903000999985,
			0.269076],
			[37.549246,
			0.26915900099999],
			[37.549476,
			0.269308998999975],
			[37.549707001,
			0.269442],
			[37.549988,
			0.269575998999983],
			[37.550254,
			0.26966],
			[37.550504,
			0.269761001],
			[37.550705000999983,
			0.269844998999986],
			[37.55093800100002,
			0.269929],
			[37.551138,
			0.270081],
			[37.551372,
			0.270316],
			[37.551590001000022,
			0.270501],
			[37.551842,
			0.270771],
			[37.552111,
			0.27095699900002],
			[37.552212000999987,
			0.271041],
			[37.55243,
			0.271311],
			[37.552582001000019,
			0.27142999900002],
			[37.553362998000011,
			0.27268],
			[37.556506001,
			0.278102],
			[37.556693,
			0.278542],
			[37.556778001,
			0.278931],
			[37.556880998,
			0.279082999000025],
			[37.556932,
			0.279285999000024],
			[37.556983,
			0.279472],
			[37.556983,
			0.279624],
			[37.556915,
			0.279827],
			[37.556915,
			0.280047],
			[37.55691500099999,
			0.280199001000028],
			[37.556933,
			0.280384],
			[37.556967,
			0.280586],
			[37.556967,
			0.280771],
			[37.556968000999973,
			0.280941],
			[37.556968,
			0.281145],
			[37.556934,
			0.281298999],
			[37.556899,
			0.281502999],
			[37.5569,
			0.281673],
			[37.5569,
			0.281895],
			[37.556866,
			0.282031001],
			[37.556866,
			0.282219],
			[37.5569,
			0.282407],
			[37.556917,
			0.282612],
			[37.556934999000021,
			0.282766],
			[37.556969,
			0.282972],
			[37.557021,
			0.28316],
			[37.557056,
			0.283349],
			[37.55709,
			0.283503999],
			[37.557159001,
			0.283693],
			[37.557211,
			0.28383],
			[37.557511001000023,
			0.284716],
			[37.559724,
			0.291497999],
			[37.562272,
			0.299219],
			[37.564603,
			0.306234],
			[37.567071,
			0.313517999],
			[37.56745,
			0.314070999000023],
			[37.567522,
			0.314214000999982],
			[37.567613000999984,
			0.314393000999985],
			[37.567740001,
			0.314572],
			[37.567866,
			0.31475100099999],
			[37.567992,
			0.314948],
			[37.568101,
			0.315056],
			[37.568245,
			0.315271],
			[37.56839,
			0.315414001000022],
			[37.568473000999973,
			0.315508],
			[37.568517,
			0.315558],
			[37.56868,
			0.315702],
			[37.568825,
			0.31580999900001],
			[37.568972,
			0.315954998999985],
			[37.569119,
			0.316135],
			[37.569265,
			0.316316],
			[37.569393,
			0.31642499899999],
			[37.569522,
			0.316569999000023],
			[37.569687000999977,
			0.316750999000021],
			[37.569779000999972,
			0.316896000999975],
			[37.569945,
			0.317077],
			[37.570110000999989,
			0.317241001000014],
			[37.570258001000013,
			0.317386000999988],
			[37.570404999,
			0.31754999899999],
			[37.570535001,
			0.317768],
			[37.570664,
			0.317932],
			[37.570812000999979,
			0.318131999],
			[37.570923,
			0.318259],
			[37.571071001,
			0.318442],
			[37.571182,
			0.31862399900001],
			[37.571275,
			0.318806],
			[37.571368,
			0.319006],
			[37.571558,
			0.319426],
			[37.571773,
			0.319985],
			[37.571863001,
			0.320182999],
			[37.571972,
			0.320381999],
			[37.572062,
			0.320563],
			[37.572152,
			0.320743],
			[37.572242001,
			0.320942],
			[37.572296000999984,
			0.321105],
			[37.572387000999981,
			0.321286],
			[37.572495,
			0.321503],
			[37.572603999000023,
			0.321702],
			[37.572676,
			0.321902],
			[37.572749,
			0.32208300100001],
			[37.572803,
			0.322282],
			[37.572893,
			0.322482],
			[37.572966,
			0.322754001000021],
			[37.573057001,
			0.32295399899999],
			[37.573129,
			0.323153999],
			[37.573202,
			0.323355],
			[37.573257,
			0.323501],
			[37.573311,
			0.323756],
			[37.57333,
			0.323939000999985],
			[37.57333,
			0.323957],
			[37.573593910999989,
			0.325916393],
			[37.573714,
			0.326808],
			[37.573861,
			0.327321],
			[37.573897,
			0.327504],
			[37.573916,
			0.327687],
			[37.573916,
			0.327907],
			[37.573915999,
			0.328108],
			[37.573910001,
			0.328568],
			[37.573925,
			0.328713],
			[37.573984,
			0.328872],
			[37.574057001000028,
			0.329032],
			[37.5741,
			0.329191001000027],
			[37.574188,
			0.329365],
			[37.574231,
			0.329467],
			[37.57429,
			0.329655],
			[37.574333001000014,
			0.329771999],
			[37.574406,
			0.329931],
			[37.574463998999988,
			0.330076],
			[37.574537,
			0.330236],
			[37.574552,
			0.33028],
			[37.575708,
			0.332472],
			[37.576863,
			0.334372],
			[37.578625999,
			0.337015],
			[37.580399000999989,
			0.339791],
			[37.580562,
			0.340202],
			[37.580635,
			0.340364],
			[37.580724,
			0.340555],
			[37.580768001000024,
			0.34068700099999],
			[37.580827,
			0.340863],
			[37.580872,
			0.34100999899999],
			[37.580901,
			0.341187],
			[37.580917,
			0.341349],
			[37.580946,
			0.341525],
			[37.58096100099999,
			0.341643],
			[37.580991,
			0.341834],
			[37.580992,
			0.341981],
			[37.580992,
			0.342158],
			[37.581007,
			0.34229],
			[37.580964999,
			0.342659],
			[37.580847,
			0.343313001000013],
			[37.580637,
			0.344481],
			[37.580698,
			0.344837],
			[37.580699,
			0.345001],
			[37.580641,
			0.345179],
			[37.580672,
			0.345343],
			[37.58067300099998,
			0.34553599899999],
			[37.580673,
			0.34567],
			[37.580675,
			0.345894],
			[37.580705,
			0.346072],
			[37.580735,
			0.346192],
			[37.580921999,
			0.346914001000016],
			[37.581376,
			0.347925],
			[37.581456,
			0.348104001000024],
			[37.581769,
			0.348685999],
			[37.581843,
			0.348849],
			[37.581933,
			0.349042],
			[37.581993001,
			0.349175],
			[37.582023,
			0.34925],
			[37.582112,
			0.349413],
			[37.582188,
			0.349606000999984],
			[37.582247998000014,
			0.349769],
			[37.582338000999982,
			0.34994799899999],
			[37.582383000999982,
			0.350037000999976],
			[37.582472,
			0.350185],
			[37.582561000999988,
			0.350362999000026],
			[37.582665,
			0.350540998999975],
			[37.582754001000012,
			0.35069],
			[37.582842001000017,
			0.350868],
			[37.582903000999977,
			0.351031],
			[37.582964,
			0.351194998999972],
			[37.583009,
			0.351329001000011],
			[37.58307,
			0.351493],
			[37.583131001000027,
			0.351672],
			[37.583147000999986,
			0.351822001000016],
			[37.583192999,
			0.352001],
			[37.583209,
			0.352120999000022],
			[37.583256001,
			0.352315],
			[37.58330300099999,
			0.35257],
			[37.583321,
			0.352810001000023],
			[37.583322,
			0.352869999],
			[37.583281000999989,
			0.354143001000011],
			[37.583296,
			0.355504999],
			[37.58328,
			0.357111],
			[37.584252,
			0.360628],
			[37.586167000999978,
			0.36342],
			[37.587571001000015,
			0.366273998999986],
			[37.590546001,
			0.381091001000016],
			[37.591844001000027,
			0.387796],
			[37.593140999000013,
			0.393570001],
			[37.594450329999972,
			0.39982850199999],
			[37.594536,
			0.400237999000012],
			[37.595422000999974,
			0.404554],
			[37.596604001,
			0.411340999],
			[37.597065,
			0.413483],
			[37.597106669000027,
			0.413677095000025],
			[37.598302,
			0.419245],
			[37.60069,
			0.426764],
			[37.600944645000027,
			0.42755920899998]]]
		}
	},
	{
		"type": "Feature",
		"properties": {
			"roadclass": "Minor tracks -",
			"stroke": "#ffffff",
			"stroke-opacity": 0.9,
			"stroke-width": 1.2,
			"srftyp": null,
			"collect_us": "Barnerd Lesowapir"
		},
		"geometry": {
			"type": "MultiLineString",
			"coordinates": [[[37.484885999000028,
			0.194613],
			[37.490595,
			0.199160999000014],
			[37.491081998000027,
			0.199184],
			[37.491384,
			0.199345],
			[37.491780001,
			0.199529]],
			[[37.429084000999978,
			0.16937599900001],
			[37.429081817,
			0.16936583099999],
			[37.429048998999974,
			0.169213001],
			[37.429051001,
			0.169045],
			[37.428972000999977,
			0.168785001],
			[37.428911,
			0.168539],
			[37.428857,
			0.168386999],
			[37.428853,
			0.168264],
			[37.428851,
			0.16817],
			[37.428884000999972,
			0.168055998999989],
			[37.42903,
			0.167895],
			[37.429094,
			0.167852],
			[37.429193,
			0.167776],
			[37.429295001000014,
			0.16765],
			[37.42937,
			0.167551999000011],
			[37.429475,
			0.167408],
			[37.42965300100002,
			0.167211],
			[37.429715,
			0.16706],
			[37.429906001,
			0.167115],
			[37.430065,
			0.167126999],
			[37.430152,
			0.167215],
			[37.430260001000022,
			0.16727],
			[37.430413,
			0.167425001000026],
			[37.430501,
			0.167536000999974],
			[37.430506,
			0.167692000999978]],
			[[37.469456001000026,
			0.229812001000028],
			[37.469387,
			0.229913],
			[37.469332,
			0.230008],
			[37.469270000999984,
			0.230063001000019],
			[37.46919,
			0.230137],
			[37.469104001,
			0.230185],
			[37.469031,
			0.230252001],
			[37.468947,
			0.230317],
			[37.468934,
			0.23033],
			[37.468715,
			0.230536],
			[37.468507000999978,
			0.230706],
			[37.468244001000016,
			0.230922],
			[37.468034,
			0.231043],
			[37.467864,
			0.231168],
			[37.467708001,
			0.231256],
			[37.467635,
			0.231309001],
			[37.46752,
			0.231361],
			[37.467414001,
			0.231419999000025],
			[37.467336000999978,
			0.231418],
			[37.467235,
			0.231416],
			[37.467182,
			0.231396],
			[37.467100001,
			0.231359],
			[37.46706,
			0.231328],
			[37.466996000999984,
			0.231333001],
			[37.466937,
			0.231362],
			[37.466868,
			0.23139],
			[37.466735001000018,
			0.23147],
			[37.466663,
			0.231471999],
			[37.466522000999987,
			0.231506],
			[37.466459998999987,
			0.231514],
			[37.466355,
			0.231523],
			[37.466249,
			0.231532001],
			[37.466203,
			0.231489],
			[37.466177,
			0.231419999000025],
			[37.466217,
			0.231335],
			[37.466274000999988,
			0.231262]],
			[[37.464862,
			0.254483999],
			[37.464839,
			0.254516],
			[37.464752001000022,
			0.254607],
			[37.464658,
			0.254749],
			[37.464636000999974,
			0.254876],
			[37.464614000999973,
			0.254996],
			[37.464618,
			0.255134],
			[37.464706,
			0.255255],
			[37.464725,
			0.255342],
			[37.464752001000022,
			0.255447],
			[37.464807,
			0.255569],
			[37.464914,
			0.255683],
			[37.464968000999988,
			0.255833],
			[37.465058,
			0.255974998999989],
			[37.465140001,
			0.25610000099999],
			[37.465228,
			0.256236],
			[37.465325,
			0.256391],
			[37.465373000999989,
			0.256483],
			[37.465375000999984,
			0.256613],
			[37.465326,
			0.25675],
			[37.465308,
			0.256847000999983],
			[37.465256001,
			0.256935],
			[37.465254001,
			0.257042999000021],
			[37.465295001000015,
			0.257126],
			[37.465283999,
			0.257271],
			[37.465255001,
			0.257416],
			[37.465175,
			0.257531],
			[37.465139,
			0.257647001],
			[37.465145,
			0.257766],
			[37.465133001000027,
			0.257948999],
			[37.465139,
			0.258052],
			[37.46515800100002,
			0.258252],
			[37.46515,
			0.258427],
			[37.465116001000013,
			0.258592],
			[37.465056000999986,
			0.258711],
			[37.464921,
			0.258907],
			[37.464906,
			0.259024],
			[37.464937,
			0.259112999000024],
			[37.464968,
			0.259203001],
			[37.464953,
			0.259293],
			[37.464911001000019,
			0.259402],
			[37.464895001,
			0.259511998999983],
			[37.46486,
			0.259649],
			[37.464889,
			0.259796999],
			[37.464888,
			0.260001999],
			[37.464908,
			0.26017],
			[37.464885,
			0.260311],
			[37.464808,
			0.260480001000019],
			[37.464705,
			0.260639001000015],
			[37.464626,
			0.260759001],
			[37.464497,
			0.26087],
			[37.464437001000022,
			0.260848999000018],
			[37.464398,
			0.260763],
			[37.464256001000024,
			0.260647001],
			[37.464162,
			0.260635001000026],
			[37.464002000999983,
			0.260631],
			[37.463920998999981,
			0.260656],
			[37.463836,
			0.260736],
			[37.463776,
			0.260844999000028],
			[37.463699001,
			0.26098],
			[37.463647001000027,
			0.261079],
			[37.463563,
			0.261167],
			[37.463463,
			0.261226998999973],
			[37.463290001000018,
			0.261302],
			[37.46319,
			0.261353],
			[37.463096001,
			0.261348000999988],
			[37.462994,
			0.261342],
			[37.46281000099998,
			0.261361],
			[37.462688,
			0.261411],
			[37.462604000999988,
			0.261441],
			[37.462421001,
			0.26145599900002],
			[37.462272000999974,
			0.261473998999975],
			[37.46219,
			0.261478],
			[37.462115000999972,
			0.261483],
			[37.462011,
			0.261523],
			[37.461856,
			0.261566999000024],
			[37.461702,
			0.261629998999979],
			[37.46154900099998,
			0.261717998999984],
			[37.461379998999973,
			0.261830998999983],
			[37.461237000999972,
			0.261908999000013],
			[37.461130001000015,
			0.261927],
			[37.461,
			0.261941],
			[37.460873,
			0.261928],
			[37.460723,
			0.261939],
			[37.460598,
			0.261952],
			[37.460514,
			0.261951],
			[37.460435,
			0.261986998999987],
			[37.460343001000012,
			0.262019999000017],
			[37.460283,
			0.262029],
			[37.460144,
			0.262035998999977],
			[37.4601,
			0.26203],
			[37.459964997999975,
			0.261995],
			[37.459894,
			0.261953],
			[37.459817,
			0.261904],
			[37.459767000999989,
			0.261882],
			[37.459697,
			0.261851],
			[37.459591000999978,
			0.261832],
			[37.459509001000015,
			0.261774999000011],
			[37.45941,
			0.26166],
			[37.45935,
			0.261615],
			[37.459283,
			0.261585],
			[37.459201,
			0.261461999],
			[37.459046,
			0.261392999],
			[37.458990001000018,
			0.261358998999981],
			[37.458824,
			0.261297],
			[37.458763,
			0.261241],
			[37.458634001,
			0.261189],
			[37.458491001000027,
			0.261115],
			[37.458395,
			0.26108100099998],
			[37.458321001,
			0.261040998999988],
			[37.458207001,
			0.260939],
			[37.45812,
			0.260884],
			[37.458060000999978,
			0.260845],
			[37.457961001,
			0.260797],
			[37.457848,
			0.260704998999984],
			[37.457742,
			0.260651],
			[37.457672,
			0.26059],
			[37.457588,
			0.260529001],
			[37.457518000999983,
			0.260462],
			[37.457456,
			0.26038699899999],
			[37.457394001000011,
			0.260335],
			[37.457282997999982,
			0.260261001],
			[37.457208,
			0.260208998999985],
			[37.457152,
			0.260157],
			[37.457082,
			0.260099],
			[37.457003000999975,
			0.260069000999977],
			[37.456926001,
			0.260004],
			[37.456863000999988,
			0.25996],
			[37.456792998000026,
			0.259895],
			[37.456731,
			0.259837],
			[37.456675,
			0.259786],
			[37.456591,
			0.259728],
			[37.456511,
			0.259605],
			[37.456377,
			0.259497],
			[37.456309001000022,
			0.259382],
			[37.456227,
			0.259324],
			[37.456219,
			0.259325]],
			[[37.513973001000011,
			0.231909],
			[37.513898000999973,
			0.231671],
			[37.513836001000016,
			0.231489001],
			[37.513871999,
			0.231252],
			[37.513887001,
			0.231089],
			[37.513979,
			0.23091],
			[37.514271998000027,
			0.230727],
			[37.514534001000015,
			0.230514],
			[37.514744,
			0.230336],
			[37.514978000999974,
			0.230111],
			[37.51514,
			0.229953998999974],
			[37.515288,
			0.229631],
			[37.515385001000027,
			0.229432],
			[37.515378000999988,
			0.229233998999973],
			[37.515371,
			0.229019000999983],
			[37.515288000999988,
			0.228714001000014],
			[37.515187,
			0.22834],
			[37.515095,
			0.22819800100001],
			[37.514909000999978,
			0.227895],
			[37.514761,
			0.227787],
			[37.514564001,
			0.22775],
			[37.514241,
			0.22767600100002],
			[37.51389,
			0.22758],
			[37.513644,
			0.227380000999972],
			[37.513317,
			0.227356],
			[37.513117,
			0.227282],
			[37.512918,
			0.227001998999981],
			[37.51283,
			0.226845998999977],
			[37.512579001,
			0.226584],
			[37.512434,
			0.226512001],
			[37.512251000999981,
			0.226199001],
			[37.511894,
			0.226125],
			[37.51161,
			0.226105],
			[37.511296,
			0.226017],
			[37.511155,
			0.225793],
			[37.510945,
			0.22569],
			[37.510770998999988,
			0.225603],
			[37.510407,
			0.225448001000018],
			[37.510199,
			0.22532800099998],
			[37.50994,
			0.225309],
			[37.509751,
			0.225342],
			[37.509459000999982,
			0.225239],
			[37.509251999000014,
			0.225086],
			[37.509114,
			0.224919],
			[37.508942,
			0.224798001000011],
			[37.508722,
			0.224663],
			[37.508552999000017,
			0.22452800100001],
			[37.508384001000024,
			0.224461001],
			[37.50818,
			0.224412],
			[37.508037,
			0.224296],
			[37.507758,
			0.224175],
			[37.507573,
			0.224091],
			[37.50732100099998,
			0.224074998999981],
			[37.507086,
			0.223923999000021],
			[37.506802000999983,
			0.223874],
			[37.506484,
			0.223791],
			[37.506250001000012,
			0.223707999],
			[37.506051,
			0.223675],
			[37.505885,
			0.223609],
			[37.505686,
			0.22346],
			[37.505537,
			0.223328],
			[37.505405000999986,
			0.22316299900001],
			[37.505273,
			0.22294800100002],
			[37.504366,
			0.222257999000021],
			[37.504195,
			0.222122],
			[37.504059000999973,
			0.222038],
			[37.50387,
			0.221868],
			[37.503647,
			0.221683],
			[37.503111,
			0.221463],
			[37.501921001000028,
			0.220906],
			[37.499862,
			0.220011],
			[37.49978,
			0.219960999000023],
			[37.499583,
			0.219814],
			[37.498978,
			0.218733],
			[37.498909001000015,
			0.21853699899998],
			[37.498712,
			0.218229],
			[37.497424,
			0.215873],
			[37.496674,
			0.21441199899999],
			[37.49649800100002,
			0.214215],
			[37.496214,
			0.214102],
			[37.495521,
			0.213913999],
			[37.495394,
			0.213861],
			[37.495142999,
			0.213835001],
			[37.495017,
			0.213815],
			[37.494830001000025,
			0.213710000999981],
			[37.494580000999974,
			0.213635],
			[37.494472,
			0.21363],
			[37.494379,
			0.213327],
			[37.49424000099998,
			0.213088],
			[37.494225,
			0.212805],
			[37.494164,
			0.2126],
			[37.494149000999982,
			0.212365998999985],
			[37.494042,
			0.21213],
			[37.493814,
			0.211816],
			[37.492617,
			0.20985],
			[37.492543001,
			0.209684],
			[37.492457,
			0.209341],
			[37.492152,
			0.207502],
			[37.49215300100002,
			0.207427],
			[37.492065001000014,
			0.207168001000014],
			[37.491935,
			0.206983],
			[37.491015,
			0.206205999000019],
			[37.490771,
			0.205993],
			[37.490963001000011,
			0.204508001000022],
			[37.490981,
			0.204376],
			[37.490984,
			0.20425799899999],
			[37.491021,
			0.203964],
			[37.491021,
			0.203612998999972],
			[37.491023000999974,
			0.203555],
			[37.491135,
			0.203221],
			[37.49122300099998,
			0.203048],
			[37.491283001,
			0.202818001000026],
			[37.491386,
			0.202617],
			[37.491502001000015,
			0.202416],
			[37.491619001,
			0.202158],
			[37.49163500100002,
			0.201986],
			[37.491638,
			0.201744],
			[37.491654000999972,
			0.20153],
			[37.491629000999978,
			0.201303000999985],
			[37.49163,
			0.201161],
			[37.491575,
			0.201034],
			[37.491506999000023,
			0.20085],
			[37.491413,
			0.200512],
			[37.491416001,
			0.200302],
			[37.491421,
			0.199993],
			[37.491436,
			0.199895],
			[37.491780001,
			0.199529],
			[37.491963723000026,
			0.19948748500002],
			[37.491988,
			0.199481999],
			[37.496156,
			0.20083],
			[37.496557,
			0.201134],
			[37.49667499899999,
			0.201321],
			[37.496725,
			0.20157899899999],
			[37.496705,
			0.20188299900002],
			[37.496708,
			0.202165],
			[37.496617001,
			0.202493],
			[37.496665,
			0.202822],
			[37.49683600100002,
			0.203152],
			[37.501645,
			0.205571],
			[37.502973,
			0.206289001000016],
			[37.50745600099998,
			0.209197],
			[37.507763,
			0.209257],
			[37.508374,
			0.209202],
			[37.508689,
			0.209143],
			[37.508920000999979,
			0.208953],
			[37.509395,
			0.208825],
			[37.509632001,
			0.208735],
			[37.509900001,
			0.208647],
			[37.510257001000014,
			0.208578],
			[37.510534,
			0.208679001],
			[37.51098600099999,
			0.208955],
			[37.511523,
			0.20912099899999],
			[37.511868,
			0.209291999000015],
			[37.512289001,
			0.20954],
			[37.512713,
			0.209816000999979],
			[37.513141999000027,
			0.210024],
			[37.513451,
			0.210284],
			[37.513683,
			0.210467],
			[37.513839001,
			0.210624],
			[37.514538,
			0.21115],
			[37.515448,
			0.211811001],
			[37.515959001,
			0.212070000999972],
			[37.516674,
			0.212382],
			[37.517417,
			0.212721],
			[37.520400000999985,
			0.213832001000014],
			[37.520994,
			0.214122],
			[37.521337,
			0.214261],
			[37.521785,
			0.214478],
			[37.52197,
			0.214586],
			[37.522491998000021,
			0.214696],
			[37.522959001,
			0.214931],
			[37.523393,
			0.215031],
			[37.523585,
			0.215247001000023],
			[37.524006,
			0.215408998999976],
			[37.524507001000018,
			0.215573],
			[37.524952000999974,
			0.215656],
			[37.525272,
			0.215397]],
			[[37.418872578999981,
			0.128825017999986],
			[37.418755538000028,
			0.128846545999977],
			[37.418639273,
			0.128900381999983],
			[37.418521613999985,
			0.128900389000023],
			[37.418424331999972,
			0.128857325000013],
			[37.418327108000028,
			0.128814287000012],
			[37.418218541999977,
			0.128739032],
			[37.41809987,
			0.128685328000017],
			[37.418024437999975,
			0.128653123999982],
			[37.417863212999976,
			0.128599486999974],
			[37.41776633500001,
			0.128556603999982],
			[37.417605510999977,
			0.128513751000014],
			[37.417498102000025,
			0.128470919999984],
			[37.417422918999989,
			0.12843881399999],
			[37.417240683999978,
			0.128374646],
			[37.417175945,
			0.128321212],
			[37.41703671099998,
			0.128267822],
			[37.416898274999987,
			0.128267828999981],
			[37.416791784999987,
			0.12826783600002],
			[37.41665395199999,
			0.128321240999981],
			[37.416601619,
			0.128406762999987],
			[37.416613569999981,
			0.128524519],
			[37.416710707999982,
			0.128621002999978],
			[37.416786479,
			0.128706876000024],
			[37.416808371,
			0.128749853999977],
			[37.416746945999989,
			0.128975912999977],
			[37.416705263999972,
			0.129073016],
			[37.416642091000028,
			0.129170250000016],
			[37.416546665,
			0.129267619000018],
			[37.41645078900001,
			0.12933260599999],
			[37.416268779,
			0.129375970000012],
			[37.416171940000027,
			0.129343457],
			[37.416042964999974,
			0.129310960999987],
			[37.41592484,
			0.129289307000022],
			[37.41579602600001,
			0.129267659999982],
			[37.415677925000011,
			0.129235197000014],
			[37.415581356000018,
			0.129213564999986],
			[37.415463252999984,
			0.129148697],
			[37.415334568999981,
			0.129094688],
			[37.41525953199999,
			0.129051509000021],
			[37.41515237599998,
			0.128943666],
			[37.415056075999985,
			0.128879040000015],
			[37.414949174000014,
			0.128814472999977],
			[37.414810331000012,
			0.12873922],
			[37.414746338999976,
			0.12868551299999],
			[37.414682501000016,
			0.128588939999986],
			[37.414405867000028,
			0.128396194],
			[37.414310324999974,
			0.12832137700002],
			[37.414214819999984,
			0.12825730899999],
			[37.414087755000025,
			0.128150657999981],
			[37.41400333199999,
			0.128054806000023],
			[37.413908143000015,
			0.127990979],
			[37.413791978,
			0.127905962999989],
			[37.413067160000026,
			0.127324208],
			[37.411416,
			0.125720238999975],
			[37.41098682400002,
			0.125370987],
			[37.41084198499999,
			0.12533001700001],
			[37.410636278000027,
			0.125237916],
			[37.408316078999974,
			0.124358518],
			[37.406705339999974,
			0.123704569999973],
			[37.406273285,
			0.12354726],
			[37.40606277,
			0.123484435000023],
			[37.405789598000013,
			0.123379849],
			[37.405695083000012,
			0.123348503999978],
			[37.405579199999977,
			0.123348510000028],
			[37.405473852,
			0.123348514999975],
			[37.405346904999988,
			0.123390326999981],
			[37.405251647,
			0.1234217],
			[37.405145214000015,
			0.123494957999981],
			[37.40501788,
			0.123547331999987],
			[37.404890290000026,
			0.123610230999986],
			[37.404784222999979,
			0.123641705000011],
			[37.404688486999987,
			0.12368368599999],
			[37.404560624999988,
			0.123746708],
			[37.40334513,
			0.12376779499999],
			[37.40311177699999,
			0.12379934400002],
			[37.403026008999973,
			0.123841420000019],
			[37.402928367000015,
			0.123925643],
			[37.402851778000013,
			0.124009966000017],
			[37.40279627699999,
			0.124094387000014],
			[37.402740058,
			0.124200056],
			[37.40269403100001,
			0.12431647],
			[37.402649598999972,
			0.124380050000013],
			[37.402477402999978,
			0.124533353],
			[37.402211431000012,
			0.124652995000019],
			[37.402104366,
			0.12467477199999],
			[37.401997935999987,
			0.124729237999986],
			[37.401912518000017,
			0.124761934999981],
			[37.401805743000011,
			0.124805556000013],
			[37.401087484000016,
			0.12501313199999],
			[37.400894153000024,
			0.125067855],
			[37.40067872899999,
			0.12508976399999],
			[37.400420199999985,
			0.125122636000015],
			[37.399525123999979,
			0.125210380999988],
			[37.399071784,
			0.12526527],
			[37.398402495000028,
			0.125221415],
			[37.398067778999973,
			0.125232407],
			[37.397517429,
			0.1252105],
			[37.396505475000026,
			0.125057169],
			[37.395785744000023,
			0.124936917000014],
			[37.395164968000017,
			0.124784139999974],
			[37.393969517000016,
			0.124501271999975],
			[37.396078803000023,
			0.129546875000017],
			[37.396056081999973,
			0.129669202],
			[37.395984692000013,
			0.129727256000024],
			[37.386253220000015,
			0.133504593999987],
			[37.385361018000026,
			0.13380035],
			[37.384886107999989,
			0.133887436],
			[37.382957421000015,
			0.134174108000025],
			[37.38233047,
			0.134362633000023],
			[37.381690724,
			0.134586870000021],
			[37.380928563999987,
			0.13498819900002],
			[37.380703897999979,
			0.13513677100002],
			[37.380389177999973,
			0.135316010999986],
			[37.379817159000027,
			0.13553752199999],
			[37.379565559000014,
			0.135544604000017],
			[37.378999396999973,
			0.135516372999973],
			[37.378570238,
			0.135509351],
			[37.378250224999988,
			0.135551733999989],
			[37.377988914000014,
			0.13560161700002],
			[37.377586773000019,
			0.135680967999974],
			[37.377324632000011,
			0.13570282500001],
			[37.376756093999973,
			0.135673755000028],
			[37.376529192000021,
			0.135652046000018],
			[37.376414238,
			0.135630417000016],
			[37.376279716999989,
			0.135587421000025],
			[37.376078903,
			0.135509491999983],
			[37.375865671999975,
			0.135425785],
			[37.375714247000019,
			0.135384435999981],
			[37.375622075000024,
			0.13538444400001],
			[37.375581076,
			0.1354675],
			[37.375570101999983,
			0.135566102999974],
			[37.375518751000016,
			0.135739557000022],
			[37.375479111999987,
			0.135873457],
			[37.375398733999987,
			0.137287289000028],
			[37.375243888,
			0.139964084999974],
			[37.375048871999979,
			0.146426481999981],
			[37.368411986000012,
			0.14659402699999],
			[37.368178235000016,
			0.146599928],
			[37.357083629999977,
			0.14688],
			[37.356983897000021,
			0.146952703000011],
			[37.356920627000022,
			0.14699955899999],
			[37.356868395999982,
			0.147013037000022],
			[37.356819052999981,
			0.14704009799999],
			[37.356745505999982,
			0.147046891],
			[37.356678773,
			0.147046898999974],
			[37.356612043999974,
			0.147046902999989],
			[37.356547971,
			0.14706051600001],
			[37.356497852000018,
			0.147060518999979],
			[37.356440632999977,
			0.147067341000025],
			[37.356379332000017,
			0.147067345999972],
			[37.356323601999975,
			0.147067350999976],
			[37.356251154,
			0.147067357000026],
			[37.356182994999983,
			0.147094732000028],
			[37.35612181800002,
			0.147115369],
			[37.356073407,
			0.147129177000011],
			[37.355932757999987,
			0.147212845000013],
			[37.35588729,
			0.147233992],
			[37.355805119000024,
			0.147283694],
			[37.355760616999987,
			0.147319504],
			[37.355684294000014,
			0.147384629999976],
			[37.355627324000011,
			0.14742118700002],
			[37.355553826,
			0.147472825000023],
			[37.355465541,
			0.14753250199999],
			[37.355383430000018,
			0.147570168000016],
			[37.355305097999974,
			0.147671245000026],
			[37.355267781,
			0.147733136999989],
			[37.35525643599999,
			0.147838233000016],
			[37.35525305499999,
			0.147861768999974],
			[37.355248094999979,
			0.147881921000021],
			[37.35524781700002,
			0.147904155999981],
			[37.355245964,
			0.147924771000021],
			[37.355239109000024,
			0.147957082],
			[37.355237441999975,
			0.14796092],
			[37.355228855,
			0.147991902],
			[37.355216451999979,
			0.148043337999979],
			[37.355206119,
			0.148063488999981],
			[37.355197190000013,
			0.148090001000014],
			[37.355193595,
			0.148100293000027],
			[37.355184612000016,
			0.148123127000019],
			[37.355165182,
			0.148152573],
			[37.35514617299998,
			0.148163195999985],
			[37.355126435999978,
			0.148188923000021],
			[37.355120193999987,
			0.148214982000013],
			[37.35511752299999,
			0.148236954000026],
			[37.355116463,
			0.148261402],
			[37.35512035,
			0.148292943],
			[37.355119487000024,
			0.148313477999977],
			[37.35512047899999,
			0.148331901],
			[37.355122490999975,
			0.148369241000012],
			[37.355123221999975,
			0.148395304000019],
			[37.355120054,
			0.148428943],
			[37.355113808,
			0.148448405000011],
			[37.355110943999989,
			0.148472985000012],
			[37.35509264699999,
			0.148512901],
			[37.355088599999988,
			0.148520468000015],
			[37.355074263,
			0.148548439000024],
			[37.35506949400002,
			0.14856900699999],
			[37.355059684000025,
			0.148613359000024],
			[37.355057725,
			0.148650558999975],
			[37.355055876999984,
			0.148685662999981],
			[37.355050576999986,
			0.148713040000018],
			[37.355037354999979,
			0.148777282000026],
			[37.355023421,
			0.148849192],
			[37.355017202999989,
			0.148887477000017],
			[37.355008864000013,
			0.148926392000021],
			[37.354995362000011,
			0.148981341000024],
			[37.354941574,
			0.149142504999986],
			[37.354938436999987,
			0.14916337],
			[37.35493468300001,
			0.14918832799998],
			[37.354921681,
			0.149231320000013],
			[37.354912504000026,
			0.149259186999984],
			[37.354905793,
			0.149281363999989],
			[37.354899322999984,
			0.149301746999981],
			[37.354887529999985,
			0.14934525000001],
			[37.354882913999973,
			0.149374790000024],
			[37.354880577000017,
			0.14938972499999],
			[37.354880633999983,
			0.149411255000018],
			[37.35487795,
			0.149439590999975],
			[37.354875934,
			0.149475016999986],
			[37.35487072799998,
			0.149520175000021],
			[37.354862551999986,
			0.149573351000015],
			[37.354858567,
			0.149599267999974],
			[37.354853375,
			0.14964479299999],
			[37.354848511,
			0.14967651],
			[37.354844719000027,
			0.149701229000016],
			[37.354839339000023,
			0.149736318],
			[37.354831612,
			0.149774549000028],
			[37.35480751,
			0.149845078999988],
			[37.354805457999987,
			0.14988254299999],
			[37.35480357199998,
			0.149906961999989],
			[37.354797803999986,
			0.149931646000027],
			[37.35478482799999,
			0.14996498],
			[37.354771361000019,
			0.15001304499998],
			[37.354760399999975,
			0.150044684000022],
			[37.35473843699998,
			0.150094438999986],
			[37.354698067000015,
			0.150145039999984],
			[37.354685275,
			0.150159116999987],
			[37.354666472000019,
			0.150181244],
			[37.354641290000018,
			0.150219849],
			[37.354583951,
			0.150303099999974],
			[37.354572040999983,
			0.150323672000013],
			[37.354564534000019,
			0.150337518000015],
			[37.35453780099999,
			0.15038326199999],
			[37.354525747000025,
			0.150402965000012],
			[37.354515097999979,
			0.150430175],
			[37.354507910999985,
			0.15044854199999],
			[37.354496928,
			0.150483939000026],
			[37.354491489999987,
			0.150508548],
			[37.354494826,
			0.150537346000021],
			[37.354500687999973,
			0.15056266],
			[37.354502986,
			0.150582359999987],
			[37.354510577999974,
			0.150616319999983],
			[37.354513805000011,
			0.150632507000012],
			[37.354519967999977,
			0.150650881999979],
			[37.354530368999974,
			0.150665291],
			[37.354543843999977,
			0.150698627999986],
			[37.354612025999984,
			0.150780101],
			[37.354690429000016,
			0.150874117],
			[37.354711996999981,
			0.150894832],
			[37.354715193,
			0.150897145999977],
			[37.354729452000015,
			0.150908758000014],
			[37.354765870999984,
			0.150941612],
			[37.354781909,
			0.150955853000028],
			[37.354804962,
			0.150972587000012],
			[37.354830963999973,
			0.15099672299999],
			[37.354845343000022,
			0.151013780000028],
			[37.354853891999987,
			0.15101868],
			[37.354884932,
			0.151053288000014],
			[37.354901066000025,
			0.151075832],
			[37.354927796000027,
			0.15110625599999],
			[37.354965697000011,
			0.151142291999975],
			[37.355053410999972,
			0.151208137000026],
			[37.35508470100001,
			0.15122692599999],
			[37.355108721000022,
			0.151243154999975],
			[37.355131229999984,
			0.151254041000016],
			[37.355165097,
			0.151273216999982],
			[37.355204909,
			0.151298110000027],
			[37.355225856,
			0.151314857999978],
			[37.355250862999981,
			0.151331727000013],
			[37.355283922000012,
			0.151345881],
			[37.355401943,
			0.151377325999988],
			[37.355437443000028,
			0.151377325999988],
			[37.355443359999981,
			0.151377326999977],
			[37.355467281000017,
			0.151385975999972],
			[37.35550514800002,
			0.151394659],
			[37.355544740000028,
			0.151394659],
			[37.355602147000013,
			0.15139466],
			[37.355637778000016,
			0.15139466],
			[37.35567341,
			0.15139466],
			[37.355689247999976,
			0.15139466],
			[37.355782568,
			0.151397562999989],
			[37.35581836099999,
			0.15141797299998],
			[37.355839843000012,
			0.151432661],
			[37.355846475000021,
			0.15143856200001],
			[37.355884146999983,
			0.151484270000026],
			[37.355895744,
			0.151503569999988],
			[37.355905499000016,
			0.151517064000018],
			[37.355916764000028,
			0.151530666999975],
			[37.355940546,
			0.151553584],
			[37.355962046,
			0.151565931999983],
			[37.355986212,
			0.15158775899999],
			[37.355998957,
			0.151597200000026],
			[37.356003171999987,
			0.15160828],
			[37.356018672,
			0.151627438999981],
			[37.35602782,
			0.15164194800002],
			[37.356048258999976,
			0.151674626999977],
			[37.356061286,
			0.151682893999975],
			[37.356089602999987,
			0.15171465899999],
			[37.356105349000018,
			0.151729907],
			[37.356126039,
			0.151757336],
			[37.356137787000023,
			0.151774693999982],
			[37.356146298,
			0.151790459999972],
			[37.356159022999975,
			0.151875066],
			[37.356149613000014,
			0.15188615],
			[37.356128231000014,
			0.151914151000028],
			[37.356112693999989,
			0.151940665999973],
			[37.356104077,
			0.151948311000012],
			[37.356094455999987,
			0.151973369000018],
			[37.356083574000024,
			0.152002696000011],
			[37.35607647,
			0.15202449100002],
			[37.356067635999977,
			0.152046531999986],
			[37.356065096,
			0.152066787000024],
			[37.356060865000018,
			0.152087256000016],
			[37.356054191,
			0.152116271000011],
			[37.356041824999977,
			0.152156341000023],
			[37.356018560999985,
			0.152210313000012],
			[37.356011135000017,
			0.152238956000019],
			[37.356004459000019,
			0.152259023],
			[37.355994651,
			0.15228381899999],
			[37.355982966,
			0.15230891499999],
			[37.35595953699999,
			0.152343632999987],
			[37.355918700000018,
			0.152390833000027],
			[37.35590502299999,
			0.152400399999976],
			[37.355883584000026,
			0.152402799000015],
			[37.355858809999972,
			0.152410010999972],
			[37.355821556000024,
			0.152422085000012],
			[37.355798489999984,
			0.15243179399999],
			[37.355760503999988,
			0.15243422899999],
			[37.355707951,
			0.152436666000028],
			[37.35567527500001,
			0.152436666000028],
			[37.355620750000014,
			0.152424508000024],
			[37.355577305,
			0.152424509000014],
			[37.355550150999989,
			0.15242451],
			[37.355542911999976,
			0.152424509000014],
			[37.355521187000022,
			0.15242451],
			[37.355468694000024,
			0.152424508000024],
			[37.355465073,
			0.152424508000024],
			[37.355445160999977,
			0.152424509000014],
			[37.355414492000023,
			0.152422085000012],
			[37.355376623999973,
			0.152419665000025],
			[37.355349643000011,
			0.152417248],
			[37.355331723,
			0.152414833000023],
			[37.355310374,
			0.152410010999972],
			[37.355281686000012,
			0.152407604000018],
			[37.355246025999975,
			0.1524028],
			[37.355201223999984,
			0.152400401000023],
			[37.35518502299999,
			0.152400401000023],
			[37.355158022000012,
			0.152400402000012],
			[37.35511635099999,
			0.1524028],
			[37.355075549999981,
			0.152412422999987],
			[37.355056887999979,
			0.152417249],
			[37.355007564999987,
			0.152434232000019],
			[37.354974597000023,
			0.15244889600001],
			[37.354929676999973,
			0.152468603999978],
			[37.354908771,
			0.152473559999976],
			[37.354872903,
			0.15249099499999],
			[37.354839469000012,
			0.152503533000015],
			[37.35482108299999,
			0.152513617000011],
			[37.35478823699998,
			0.152531375000024],
			[37.354746679000016,
			0.15255442],
			[37.354718322,
			0.152575109],
			[37.354701752999972,
			0.152582918],
			[37.354660577999987,
			0.15260914800001],
			[37.354647562000025,
			0.152617076000013],
			[37.354613942000015,
			0.152641033],
			[37.354551344000015,
			0.152681539000014],
			[37.354470750000019,
			0.152728336999985],
			[37.354433276,
			0.15274791600001],
			[37.354418088999978,
			0.152755716],
			[37.35440312899999,
			0.152766695000025],
			[37.354390570000021,
			0.152773],
			[37.354370782999979,
			0.152780912000026],
			[37.35434686799999,
			0.152793649999978],
			[37.354302845,
			0.15281778799999],
			[37.354281488000026,
			0.152832433000015],
			[37.354258707999975,
			0.15285215099999],
			[37.354247456999985,
			0.152867083999979],
			[37.354241682,
			0.152872091],
			[37.354227207,
			0.152885511000022],
			[37.354189170999973,
			0.15292466],
			[37.354178967,
			0.152941951],
			[37.354163923999977,
			0.152954154999975],
			[37.35414727,
			0.152968202000011],
			[37.354087142000026,
			0.153003797999986],
			[37.354071531999978,
			0.153014614000028],
			[37.354057398,
			0.153025492999973],
			[37.354038525000021,
			0.15303095500002],
			[37.354022738000026,
			0.15303643499999],
			[37.35399733700001,
			0.153047443999981],
			[37.353968510000016,
			0.153062223],
			[37.353957367000021,
			0.153064078999989],
			[37.353933387999973,
			0.153069657],
			[37.353902893999987,
			0.153077119999978],
			[37.353861130999974,
			0.153084614000022],
			[37.353831967000019,
			0.153092136],
			[37.35378305099999,
			0.153105374],
			[37.353737347999981,
			0.153114886000026],
			[37.353721654000026,
			0.153111076000016],
			[37.353694388,
			0.153111076000016],
			[37.353671932999987,
			0.153111077],
			[37.353655893999985,
			0.153111076000016],
			[37.353637806999984,
			0.153114886000026],
			[37.35357502,
			0.15312828399999],
			[37.353561083999978,
			0.153135984000016],
			[37.353523877999976,
			0.153147591999982],
			[37.353488372000015,
			0.153157317000023],
			[37.353473145,
			0.153161221],
			[37.353453323999986,
			0.153163178],
			[37.35342338800001,
			0.153167094000025],
			[37.353418169,
			0.153169053999989],
			[37.353400497999985,
			0.153176918999975],
			[37.353369492000013,
			0.153194733000021],
			[37.353293756000028,
			0.153220755],
			[37.353196884999988,
			0.15326328499998],
			[37.353176605999977,
			0.153269212999987],
			[37.353138840999975,
			0.153279128],
			[37.353115388999981,
			0.153287096999975],
			[37.353094036000016,
			0.15329911399999],
			[37.353063674,
			0.153319307],
			[37.353043894,
			0.153333567],
			[37.353018727,
			0.153345871999989],
			[37.352971700000012,
			0.15337488900002],
			[37.35295109399999,
			0.153387456000019],
			[37.352921902999981,
			0.153400101999978],
			[37.352887961000022,
			0.153419223000014],
			[37.352859720000026,
			0.153427781],
			[37.352856315999986,
			0.153427781],
			[37.352829654,
			0.153436374000023],
			[37.352791404000016,
			0.153453669999976],
			[37.35274756299998,
			0.153468928999985],
			[37.352720394000016,
			0.1534777],
			[37.35268965,
			0.153486508000015],
			[37.35267238,
			0.153486508000015],
			[37.35265511,
			0.153486508000015],
			[37.352608481,
			0.153486508000015],
			[37.35259292,
			0.153484301999981],
			[37.352558402,
			0.153479897000011],
			[37.352546331999974,
			0.153479897000011],
			[37.352522129000022,
			0.153486508000015],
			[37.352485699,
			0.153495355000018],
			[37.352461198000015,
			0.153506467],
			[37.35244197899999,
			0.153510928],
			[37.352426342,
			0.153510928],
			[37.352407230999972,
			0.153510928],
			[37.352376260000028,
			0.153504238999972],
			[37.352360541,
			0.153506467],
			[37.352342593,
			0.153517640000018],
			[37.352317301000028,
			0.153533385],
			[37.352282435,
			0.15355837200002],
			[37.352243784999985,
			0.153581350000024],
			[37.35222909700002,
			0.153588293999974],
			[37.352208650000023,
			0.153599917],
			[37.352178122999987,
			0.153623359999983],
			[37.35215489,
			0.153642304000016],
			[37.35213732599999,
			0.153656623000018],
			[37.352126042,
			0.153661418000013],
			[37.352091986999987,
			0.153692848999981],
			[37.352076812,
			0.153714881999974],
			[37.35206051099999,
			0.153729697000017],
			[37.352048061999987,
			0.15374212099999],
			[37.352008362999982,
			0.153795087999981],
			[37.35200488800001,
			0.153807891999975],
			[37.351992462999988,
			0.15384675199999],
			[37.351983951000022,
			0.153883646],
			[37.351985199000012,
			0.153918456999975],
			[37.351982796000016,
			0.153967560000012],
			[37.351993876999984,
			0.154034716000012],
			[37.351997218,
			0.15407192399999],
			[37.352002008,
			0.154098036999983],
			[37.352021111,
			0.154157122000015],
			[37.352025458000014,
			0.154172125],
			[37.352023452000026,
			0.154235992999986],
			[37.352024422,
			0.154245652999975],
			[37.352029018999986,
			0.154266767000024],
			[37.352033498000026,
			0.154281535],
			[37.352028522000012,
			0.154321529000015],
			[37.352023614000018,
			0.15435384],
			[37.352023092000024,
			0.154364165],
			[37.352016681,
			0.154404297999974],
			[37.352015633,
			0.1544096],
			[37.352007399,
			0.154467115999978],
			[37.352005858999973,
			0.154491001999986],
			[37.352002097000025,
			0.15452647],
			[37.352004822000026,
			0.1546917],
			[37.352009494000015,
			0.15472065599999],
			[37.352011088999973,
			0.15473949599999],
			[37.35201115699999,
			0.15476702699999],
			[37.352011903,
			0.154959201999986],
			[37.352039069,
			0.155077157999983],
			[37.352088118999973,
			0.155204543000025],
			[37.352142679999986,
			0.155320254],
			[37.35216113199999,
			0.155377758999975],
			[37.352171387,
			0.155392093999978],
			[37.352178232000028,
			0.155417165000017],
			[37.352181143,
			0.155435895999972],
			[37.352186263000021,
			0.15545076799998],
			[37.352198821,
			0.155476787],
			[37.352206299999978,
			0.155494836],
			[37.352212749999978,
			0.155511676],
			[37.35222238,
			0.155534401000011],
			[37.352230389999988,
			0.155551654000021],
			[37.352242047999987,
			0.155580815],
			[37.35224744300001,
			0.155598560999977],
			[37.352251325,
			0.155609],
			[37.352260597,
			0.155630073999987],
			[37.352267860999973,
			0.155646819000026],
			[37.352280657999984,
			0.155683935000013],
			[37.352284199,
			0.155717082000024],
			[37.352281695999977,
			0.15573309199999],
			[37.352280106000023,
			0.155762286000027],
			[37.35227652399999,
			0.155785332999983],
			[37.352274454999986,
			0.155798638000022],
			[37.352269214999978,
			0.155832346000011],
			[37.352269534000015,
			0.155859776],
			[37.352277870000023,
			0.15587539],
			[37.352285232999975,
			0.155898182999977],
			[37.352299175999974,
			0.15593022199999],
			[37.352334515999985,
			0.156005338999989],
			[37.352370399999984,
			0.15606420099999],
			[37.352371092999988,
			0.156071930999985],
			[37.352378531999989,
			0.156091393],
			[37.352397583000027,
			0.156124937000016],
			[37.352411642999982,
			0.156146955999986],
			[37.352424204999977,
			0.156169225999975],
			[37.352433777999977,
			0.156189693999977],
			[37.35244070499999,
			0.156204149000018],
			[37.352444601,
			0.156233379000014],
			[37.35244964899999,
			0.156269458999986],
			[37.352451454,
			0.15628666399999],
			[37.35245591099999,
			0.156312750999973],
			[37.352460424000014,
			0.156339176000017],
			[37.352459032000013,
			0.156354750999981],
			[37.352457426,
			0.156372696],
			[37.352453348999973,
			0.156418253000027],
			[37.352442048,
			0.156464825],
			[37.352430696999988,
			0.156490887000018],
			[37.35242642899999,
			0.15651727300002],
			[37.352403830000014,
			0.15656363],
			[37.352380473999972,
			0.156613526],
			[37.352368854000019,
			0.156654283000023],
			[37.352355194999973,
			0.156677543],
			[37.352343449999978,
			0.156716863999975],
			[37.352328570999987,
			0.156748825000022],
			[37.352320142999986,
			0.156773096999984],
			[37.35231454699999,
			0.156805871000017],
			[37.352307243999974,
			0.15683633499998],
			[37.352298873999985,
			0.156875699000011],
			[37.352292993999981,
			0.15690998299999],
			[37.352291009,
			0.156927313999972],
			[37.352308040000025,
			0.156997547],
			[37.35231810099998,
			0.157031053000026],
			[37.352324393,
			0.157056641],
			[37.352327077999973,
			0.157060945000012],
			[37.35233475299998,
			0.157094319],
			[37.352342666000027,
			0.157123895999973],
			[37.352345275999987,
			0.157137377000026],
			[37.35234778099999,
			0.157158566000021],
			[37.352348802999984,
			0.15718465399999],
			[37.352346977000025,
			0.157208008],
			[37.352346488000023,
			0.157238054],
			[37.352346069000021,
			0.157263764999982],
			[37.352345748999987,
			0.157283300000017],
			[37.352345373999981,
			0.157306369000025],
			[37.35234331800001,
			0.157339853],
			[37.352334793000011,
			0.157391286],
			[37.352331417000016,
			0.15740700399999],
			[37.352323024999976,
			0.157438856999988],
			[37.352312696000013,
			0.157480377000013],
			[37.352297204000024,
			0.157528458],
			[37.352272658,
			0.157595184],
			[37.352261941,
			0.157622543],
			[37.352249426000014,
			0.157650295],
			[37.35222653,
			0.157684535999977],
			[37.35221913700002,
			0.157700858999988],
			[37.352213156,
			0.157721455],
			[37.352199958000028,
			0.157750654999973],
			[37.352186449999977,
			0.157782423000015],
			[37.35217150599999,
			0.157806042],
			[37.352165747000015,
			0.157816871000023],
			[37.352152140999976,
			0.157843098],
			[37.352130527999975,
			0.157883082000012],
			[37.352124238999977,
			0.157898843],
			[37.352100619999987,
			0.157935329],
			[37.352067969000018,
			0.157991278],
			[37.352052915,
			0.158022217999985],
			[37.352009856,
			0.158120322],
			[37.352007329,
			0.158127863],
			[37.35199713899999,
			0.15815828699999],
			[37.351990967,
			0.158204731000012],
			[37.351987381000015,
			0.158223056999987],
			[37.351983170999972,
			0.158268202999977],
			[37.351982169,
			0.158278958999972],
			[37.351984141,
			0.15831975399999],
			[37.351991727999973,
			0.15836409100001],
			[37.351995289,
			0.158412154000018],
			[37.352002396999978,
			0.158467077000012],
			[37.352016197000012,
			0.15851733],
			[37.352020542999981,
			0.158538336999982],
			[37.35203006,
			0.158571725],
			[37.352050182000028,
			0.158627240999976],
			[37.352055292999978,
			0.158642014],
			[37.352056087999983,
			0.15865965099999],
			[37.352057482000021,
			0.158671975],
			[37.352057370000011,
			0.158685780999974],
			[37.352057444000025,
			0.158710930999973],
			[37.352055493000023,
			0.158729341000026],
			[37.352053520000027,
			0.158747958999982],
			[37.352048720000028,
			0.158779954000011],
			[37.352048723,
			0.158793221],
			[37.352046988999973,
			0.158809581000014],
			[37.352039981000019,
			0.158835183],
			[37.35203530299998,
			0.158851957000024],
			[37.352033474,
			0.158868899000026],
			[37.352023911,
			0.158903295000016],
			[37.35201437500001,
			0.158949705],
			[37.352011684999979,
			0.158987409000019],
			[37.352011161,
			0.159005730999979],
			[37.352012331000026,
			0.159022551000021],
			[37.352015997000024,
			0.159044659000017],
			[37.352018788,
			0.15907572499998],
			[37.352020080999978,
			0.159107330999973],
			[37.352020836,
			0.15914490900002],
			[37.35202209800002,
			0.159163077000017],
			[37.35202243399999,
			0.159190664999983],
			[37.352022203999979,
			0.159224317],
			[37.352020098000025,
			0.159245181000017],
			[37.352022810999983,
			0.159266278000018],
			[37.352022969000018,
			0.159297385],
			[37.352028729999972,
			0.159338993],
			[37.352031368999974,
			0.15936317500001],
			[37.352040137000017,
			0.15939382900001],
			[37.352051297,
			0.159437560000015],
			[37.352065575999973,
			0.159488741000018],
			[37.35207063199999,
			0.159510456000021],
			[37.352079151,
			0.159577027000012],
			[37.352106983999988,
			0.159652821],
			[37.352111019,
			0.159671616000026],
			[37.35212687,
			0.159702519],
			[37.352142662,
			0.159738745000027],
			[37.352159718,
			0.15979051],
			[37.35216727400001,
			0.159820653999986],
			[37.352178528000024,
			0.159853788000021],
			[37.352185088999988,
			0.159871838000015],
			[37.352203799999984,
			0.159913655000025],
			[37.35220900600001,
			0.159924233000027],
			[37.35223772400002,
			0.159967051000024],
			[37.35232468800001,
			0.160021743000016],
			[37.352330401000017,
			0.160027285000012],
			[37.352353487000016,
			0.160041197999988],
			[37.352392295000016,
			0.160058008000021],
			[37.35240790099999,
			0.160069281],
			[37.352451217,
			0.160100573000022],
			[37.352480919000016,
			0.16011205699999],
			[37.35251655899998,
			0.16011781899999],
			[37.352530538999986,
			0.16012359699999],
			[37.352556811999989,
			0.160141015000022],
			[37.352626505999979,
			0.16018810700001],
			[37.352653821999979,
			0.16021200900002],
			[37.352684153999974,
			0.160248317000026],
			[37.35270793799998,
			0.160303829999975],
			[37.352753362999977,
			0.160379249000016],
			[37.352756068000019,
			0.160381863999987],
			[37.35276586399999,
			0.16040560499999],
			[37.35277725899999,
			0.160433760999979],
			[37.352790184000014,
			0.160461046000023],
			[37.352794513999982,
			0.160469322999973],
			[37.35280373,
			0.160501447],
			[37.352808476,
			0.16051988800001],
			[37.35281005500002,
			0.160525602],
			[37.352823967,
			0.160563248000017],
			[37.35282407599999,
			0.160566179999989],
			[37.352833283,
			0.160585361000017],
			[37.352848756000014,
			0.160615307],
			[37.352858599,
			0.16064272],
			[37.352866924000011,
			0.160665907],
			[37.352871295,
			0.16069573499999],
			[37.352874539000027,
			0.160702077999986],
			[37.352880335,
			0.160729310000022],
			[37.352884650000021,
			0.160755332],
			[37.352887091000014,
			0.160773447999986],
			[37.352887528,
			0.160781745],
			[37.352888940000014,
			0.160808557999985],
			[37.352889923000021,
			0.160827229],
			[37.352890917000025,
			0.160846096],
			[37.35289706399999,
			0.160903904],
			[37.352901046999989,
			0.160978359000012],
			[37.352900751999982,
			0.161002602999986],
			[37.35290628199999,
			0.16110676400001],
			[37.352906491999988,
			0.161110732],
			[37.352900241999976,
			0.161148844000024],
			[37.352899923,
			0.161208482],
			[37.352899275000027,
			0.161263518],
			[37.352897654,
			0.161300336000011],
			[37.352899039000022,
			0.161328948],
			[37.352898701000015,
			0.161357966000026],
			[37.352897709999979,
			0.161373761999982],
			[37.35289549,
			0.161401125],
			[37.352891678999981,
			0.161433510999984],
			[37.352889914,
			0.161473519000026],
			[37.352889178,
			0.161497412000017],
			[37.352885754,
			0.161543557000016],
			[37.352886813999987,
			0.161568249000027],
			[37.352884201,
			0.16159322599998],
			[37.352881557999979,
			0.161618491000013],
			[37.352875462999975,
			0.16165177900001],
			[37.35286957,
			0.161693448999984],
			[37.352865665000024,
			0.161741279000012],
			[37.352866356999982,
			0.16176015799999],
			[37.352864291,
			0.161809437999977],
			[37.352861592000011,
			0.161842891999981],
			[37.35285963199999,
			0.161899752000011],
			[37.352861414000017,
			0.161952138],
			[37.352854589,
			0.161987722999982],
			[37.352851898999972,
			0.162063013000022],
			[37.352849611000011,
			0.162070893000021],
			[37.352848110000025,
			0.162096110999983],
			[37.352848671,
			0.162108199999977],
			[37.352844730000015,
			0.162140884],
			[37.352840467000021,
			0.162168639000015],
			[37.352839389999986,
			0.162175651999974],
			[37.35283799199999,
			0.162208307000014],
			[37.352839136999989,
			0.16223578099999],
			[37.352840602000015,
			0.162237240000024],
			[37.352847250000025,
			0.162260753999988],
			[37.352858262999973,
			0.162284603999979],
			[37.352861400999984,
			0.162290620000022],
			[37.352875728000015,
			0.162319490000016],
			[37.35288884900001,
			0.162348861],
			[37.352898547,
			0.162366096000028],
			[37.35291479599999,
			0.162393079000026],
			[37.352916564999987,
			0.162397882999983],
			[37.352933431,
			0.162430261999987],
			[37.35294060199999,
			0.162448327999982],
			[37.352946115,
			0.16246324799999],
			[37.352954017,
			0.16249008599999],
			[37.352956009000025,
			0.162496858999987],
			[37.352970423999977,
			0.162527657999988],
			[37.352976323,
			0.162544998999977],
			[37.352982279,
			0.162562508],
			[37.352990684000019,
			0.162590874999978],
			[37.353010899000026,
			0.162647113999981],
			[37.353024197000025,
			0.162691850999977],
			[37.353044351999984,
			0.162774744999979],
			[37.353053025,
			0.162816566],
			[37.353062453,
			0.162865486999976],
			[37.35307023199999,
			0.162913533999983],
			[37.35307478499999,
			0.162962766000021],
			[37.353077610000014,
			0.162993331],
			[37.353077004,
			0.163024361999987],
			[37.35307039700001,
			0.163067238],
			[37.353066187000024,
			0.163099409999973],
			[37.353064257000028,
			0.163118016999988],
			[37.353061907999972,
			0.16313208299999],
			[37.35305235300001,
			0.16318929800002],
			[37.353049494,
			0.163220943],
			[37.353047389999972,
			0.16326304],
			[37.353043785000011,
			0.163311073999978],
			[37.353043922999973,
			0.163336785000013],
			[37.353046552000023,
			0.163370660999988],
			[37.353049221999981,
			0.16340506099999],
			[37.353066695,
			0.163456075],
			[37.353068241000017,
			0.163458656999978],
			[37.353078864999986,
			0.16348865399999],
			[37.353081753000026,
			0.16350586499999],
			[37.353086512999987,
			0.163528658000018],
			[37.353090359000021,
			0.163555896999981],
			[37.353094742999986,
			0.163573851000024],
			[37.353099306999979,
			0.163593412000012],
			[37.353110275,
			0.16363613599998],
			[37.353114882,
			0.163655],
			[37.353118417000019,
			0.163677034999978],
			[37.353121853999987,
			0.163697866],
			[37.353123606,
			0.163715930000023],
			[37.353124981,
			0.163744931],
			[37.353126525999983,
			0.163776000999974],
			[37.353128044000016,
			0.163791748999984],
			[37.353129024999987,
			0.163817247999987],
			[37.353130567999983,
			0.16383337799999],
			[37.353138777000026,
			0.163887680000016],
			[37.35314273099999,
			0.163912923],
			[37.353146239000012,
			0.163933378000024],
			[37.353158311000016,
			0.16396276099999],
			[37.353168132,
			0.163983789999975],
			[37.353180368999972,
			0.164012212999978],
			[37.353192408999973,
			0.164037448999977],
			[37.353208379000023,
			0.164068563],
			[37.35322591,
			0.164111499],
			[37.35324065399999,
			0.164141954],
			[37.353248224000026,
			0.164165119000018],
			[37.35326494899999,
			0.164182681],
			[37.353279697,
			0.164196451],
			[37.353308777,
			0.164206346000014],
			[37.353332253000019,
			0.164210320999985],
			[37.353340451,
			0.164210319],
			[37.353376516000026,
			0.16421032],
			[37.353397826999981,
			0.164210319],
			[37.353448309999976,
			0.164208331999987],
			[37.35346107700002,
			0.164206347],
			[37.353516915,
			0.164198425999984],
			[37.35355621399998,
			0.164190539],
			[37.353577019,
			0.164188572],
			[37.35359738599999,
			0.164176812999983],
			[37.353612390000023,
			0.164170958],
			[37.353654334,
			0.164155436999977],
			[37.353677683,
			0.164151574000016],
			[37.35370214,
			0.164145799999972],
			[37.35375388599999,
			0.164140041],
			[37.353780753000024,
			0.164138125000022],
			[37.353799460999987,
			0.164141958000016],
			[37.353823041999988,
			0.164145801000018],
			[37.353849883,
			0.164155438000023],
			[37.353881093999973,
			0.164167177000024],
			[37.35390594,
			0.164175740000019],
			[37.353916974000015,
			0.164180171999988],
			[37.353937329000019,
			0.164192738999986],
			[37.353943027000014,
			0.164199861999975],
			[37.353951035000023,
			0.164208842999983],
			[37.353953422000018,
			0.16421139800002],
			[37.353966992999972,
			0.164219777000028],
			[37.353973382999982,
			0.164226822999979],
			[37.353980546,
			0.164234487999977],
			[37.353990246000023,
			0.164246100000014],
			[37.353997333,
			0.164253069999972],
			[37.35400850000002,
			0.164265226999987],
			[37.354016281999975,
			0.16427212100001],
			[37.354026299999987,
			0.164280182000027],
			[37.354039385000021,
			0.164297053999974],
			[37.354050158,
			0.164312069],
			[37.354056230000026,
			0.164322664999986],
			[37.354063526,
			0.164338053999984],
			[37.354069824000021,
			0.164350738999985],
			[37.35407605,
			0.164362728000015],
			[37.354082197000025,
			0.164374020000025],
			[37.354091652000022,
			0.164389878],
			[37.354125423000028,
			0.16444409799999],
			[37.35413156200002,
			0.164458638999974],
			[37.354139690000011,
			0.16447752900001],
			[37.354159483999979,
			0.164505798999983],
			[37.354172123000012,
			0.164524197999981],
			[37.354176269999982,
			0.164534393999986],
			[37.35418557600002,
			0.164550114],
			[37.354199357000027,
			0.164579034999974],
			[37.354205655999976,
			0.164595081000016],
			[37.354210291000015,
			0.164609786000028],
			[37.354218584000023,
			0.164630177999982],
			[37.354220213000019,
			0.164645208000024],
			[37.354223995999973,
			0.16466608799999],
			[37.354232578999984,
			0.164703178000025],
			[37.354238027,
			0.164725396999984],
			[37.354239818999986,
			0.164741932000027],
			[37.354248927000015,
			0.164769838999973],
			[37.35425921,
			0.164794577],
			[37.354273153,
			0.164825],
			[37.35428092,
			0.164854574],
			[37.354284214000018,
			0.164870943999972],
			[37.354287672999988,
			0.164888818],
			[37.35429328399999,
			0.164912543000014],
			[37.354301377000013,
			0.164945122],
			[37.354306338000015,
			0.164962832000015],
			[37.354315118999978,
			0.164987735000011],
			[37.354338331,
			0.165047569000023],
			[37.354344632999982,
			0.165063612999973],
			[37.354350770999986,
			0.16507815599999],
			[37.354354915999977,
			0.165088352],
			[37.35435755899999,
			0.165098711999974],
			[37.354364800999974,
			0.165137464999987],
			[37.354366266999989,
			0.165150992],
			[37.354366918999972,
			0.165157005000026],
			[37.35436883599999,
			0.16518873199999],
			[37.354371117000028,
			0.165209775999983],
			[37.354372744999978,
			0.165224806000026],
			[37.354375350999987,
			0.165248856],
			[37.354377469999974,
			0.165268395999988],
			[37.354380763,
			0.165284767],
			[37.354384385,
			0.16530414499999],
			[37.354396823,
			0.165334732000019],
			[37.354409625000017,
			0.165354636000018],
			[37.354418607000014,
			0.165367349],
			[37.354432423999981,
			0.165382578999981],
			[37.354446402,
			0.165399313000023],
			[37.354458716000011,
			0.165414705999979],
			[37.354486776999977,
			0.165462852000019],
			[37.354496899000026,
			0.165486086999977],
			[37.354506006,
			0.165513995000026],
			[37.354518770000027,
			0.16554758699999],
			[37.354524219999973,
			0.165569807999987],
			[37.354525034,
			0.16557732299998],
			[37.354528655000024,
			0.165596701000027],
			[37.354533415999981,
			0.1656266],
			[37.354538865999984,
			0.16564882],
			[37.354543463000027,
			0.165677215000017],
			[37.354545255,
			0.16569375],
			[37.354545832999975,
			0.165727143000026],
			[37.354543276000015,
			0.165745668999989],
			[37.354539871999975,
			0.165770368999972],
			[37.354532603,
			0.165810169],
			[37.354527932999986,
			0.165831712999989],
			[37.354522196,
			0.165848215999972],
			[37.35451097399999,
			0.165883252000015],
			[37.354505140000015,
			0.16590004599999],
			[37.354498254000021,
			0.165911617],
			[37.354476104000014,
			0.165939434999984],
			[37.354461596000021,
			0.16595014],
			[37.354435083999988,
			0.165965846],
			[37.354423747999988,
			0.16597443500001],
			[37.35439106299998,
			0.16599831100001],
			[37.354371769000011,
			0.166015280000011],
			[37.354349332000027,
			0.166036416],
			[37.354312608999976,
			0.166074369],
			[37.354284227999983,
			0.166121432000011],
			[37.354276395,
			0.166131931],
			[37.354250888000024,
			0.166163832999985],
			[37.354242976000023,
			0.166188206000015],
			[37.354236604999983,
			0.166210619000026],
			[37.354217835999975,
			0.166240526000024],
			[37.354204035,
			0.16626611800001],
			[37.354198223000026,
			0.166295105000017],
			[37.354194345,
			0.16630980299999],
			[37.354184369999984,
			0.166337576999979],
			[37.35417966599999,
			0.16634634799999],
			[37.354170332000024,
			0.166380625999977],
			[37.354154347000019,
			0.166409652000027],
			[37.354132406000019,
			0.166439567],
			[37.354089999,
			0.16648269699999],
			[37.354067257999986,
			0.166491629],
			[37.354018344,
			0.166516415999979],
			[37.354000714999984,
			0.166518328],
			[37.353985242000022,
			0.16652217699999],
			[37.353950887999986,
			0.16653678599999],
			[37.353922663999981,
			0.166555146],
			[37.353901689999987,
			0.166566196000019],
			[37.353882630999976,
			0.166577064000023],
			[37.353843557999987,
			0.166616753000028],
			[37.353835091,
			0.166640031999975],
			[37.353834701999972,
			0.166664852999986],
			[37.353843236999978,
			0.166702601999987],
			[37.353850951000027,
			0.166727039000023],
			[37.353855763000013,
			0.16676830199998],
			[37.35385936900002,
			0.166791358000012],
			[37.353863161999982,
			0.166816934],
			[37.353869201,
			0.166844864999973],
			[37.353871495000021,
			0.16687828],
			[37.353867251999986,
			0.166907869],
			[37.353862486000025,
			0.166930400000012],
			[37.353850782999984,
			0.166943960000026],
			[37.353826649999974,
			0.166961388],
			[37.353812450000021,
			0.166970357000025],
			[37.353770051000026,
			0.167004838000025],
			[37.353743684999984,
			0.167027768000025],
			[37.353721279000013,
			0.167047857],
			[37.353705113999979,
			0.167067361000022],
			[37.353678627000022,
			0.167098318],
			[37.353677176000019,
			0.16711647],
			[37.353673962000016,
			0.167145285],
			[37.353679525000018,
			0.167178632],
			[37.353691739,
			0.167214245000025],
			[37.353701908,
			0.16725047599999],
			[37.353709546999987,
			0.16727656],
			[37.353719677000015,
			0.167308032999983],
			[37.353725844999985,
			0.167348501999982],
			[37.353720393,
			0.167376785999977],
			[37.353715014999977,
			0.167408081000019],
			[37.35369383599999,
			0.16743852799999],
			[37.353680842000017,
			0.167451258000028],
			[37.353667708999978,
			0.167461195999977],
			[37.353648779000025,
			0.167501703000028],
			[37.353640168000027,
			0.167536567000013],
			[37.353627336999978,
			0.16755316299998],
			[37.35361237799998,
			0.16756815399998],
			[37.353587367999978,
			0.167593926999984],
			[37.353577563999977,
			0.167606587000023],
			[37.353560723999976,
			0.167623948000028],
			[37.353526975000023,
			0.167660888],
			[37.353523834999976,
			0.16766714],
			[37.35349923299998,
			0.167705524999974],
			[37.353494919000013,
			0.167719998],
			[37.353486604000011,
			0.167753156],
			[37.353486771,
			0.167775515000017],
			[37.353483127,
			0.167798453999978],
			[37.353470625999989,
			0.167830816999981],
			[37.35344993699999,
			0.167860186999974],
			[37.353438558999983,
			0.167886676000023],
			[37.353432385000019,
			0.167906421999987],
			[37.353424913000026,
			0.167934995],
			[37.353416867000021,
			0.167957392],
			[37.35338651699999,
			0.167999801],
			[37.353377787999989,
			0.168016092000016],
			[37.353375883000012,
			0.168044996999981],
			[37.353374686999985,
			0.16805623099998],
			[37.353377213999977,
			0.168091762000017],
			[37.35337961,
			0.168125433],
			[37.353375825,
			0.16815784],
			[37.353368111,
			0.168193310999982],
			[37.353355629000021,
			0.16822029799999],
			[37.353339858000027,
			0.16826202499999],
			[37.353330066000012,
			0.168303595999987],
			[37.353326367000022,
			0.168345009],
			[37.353326200000026,
			0.168376733],
			[37.353328566000016,
			0.168415917],
			[37.353323906000014,
			0.168443809],
			[37.353319499,
			0.168476938000026],
			[37.353315198000018,
			0.168512924000026],
			[37.353326044000028,
			0.16862584099999],
			[37.353323547,
			0.168657892],
			[37.35331839600002,
			0.16868247799999],
			[37.353311174999988,
			0.168710152000017],
			[37.353309767999974,
			0.168764714000019],
			[37.353307740999981,
			0.16880907],
			[37.35330346,
			0.168854223999972],
			[37.353305251999984,
			0.168887918],
			[37.353304811999976,
			0.168922176000024],
			[37.35330180599999,
			0.168951257],
			[37.353291026000022,
			0.1690077],
			[37.353294657999982,
			0.169059808999975],
			[37.353295256000024,
			0.169087149],
			[37.353287723999983,
			0.16911329200002],
			[37.35328211699999,
			0.169137098000022],
			[37.353276558999987,
			0.16916575499999],
			[37.353262729999983,
			0.169193184999983],
			[37.353250668999976,
			0.169208723],
			[37.35323868099999,
			0.169233877000011],
			[37.353226576,
			0.169256806000021],
			[37.353210253999976,
			0.169280335],
			[37.353204263,
			0.16931021900001],
			[37.353189945,
			0.169356107999988],
			[37.353173336999987,
			0.169405352000013],
			[37.353154371000016,
			0.169483693000018],
			[37.35315009499999,
			0.16950737799999],
			[37.35314578399999,
			0.169536441999981],
			[37.353139268,
			0.169571250999979],
			[37.353137006,
			0.169613936000019],
			[37.35313692,
			0.169648812999981],
			[37.353139027999987,
			0.169683799999973],
			[37.353147781000018,
			0.169704696999986],
			[37.353152173000012,
			0.169726204000028],
			[37.353163259999974,
			0.169766590999984],
			[37.35316995,
			0.169779837000021],
			[37.353185703,
			0.16982037299999],
			[37.353199373,
			0.169858771],
			[37.353215363,
			0.169885797],
			[37.353233682,
			0.169906981999986],
			[37.353247612000018,
			0.169931717],
			[37.353282139999976,
			0.169991246999984],
			[37.353289185999984,
			0.170010690000026],
			[37.353299285999981,
			0.170022527000015],
			[37.353310222,
			0.170043645000021],
			[37.353314652999984,
			0.170052509000016],
			[37.353326529000014,
			0.170083214999977],
			[37.353332018,
			0.170103509],
			[37.353340409,
			0.170135174999984],
			[37.353350397999975,
			0.170163138000021],
			[37.353363672,
			0.170185138000022],
			[37.353365295,
			0.170202663],
			[37.353367111000011,
			0.17022226],
			[37.353369488999988,
			0.170247926],
			[37.35337414899999,
			0.170277612],
			[37.353378100999976,
			0.170299516],
			[37.35338360899999,
			0.17033788399999],
			[37.353386683999986,
			0.170370747999982],
			[37.353387651999981,
			0.170381091000024],
			[37.353392311999983,
			0.170410030000028],
			[37.35339428399999,
			0.170431022],
			[37.353402575000018,
			0.170477285],
			[37.353405623000015,
			0.170509520999985],
			[37.353407877,
			0.170533374],
			[37.35341223099999,
			0.170579421000014],
			[37.353418777,
			0.170648642],
			[37.353420917999983,
			0.170671297000013],
			[37.353435323999975,
			0.170758202],
			[37.35345245000002,
			0.170871608000027],
			[37.353457348,
			0.170900528],
			[37.353464385,
			0.17092947499998],
			[37.35346889499999,
			0.170953946999987],
			[37.353471972000023,
			0.170963648999987],
			[37.35347653299999,
			0.170988374999979],
			[37.35348137699998,
			0.171015811000018],
			[37.35348839400001,
			0.171043241],
			[37.353493582999988,
			0.171073700000022],
			[37.353507107999974,
			0.17112192799999],
			[37.353511648999984,
			0.171145226000021],
			[37.353516757000023,
			0.171173973],
			[37.35352217799999,
			0.171205631000021],
			[37.353534261999982,
			0.171258728],
			[37.353542608999987,
			0.171296414999972],
			[37.353553852999987,
			0.171339816],
			[37.353557826999975,
			0.171356263],
			[37.35356447700002,
			0.171398086000011],
			[37.353567750000025,
			0.171429252999985],
			[37.353578378,
			0.17149548499998],
			[37.353580513999987,
			0.171518924],
			[37.353583303999983,
			0.171529610999983],
			[37.353586776999975,
			0.171547644999976],
			[37.353603243,
			0.171626374000027],
			[37.35360482599998,
			0.171643336999978],
			[37.353609328999987,
			0.171671629],
			[37.35361202199999,
			0.17170040100001],
			[37.353619019,
			0.171734893],
			[37.353620492999987,
			0.17175053599999],
			[37.35362910399999,
			0.171781458999988],
			[37.35363364599999,
			0.171809117],
			[37.353635563000012,
			0.171829177],
			[37.353634723000027,
			0.17192217600001],
			[37.35363707,
			0.171947176],
			[37.353639633,
			0.171974490000025],
			[37.353642223,
			0.17200205],
			[37.353645036999978,
			0.172032004000016],
			[37.35364333299998,
			0.172056170000019],
			[37.35364045099999,
			0.172089480000011],
			[37.353640090999988,
			0.172107258999972],
			[37.35364094900001,
			0.172138448999988],
			[37.353618524000012,
			0.172227361000012],
			[37.353610192000019,
			0.172249088],
			[37.353597743000023,
			0.172271398000021],
			[37.353567569,
			0.172331223000015],
			[37.353555371000027,
			0.172361191999983],
			[37.353546671,
			0.172383783999976],
			[37.353532041999983,
			0.172412022],
			[37.352504082999985,
			0.17418134799999],
			[37.35243194200001,
			0.174310831000014],
			[37.35240388599999,
			0.174342782999986],
			[37.352382244000012,
			0.17437415099999],
			[37.352363649999972,
			0.174401650999982],
			[37.352332037999986,
			0.174434306000023],
			[37.352319202999979,
			0.174443021],
			[37.352246235999985,
			0.174528259999988],
			[37.352223947000027,
			0.174556626000026],
			[37.352198585999986,
			0.174596599999973],
			[37.35217622,
			0.174628930999972],
			[37.352160586000025,
			0.174668172],
			[37.352135653999987,
			0.174761578000016],
			[37.352116990000013,
			0.174805449000019],
			[37.352114614000016,
			0.17483575599999],
			[37.352100329,
			0.174867480999978],
			[37.352098764999987,
			0.174879756999985],
			[37.352089147000015,
			0.174926390999985],
			[37.352083697000012,
			0.174957541000026],
			[37.352074522,
			0.174983078000025],
			[37.352061397,
			0.175027657999976],
			[37.35204344499999,
			0.175057487],
			[37.352033792999976,
			0.175080297000022],
			[37.352020114000027,
			0.175122374000011],
			[37.352008032000015,
			0.175151925000023],
			[37.35198778900002,
			0.17519194800002],
			[37.351963005000016,
			0.175248571999987],
			[37.351948306,
			0.175285282],
			[37.351933535,
			0.175322172999984],
			[37.35190363800001,
			0.175364109999975],
			[37.351851703000023,
			0.175437959000021],
			[37.351834064,
			0.175482424999984],
			[37.351812909999978,
			0.175524220999989],
			[37.351785706999976,
			0.175570209],
			[37.351764003000028,
			0.175609177000013],
			[37.351744162999978,
			0.175634722999973],
			[37.351715709000018,
			0.175671358999978],
			[37.351691388,
			0.175721228999976],
			[37.351671840999984,
			0.175753869],
			[37.351643005000028,
			0.175791058000016],
			[37.35161641000002,
			0.175817879000022],
			[37.351589984999976,
			0.175848192999979],
			[37.35157832499999,
			0.17586322],
			[37.351515264,
			0.175967118000017],
			[37.35148200499998,
			0.17599868799999],
			[37.351458240999989,
			0.176029332999974],
			[37.351440818000015,
			0.17605939399999],
			[37.351404452999986,
			0.17609870199999],
			[37.351364688999979,
			0.176138542999979],
			[37.351330803,
			0.176170762000027],
			[37.351284599,
			0.17621879],
			[37.351240835,
			0.176255959],
			[37.351198270999987,
			0.17632219799998],
			[37.351188653,
			0.176326883],
			[37.351121506000027,
			0.176367003],
			[37.351102334000018,
			0.176380059999985],
			[37.35106077,
			0.176410243000021],
			[37.35103193399999,
			0.176431762999982],
			[37.350942058999976,
			0.176508088999981],
			[37.350919523000016,
			0.17652913],
			[37.35089373,
			0.176554302],
			[37.350867863000019,
			0.176579547000017],
			[37.35082595,
			0.176632935999976],
			[37.350770230000023,
			0.176676758999974],
			[37.350763787,
			0.17668882800001],
			[37.350714298000014,
			0.176724594],
			[37.350697777999983,
			0.176737816000013],
			[37.35062140299999,
			0.176791987],
			[37.350591346999977,
			0.176806758999987],
			[37.350577991000023,
			0.176815895],
			[37.350521103,
			0.176860603000023],
			[37.35045041,
			0.176949824000019],
			[37.350430043000017,
			0.176991167999972],
			[37.350399518000017,
			0.177055522999979],
			[37.350385698000025,
			0.177094716999989],
			[37.35037165,
			0.177159512],
			[37.350356397999974,
			0.177215391],
			[37.350351518000025,
			0.17725444199999],
			[37.350345896000022,
			0.177287315],
			[37.350344047000021,
			0.177326419999986],
			[37.350341469999989,
			0.177359278999973],
			[37.35033102,
			0.177406272999974],
			[37.350321576999988,
			0.177463373000023],
			[37.350301269,
			0.177508749000026],
			[37.350294018999989,
			0.177529548],
			[37.350274230000025,
			0.177551759999972],
			[37.350250527000014,
			0.177597997000021],
			[37.350209591,
			0.177632819],
			[37.350187569000013,
			0.177635205],
			[37.350134088999987,
			0.177641],
			[37.350084746999983,
			0.177622704999976],
			[37.350045862,
			0.17761344199999],
			[37.349998216000017,
			0.177611875000025],
			[37.349946381,
			0.177597341000023],
			[37.349917920999985,
			0.177597074],
			[37.349857655999983,
			0.177593553],
			[37.349822985,
			0.177593963999982],
			[37.34978544,
			0.177598032999981],
			[37.34972263899999,
			0.177601492],
			[37.349685532000024,
			0.177612206999981],
			[37.349651729000016,
			0.177625918999979],
			[37.34962708,
			0.177635297999984],
			[37.349530238999989,
			0.177709821],
			[37.349515391000011,
			0.17772837199999],
			[37.349476462999974,
			0.177773412000022],
			[37.34945632199998,
			0.177816639000014],
			[37.349442586,
			0.177862850999986],
			[37.349413301000027,
			0.177921437],
			[37.349395383,
			0.177951240000027],
			[37.349384396999987,
			0.177994419000015],
			[37.349376415999984,
			0.178033977999974],
			[37.349358151999979,
			0.17806068499999],
			[37.349340251,
			0.17809809],
			[37.349289030000023,
			0.178203836000023],
			[37.349276550000013,
			0.178219610999975],
			[37.34922336599999,
			0.178290611000023],
			[37.349191696999981,
			0.178326871000024],
			[37.349162868,
			0.178351959],
			[37.34913377,
			0.178369789999977],
			[37.349091993,
			0.178411133],
			[37.349072834000026,
			0.178439087000015],
			[37.349034745999973,
			0.17851762399999],
			[37.349015565,
			0.17855717899999],
			[37.34898958399998,
			0.178593878000015],
			[37.348970259999987,
			0.178637583000011],
			[37.348957410000025,
			0.178673188],
			[37.348941352,
			0.178724611],
			[37.348911626000017,
			0.178766262000011],
			[37.348901672000011,
			0.178778908000027],
			[37.34884176700001,
			0.17887464],
			[37.34880476,
			0.178917765999984],
			[37.348777756,
			0.178960001],
			[37.348757423999984,
			0.179001707999987],
			[37.348723329,
			0.179058888999975],
			[37.348707186000013,
			0.179093927],
			[37.34870760299998,
			0.179118190999986],
			[37.34871314899999,
			0.179157275000023],
			[37.348714437000012,
			0.179187813999988],
			[37.348719599999981,
			0.17922424599999],
			[37.34872264,
			0.179267321],
			[37.348722673999987,
			0.179310988],
			[37.34871837899999,
			0.179367999000021],
			[37.348703609999973,
			0.179394874000025],
			[37.348691374999987,
			0.179440648000025],
			[37.348689149999984,
			0.179469610000012],
			[37.348678151,
			0.179502848000027],
			[37.348668326,
			0.179568437],
			[37.348635006,
			0.179889979],
			[37.348625288999983,
			0.179938565999976],
			[37.348611913000013,
			0.179984433000016],
			[37.348599921000016,
			0.180016636],
			[37.348588731,
			0.180055797000023],
			[37.34857939699998,
			0.18008452700002],
			[37.348564909,
			0.180124379],
			[37.348560381000027,
			0.180166856000028],
			[37.348554558999979,
			0.180199131999984],
			[37.348550400000022,
			0.180245526000022],
			[37.348556331999987,
			0.180294675000027],
			[37.34856352700001,
			0.180408945000011],
			[37.348559589999979,
			0.180431138000017],
			[37.348563464999984,
			0.180463482999983],
			[37.348567549999984,
			0.180525315000011],
			[37.348573214,
			0.18057266400001],
			[37.348578471999986,
			0.180616634999978],
			[37.348587956000017,
			0.180667895999989],
			[37.348606124000014,
			0.180707257999984],
			[37.34862439,
			0.180746829999975],
			[37.348643211000024,
			0.18079037199999],
			[37.34864643899999,
			0.180816735],
			[37.348660952999978,
			0.180907443000024],
			[37.348660310000014,
			0.180957950999982],
			[37.348663047,
			0.181008416],
			[37.348665802000028,
			0.181059205],
			[37.348671982999974,
			0.181109951999986],
			[37.348676763000014,
			0.18114921199998],
			[37.348661639999989,
			0.18122160199999],
			[37.348652351999988,
			0.181254722],
			[37.348645471999987,
			0.181284789000017],
			[37.348629690999985,
			0.181333676],
			[37.348620255000014,
			0.18136732],
			[37.348606382000014,
			0.181392645000017],
			[37.348596277000013,
			0.18144163],
			[37.348591301999988,
			0.181448178999972],
			[37.348576579999985,
			0.181507124],
			[37.348565814999972,
			0.181553900999972],
			[37.348552457999972,
			0.18160432799999],
			[37.34855088,
			0.181613722],
			[37.348541540999975,
			0.181651741],
			[37.348530738000022,
			0.181680794999977],
			[37.348520362999977,
			0.181713032],
			[37.348505758999977,
			0.181758401000025],
			[37.348495039999989,
			0.18180993499999],
			[37.348475817,
			0.181846856999982],
			[37.348463348999985,
			0.181867281999985],
			[37.348437857000022,
			0.18190514600002],
			[37.348413710999978,
			0.181975255999987],
			[37.348402867,
			0.182008794000012],
			[37.348394978999977,
			0.182019385999979],
			[37.348358924000024,
			0.182075446999988],
			[37.348303853,
			0.18218022100001],
			[37.348290011000017,
			0.182194994999975],
			[37.34826935699999,
			0.18223052799999],
			[37.348242183000025,
			0.18229042199999],
			[37.348231569,
			0.182332039000016],
			[37.348215638,
			0.182357473000025],
			[37.348184866999986,
			0.182418700000028],
			[37.348154979000014,
			0.18246308],
			[37.348136427999975,
			0.182496094999976],
			[37.348105058999977,
			0.18253062799999],
			[37.348075527999981,
			0.18258251899999],
			[37.348058700000024,
			0.182605304999981],
			[37.34803812199999,
			0.182653157],
			[37.348016271,
			0.182690810999986],
			[37.347992224999985,
			0.182739530999982],
			[37.347970895,
			0.182784663],
			[37.347950465999986,
			0.182808378],
			[37.34794369399998,
			0.182837872999983],
			[37.347931126999981,
			0.182875341],
			[37.347911258000011,
			0.182939266],
			[37.347901807000028,
			0.182976861999975],
			[37.347890472000017,
			0.183029583],
			[37.347912049,
			0.183146247000025],
			[37.347915379000028,
			0.183179685000027],
			[37.347918349999986,
			0.183209531999978],
			[37.347928793999984,
			0.183280520999972],
			[37.347932566,
			0.183318337],
			[37.347937499000011,
			0.183367775000022],
			[37.347943612999984,
			0.183429053999987],
			[37.347947459000011,
			0.18346759799999],
			[37.347960048999987,
			0.183525036999981],
			[37.347965526999985,
			0.183579720000012],
			[37.347969604000014,
			0.183654911000019],
			[37.347974763000025,
			0.18370651399999],
			[37.348000066999987,
			0.183847001],
			[37.348004281999977,
			0.183880378000026],
			[37.348006753999982,
			0.183899924],
			[37.348017848999973,
			0.183941377999986],
			[37.348033718000011,
			0.183996954],
			[37.348037707,
			0.184028239999975],
			[37.348038798,
			0.18405998899999],
			[37.348042451000026,
			0.184088691],
			[37.348045027000012,
			0.184132294999984],
			[37.348049821000018,
			0.184170032],
			[37.348053155,
			0.184196281000027],
			[37.348052462999988,
			0.184237955000015],
			[37.348058435999974,
			0.184285156999977],
			[37.34805959800002,
			0.184318119000011],
			[37.348061519999987,
			0.184357218],
			[37.3480616,
			0.184405890999983],
			[37.348062778999974,
			0.184439430999987],
			[37.348064392000026,
			0.184500882],
			[37.348080502000016,
			0.18460514899999],
			[37.348088213999972,
			0.184642108999981],
			[37.348097831000018,
			0.184669547],
			[37.348112528,
			0.184712482],
			[37.34812118799999,
			0.184756348],
			[37.348129497,
			0.184797302999982],
			[37.348147101,
			0.184837496],
			[37.348154710000017,
			0.184872485000028],
			[37.348171471,
			0.184929658999977],
			[37.348176498999976,
			0.184968707999985],
			[37.348171775000026,
			0.185005703],
			[37.348169735999988,
			0.18503924800001],
			[37.348159962000011,
			0.185087219000025],
			[37.348153063999973,
			0.185108162],
			[37.348147817999973,
			0.185142514],
			[37.348143031,
			0.185193367000011],
			[37.348142322,
			0.185200898],
			[37.348139114999981,
			0.18525261100001],
			[37.34813462599999,
			0.18529444699999],
			[37.348131616999979,
			0.185322466],
			[37.34813196499999,
			0.185378125999989],
			[37.348125313000025,
			0.185403345],
			[37.348125217000018,
			0.185456120000026],
			[37.348118097,
			0.185478100000012],
			[37.348120780999977,
			0.185527533000027],
			[37.348119005,
			0.18564985],
			[37.34811391300002,
			0.185690334000014],
			[37.348115764999989,
			0.18573393600002],
			[37.348120481000024,
			0.185773797000024],
			[37.348123063,
			0.185795627],
			[37.348103213,
			0.18588838],
			[37.34809616199999,
			0.185932017000027],
			[37.348092769,
			0.18595536],
			[37.348076092999975,
			0.18602075199999],
			[37.348069184,
			0.186068119000026],
			[37.34807067600002,
			0.186082590000012],
			[37.348072531000014,
			0.18612942499999],
			[37.348069948999978,
			0.186162229999979],
			[37.348061829000017,
			0.186258603],
			[37.348050226999987,
			0.186822548],
			[37.348045936,
			0.187007456],
			[37.348047855999987,
			0.18716230199999],
			[37.348072020000018,
			0.18741963299999],
			[37.348093659000028,
			0.18765006000001],
			[37.348110256999973,
			0.187791399999981],
			[37.34819651,
			0.188097871000025],
			[37.348409823999987,
			0.188780043],
			[37.348469648999981,
			0.188952319],
			[37.348524559999987,
			0.189095961000021],
			[37.34862109,
			0.18929325],
			[37.348687015,
			0.189489144999982],
			[37.34872683399999,
			0.189646201000016],
			[37.34875564399999,
			0.189789435000023],
			[37.348760255,
			0.189893061000021],
			[37.348792441,
			0.18997237799999],
			[37.349078728999984,
			0.190345026999978],
			[37.349187884,
			0.190463608000016],
			[37.349288851999972,
			0.19059796800002],
			[37.349375888999987,
			0.190752835000012],
			[37.349449918,
			0.190873802999988],
			[37.349534934000019,
			0.191039112999988],
			[37.349605172999986,
			0.19116263],
			[37.349683034,
			0.19128768600001],
			[37.349755897000023,
			0.19141571099999],
			[37.349795391999976,
			0.191535535000014],
			[37.34982544799999,
			0.191636663999986],
			[37.349852037,
			0.191735939000012],
			[37.349912351,
			0.191795798999976],
			[37.349991559999978,
			0.191884137999978]],
			[[37.446723,
			0.229818],
			[37.446755,
			0.229933999000025],
			[37.448602,
			0.233557],
			[37.4493,
			0.234895],
			[37.450474,
			0.237261]],
			[[37.471275,
			0.220526],
			[37.47119,
			0.220581],
			[37.471062,
			0.220700001000012],
			[37.470925001000012,
			0.220889999],
			[37.470803,
			0.221077],
			[37.470771001,
			0.221233],
			[37.470728001,
			0.221368],
			[37.47067499799999,
			0.221604],
			[37.470632,
			0.221780001000013],
			[37.470610001000011,
			0.221862999],
			[37.470556000999977,
			0.222078001],
			[37.470523999000022,
			0.222222000999977],
			[37.470503,
			0.222324],
			[37.470501997999975,
			0.222444999],
			[37.470500999000024,
			0.222657998999978],
			[37.470436,
			0.222831000999975],
			[37.470426001000021,
			0.22298200099999],
			[37.470426,
			0.223132],
			[37.470426,
			0.223263001000021],
			[37.470426,
			0.223373],
			[37.470395,
			0.223484],
			[37.470394998000017,
			0.223644],
			[37.470392,
			0.223973999],
			[37.470388,
			0.224162],
			[37.47031400100002,
			0.224308],
			[37.470219000999975,
			0.224502],
			[37.470022,
			0.224726],
			[37.469953001000022,
			0.22484],
			[37.469865997999989,
			0.225001999000028],
			[37.469821001000014,
			0.225106],
			[37.469785,
			0.225188999000011],
			[37.469785,
			0.22528],
			[37.469793,
			0.225392],
			[37.469794001000025,
			0.225503],
			[37.469794,
			0.225566],
			[37.469794,
			0.225698],
			[37.469802,
			0.225816],
			[37.469824,
			0.225886999000011],
			[37.469824,
			0.225988001000019],
			[37.469824,
			0.226179],
			[37.469810000999985,
			0.226278],
			[37.469796,
			0.226434],
			[37.46979600100002,
			0.226587],
			[37.469781,
			0.226644001000011],
			[37.46976700099998,
			0.226715],
			[37.469767,
			0.226809],
			[37.469746,
			0.226950000999977],
			[37.469718,
			0.227118001],
			[37.469712,
			0.227237],
			[37.469698,
			0.227312],
			[37.469691001,
			0.227339],
			[37.469685,
			0.227426],
			[37.469652,
			0.227616],
			[37.469653,
			0.227688],
			[37.469633,
			0.227809],
			[37.469635,
			0.227899998999987],
			[37.469622,
			0.228021],
			[37.46961,
			0.228121],
			[37.469604,
			0.228182999000012],
			[37.469613001000027,
			0.228297],
			[37.469622,
			0.228469],
			[37.469629,
			0.228514],
			[37.469630000999985,
			0.228589000999989],
			[37.469631,
			0.228676999000015],
			[37.469633,
			0.228792],
			[37.469633,
			0.228886],
			[37.469589000999974,
			0.229041],
			[37.469589,
			0.229077001],
			[37.469565000999978,
			0.229268999],
			[37.469547,
			0.229396],
			[37.46951,
			0.229501],
			[37.469498,
			0.229611],
			[37.469479,
			0.22968],
			[37.469473,
			0.22971400099999],
			[37.469456001000026,
			0.229812001000028],
			[37.469458001000021,
			0.230133998999975],
			[37.469555,
			0.231372001000011],
			[37.469517,
			0.231484],
			[37.469478,
			0.231550001000016],
			[37.469417,
			0.231595],
			[37.469363998,
			0.231667999000024],
			[37.468798000999982,
			0.232324],
			[37.468714001000023,
			0.232439],
			[37.468619,
			0.232582],
			[37.468473,
			0.232812],
			[37.468317,
			0.233038],
			[37.467564001000028,
			0.23409],
			[37.467411,
			0.234279],
			[37.467334,
			0.234328],
			[37.467243000999986,
			0.23440399899999],
			[37.467172998000024,
			0.234439],
			[37.467089,
			0.234502],
			[37.467013,
			0.234529999000017],
			[37.466915,
			0.234586],
			[37.46688,
			0.234614],
			[37.466746999,
			0.234691],
			[37.466705,
			0.234726],
			[37.466643,
			0.234768],
			[37.46658,
			0.234816],
			[37.466511,
			0.234879],
			[37.466426997999974,
			0.234990001000028],
			[37.466386,
			0.235031000999982],
			[37.466364999,
			0.235066],
			[37.466313001,
			0.235175],
			[37.466275,
			0.235336],
			[37.466248,
			0.235372],
			[37.465503,
			0.235702],
			[37.465194,
			0.235825],
			[37.464463,
			0.236139],
			[37.464028,
			0.236308],
			[37.463409001,
			0.236552],
			[37.46106,
			0.237526],
			[37.460972,
			0.237562001000015],
			[37.459333,
			0.23823],
			[37.45896,
			0.238302],
			[37.458869000999982,
			0.238334],
			[37.458800998000015,
			0.238365],
			[37.458604,
			0.238504],
			[37.458391,
			0.238626999000019],
			[37.457804,
			0.238875],
			[37.457649,
			0.238939],
			[37.457248,
			0.239091],
			[37.454298000999984,
			0.238991999],
			[37.454245,
			0.239091],
			[37.454191001000027,
			0.239142],
			[37.454142,
			0.239229001000012],
			[37.454087,
			0.239294001000019],
			[37.45404,
			0.239395],
			[37.453964000999974,
			0.239501999000026],
			[37.453925,
			0.239588],
			[37.45381100100002,
			0.23972299899998],
			[37.453696,
			0.239829000999976],
			[37.453627000999973,
			0.239830000999973],
			[37.453537,
			0.239802],
			[37.453433001,
			0.239753],
			[37.453322001,
			0.239717],
			[37.453266,
			0.239689],
			[37.453198,
			0.239603000999978],
			[37.453144,
			0.23951],
			[37.453088998999988,
			0.239438],
			[37.453070998999976,
			0.23933],
			[37.453051997999978,
			0.239221],
			[37.453012,
			0.239133],
			[37.452965001,
			0.239016],
			[37.452951,
			0.238993999],
			[37.450475,
			0.237367001],
			[37.450479,
			0.237271001000011],
			[37.450344,
			0.237171],
			[37.450193997999975,
			0.23717299899999],
			[37.45001,
			0.237099],
			[37.449825,
			0.23705],
			[37.449616,
			0.236963999000011],
			[37.449419,
			0.236877],
			[37.449123,
			0.236727],
			[37.448995,
			0.236702],
			[37.448829,
			0.236625],
			[37.448651,
			0.236496],
			[37.448458,
			0.236458],
			[37.448291,
			0.236406999],
			[37.448086,
			0.23629],
			[37.447892001000014,
			0.236290999],
			[37.447659,
			0.236240001],
			[37.447423999000023,
			0.236241],
			[37.447254,
			0.236189001000014],
			[37.447004,
			0.236176],
			[37.446755,
			0.236097],
			[37.44650599900001,
			0.236045000999979],
			[37.446216998000011,
			0.235967],
			[37.446124000999987,
			0.235901],
			[37.445874,
			0.235821999],
			[37.445595997999988,
			0.235757],
			[37.445502998,
			0.235624],
			[37.445383998000011,
			0.235478],
			[37.445318,
			0.235333],
			[37.445185,
			0.235121],
			[37.445027,
			0.234962000999985],
			[37.444802,
			0.234883],
			[37.444644,
			0.234778001],
			[37.444486,
			0.234673],
			[37.444249001,
			0.234594],
			[37.444090997999979,
			0.234541],
			[37.443829,
			0.234423],
			[37.443551,
			0.23437],
			[37.443327001,
			0.234318],
			[37.443156,
			0.234278],
			[37.443011,
			0.234239],
			[37.442788001,
			0.234173000999988],
			[37.44258800099999,
			0.234171999000012],
			[37.442444001000013,
			0.234107000999984],
			[37.442288,
			0.234029],
			[37.442076,
			0.234015],
			[37.441796,
			0.233960998999976],
			[37.441595001,
			0.233907],
			[37.441475998999977,
			0.233828],
			[37.441221,
			0.233721],
			[37.441046,
			0.23368],
			[37.440911,
			0.233664998999984],
			[37.440776,
			0.233611000999986],
			[37.440641,
			0.233571],
			[37.440327,
			0.233502]],
			[[37.391644,
			0.244277],
			[37.391786998999976,
			0.244346001],
			[37.391954000999988,
			0.244480999000018],
			[37.392091,
			0.244634],
			[37.392349001000014,
			0.244841],
			[37.392483,
			0.24502],
			[37.392636,
			0.245181],
			[37.392846,
			0.24534],
			[37.392956,
			0.245433],
			[37.393058,
			0.245600998999976],
			[37.393094001,
			0.245754],
			[37.393065,
			0.245941001],
			[37.393075001,
			0.246015999],
			[37.393037,
			0.246169],
			[37.393014,
			0.246376],
			[37.392916,
			0.246731],
			[37.392881,
			0.246891],
			[37.392829,
			0.247096],
			[37.392789999,
			0.247387],
			[37.392736,
			0.247651],
			[37.392767,
			0.247784],
			[37.392897,
			0.247933],
			[37.392976001000022,
			0.2483],
			[37.393073,
			0.248466001],
			[37.393187,
			0.248617],
			[37.393269,
			0.248818],
			[37.393285000999981,
			0.248985],
			[37.39334800099999,
			0.24932099900002],
			[37.393342,
			0.249506],
			[37.393253,
			0.249692],
			[37.393247,
			0.249879],
			[37.393209,
			0.250201],
			[37.393240000999981,
			0.250422],
			[37.393305,
			0.250642998999979],
			[37.393335,
			0.250882],
			[37.393333,
			0.251086],
			[37.393159,
			0.251411001],
			[37.393090001000019,
			0.251565],
			[37.393089,
			0.251786],
			[37.393053001,
			0.252008999],
			[37.393,
			0.252214],
			[37.392828,
			0.252523],
			[37.392759,
			0.252643001000024],
			[37.392689999000027,
			0.252797000999976],
			[37.39260500099999,
			0.253121],
			[37.39249,
			0.253269],
			[37.392412,
			0.253455],
			[37.392359000999988,
			0.253659001000017],
			[37.392327,
			0.253731],
			[37.392184,
			0.253795998999976],
			[37.391947997999978,
			0.253882],
			[37.391644000999975,
			0.254153],
			[37.391475,
			0.254189],
			[37.39120900099999,
			0.254043],
			[37.390963,
			0.253905],
			[37.390802,
			0.253753],
			[37.390749001000017,
			0.25363299899999],
			[37.390651000999981,
			0.253336],
			[37.390617,
			0.253249],
			[37.390503001000013,
			0.252993],
			[37.390404,
			0.252882],
			[37.390275,
			0.25274],
			[37.390072001000021,
			0.252456],
			[37.389931,
			0.252307],
			[37.389835000999987,
			0.2522],
			[37.389639999,
			0.252152],
			[37.3894,
			0.252111],
			[37.389141,
			0.252091],
			[37.388783000999979,
			0.252113],
			[37.388528001,
			0.252132999000025],
			[37.388296,
			0.252146],
			[37.38791100100002,
			0.252184],
			[37.387523,
			0.252256],
			[37.387276998999987,
			0.252258],
			[37.387066,
			0.252242998999975],
			[37.386737,
			0.252123],
			[37.386683,
			0.252023]],
			[[37.424367001,
			0.27712599900002],
			[37.424355000999981,
			0.277255],
			[37.424355,
			0.277337],
			[37.424319,
			0.277549],
			[37.424319001000015,
			0.27771500099999],
			[37.424325001,
			0.277887998999972],
			[37.424332,
			0.278075],
			[37.424338,
			0.278222],
			[37.424309,
			0.278397],
			[37.424307,
			0.278595],
			[37.424284999,
			0.27878],
			[37.42428400099999,
			0.279058],
			[37.42428300099999,
			0.279252],
			[37.424261,
			0.27944],
			[37.424233,
			0.279623],
			[37.424177000999975,
			0.279742],
			[37.424156000999972,
			0.27983199900001],
			[37.42415,
			0.28],
			[37.42418600100001,
			0.28021800099998],
			[37.424229,
			0.280352],
			[37.424264,
			0.280465000999982],
			[37.424306,
			0.280602],
			[37.42437,
			0.280731999000011],
			[37.424447,
			0.280873],
			[37.424582,
			0.281028999],
			[37.424668,
			0.281174],
			[37.424784,
			0.281309],
			[37.424871000999985,
			0.281421],
			[37.424988,
			0.281534],
			[37.425143,
			0.281606],
			[37.425314001,
			0.281699999000011],
			[37.425366,
			0.281807999000023],
			[37.425396,
			0.281894998999974],
			[37.425411,
			0.28196],
			[37.425456,
			0.282062],
			[37.425562,
			0.282073],
			[37.425660000999983,
			0.282077],
			[37.42578199799999,
			0.28211],
			[37.425836,
			0.282241999],
			[37.425897,
			0.282359],
			[37.425955000999977,
			0.282478],
			[37.42603,
			0.282593],
			[37.426037001,
			0.282652],
			[37.426087000999985,
			0.282728999000028],
			[37.426119001000018,
			0.282801],
			[37.426164001000018,
			0.282898],
			[37.426196000999987,
			0.282983],
			[37.426254001000018,
			0.283094],
			[37.426319,
			0.283199],
			[37.42637700099999,
			0.283297],
			[37.426417,
			0.283396],
			[37.426475,
			0.283488001000023],
			[37.426533998000025,
			0.283585999000024],
			[37.42658,
			0.283639],
			[37.426672,
			0.283725],
			[37.426777,
			0.283844],
			[37.426849,
			0.283931000999985],
			[37.426948,
			0.28403],
			[37.427014,
			0.284137],
			[37.427047,
			0.284203],
			[37.427113,
			0.284284],
			[37.427166000999989,
			0.28435],
			[37.427219,
			0.284468999000012],
			[37.427285,
			0.28462700099999],
			[37.427292,
			0.284711001],
			[37.427298001,
			0.284777001],
			[37.427305000999979,
			0.284907],
			[37.427310998,
			0.284972],
			[37.427310998,
			0.285056],
			[37.427304000999982,
			0.285159001000011],
			[37.42729,
			0.285242],
			[37.427257000999987,
			0.285325999],
			[37.427238,
			0.285398],
			[37.427172000999974,
			0.285481],
			[37.427126,
			0.285559],
			[37.427093001,
			0.28563],
			[37.426969,
			0.285751],
			[37.426845,
			0.285785],
			[37.426689,
			0.285817001],
			[37.426599,
			0.285817],
			[37.426535,
			0.28583],
			[37.426464,
			0.28583],
			[37.426347001000011,
			0.285856],
			[37.426296,
			0.285856],
			[37.426186,
			0.28587600100002],
			[37.426108000999989,
			0.285881999000026],
			[37.42607,
			0.285895],
			[37.425985,
			0.285947001000011],
			[37.425901001,
			0.286031001000026],
			[37.425841,
			0.286135],
			[37.425808001,
			0.286220001],
			[37.425774000999979,
			0.286298000999977],
			[37.425734,
			0.286363],
			[37.425705998000012,
			0.286436],
			[37.425679,
			0.286508],
			[37.425632001,
			0.2866],
			[37.425597,
			0.28668],
			[37.425562,
			0.286799],
			[37.425525000999983,
			0.286953],
			[37.425483,
			0.287053],
			[37.425461000999974,
			0.287121],
			[37.425444001000017,
			0.28723],
			[37.425377,
			0.287444000999983],
			[37.42536,
			0.287536],
			[37.425342998000019,
			0.287641],
			[37.42532,
			0.28778],
			[37.425319,
			0.287885999000025],
			[37.425318,
			0.287999001],
			[37.425270001,
			0.28811299900002],
			[37.425202999000021,
			0.288206],
			[37.425176,
			0.288287],
			[37.42511600099999,
			0.288434],
			[37.425077,
			0.28851400100001],
			[37.425017,
			0.288614],
			[37.424977001,
			0.288707000999977],
			[37.424916,
			0.288781],
			[37.42477,
			0.288849],
			[37.424658001000012,
			0.28883700099999],
			[37.424588,
			0.288791],
			[37.424524001,
			0.288757998999984],
			[37.424474,
			0.288744999000016],
			[37.424388,
			0.28876],
			[37.424285,
			0.288863],
			[37.424198000999979,
			0.288974000999985],
			[37.424148,
			0.289052998999978],
			[37.424099,
			0.289144998999973],
			[37.424057000999987,
			0.289258],
			[37.424043,
			0.289318],
			[37.424007001,
			0.289405],
			[37.424007,
			0.289507],
			[37.424007,
			0.289645],
			[37.424007,
			0.289755],
			[37.424014000999989,
			0.289872],
			[37.424014,
			0.289968],
			[37.424042000999975,
			0.290078999],
			[37.424049,
			0.290167999],
			[37.424062999,
			0.290264001000025],
			[37.424105,
			0.290373999],
			[37.424147,
			0.29047],
			[37.424202,
			0.290559],
			[37.424291,
			0.29066799899999],
			[37.424373,
			0.290771],
			[37.424571,
			0.29098299899999],
			[37.424653001000024,
			0.291079],
			[37.424776001,
			0.291223],
			[37.424865,
			0.291293],
			[37.424991001000024,
			0.291454000999977],
			[37.425061001000017,
			0.291547],
			[37.425139,
			0.291661001000023],
			[37.425225,
			0.291798001000018],
			[37.425275000999989,
			0.291898999000011],
			[37.425304000999972,
			0.291963001],
			[37.42534,
			0.292056],
			[37.42534100099999,
			0.292206001000011],
			[37.42534200099999,
			0.292278],
			[37.425307,
			0.29239099900002],
			[37.425308,
			0.292499],
			[37.425309,
			0.292592999000021],
			[37.42535399799999,
			0.292748],
			[37.425390999,
			0.29283],
			[37.425499998000021,
			0.292953],
			[37.425632,
			0.293026],
			[37.425738,
			0.293067],
			[37.425823001000026,
			0.293121],
			[37.425915,
			0.293145998999989],
			[37.42608500099999,
			0.293165000999977],
			[37.426148001,
			0.29318],
			[37.426241999000013,
			0.29318999899999],
			[37.42638,
			0.293209],
			[37.426430001000028,
			0.293224],
			[37.426457,
			0.293290001],
			[37.426485,
			0.293388],
			[37.426488,
			0.29347500099999],
			[37.426493,
			0.293624001000012],
			[37.426549,
			0.293777001000024],
			[37.426691,
			0.293924],
			[37.4268,
			0.293996],
			[37.426983,
			0.294047],
			[37.427107,
			0.294063],
			[37.427178,
			0.294113],
			[37.427273,
			0.294177],
			[37.427426001000015,
			0.294284],
			[37.427532000999975,
			0.294363998999984],
			[37.427656,
			0.294444],
			[37.427779,
			0.294546],
			[37.427894,
			0.294601],
			[37.42799800099999,
			0.294681998999977],
			[37.428159998000012,
			0.294804000999989],
			[37.428337,
			0.294925],
			[37.428444001,
			0.295057000999975],
			[37.428488,
			0.295138],
			[37.428490712999974,
			0.295163677],
			[37.428503001000024,
			0.295280000999981]],
			[[37.376459999000019,
			0.235435],
			[37.376663,
			0.237506],
			[37.376757000999987,
			0.238816],
			[37.376731998000025,
			0.239181],
			[37.376709001,
			0.239788998999984],
			[37.376734,
			0.239971],
			[37.37678,
			0.240276999],
			[37.376849000999982,
			0.241245],
			[37.376891,
			0.24221],
			[37.376887,
			0.243877],
			[37.376833001000023,
			0.245717],
			[37.376769,
			0.246114],
			[37.376769001000014,
			0.246151],
			[37.37673,
			0.246434998999973],
			[37.376462,
			0.247201],
			[37.376268,
			0.247766],
			[37.376254,
			0.24781],
			[37.375914001000012,
			0.248524],
			[37.375898,
			0.248636],
			[37.375867,
			0.248759],
			[37.375863,
			0.248858],
			[37.375952,
			0.249022],
			[37.376013,
			0.249147000999983],
			[37.376075,
			0.249285000999976],
			[37.37614800099999,
			0.24946],
			[37.37631,
			0.24966100099999],
			[37.377183,
			0.250855999],
			[37.377291,
			0.251019],
			[37.377449001,
			0.251133],
			[37.377606,
			0.251259],
			[37.377781,
			0.251335],
			[37.377954,
			0.2515],
			[37.378076997999983,
			0.251614],
			[37.378191,
			0.251804],
			[37.378316,
			0.251943],
			[37.378428000999975,
			0.252121],
			[37.378564000999972,
			0.252312],
			[37.378625,
			0.252478],
			[37.378737,
			0.252722001],
			[37.378788,
			0.252733998999986],
			[37.378956,
			0.252864]],
			[[37.4564,
			0.251983],
			[37.456205,
			0.251773],
			[37.456095,
			0.251732],
			[37.455945,
			0.25169],
			[37.455774001,
			0.251662001],
			[37.455633,
			0.251624],
			[37.455482,
			0.251623],
			[37.455343,
			0.251623],
			[37.45515100099999,
			0.251546],
			[37.45493,
			0.251447],
			[37.45474500099999,
			0.251348001],
			[37.454609,
			0.251299],
			[37.454420997999989,
			0.251086],
			[37.454347000999974,
			0.250999],
			[37.454259,
			0.250849],
			[37.454184,
			0.250711],
			[37.454044,
			0.250474],
			[37.453956,
			0.250374],
			[37.453746,
			0.250261],
			[37.453719,
			0.250174999000023],
			[37.453691,
			0.250026999],
			[37.453614001,
			0.249917],
			[37.453546,
			0.249702],
			[37.45354,
			0.249537998999983],
			[37.453342,
			0.249422998999989],
			[37.453208,
			0.249411],
			[37.453050001,
			0.24939999899999],
			[37.452905,
			0.249367],
			[37.452747,
			0.249459],
			[37.452553,
			0.249449],
			[37.452481,
			0.249416],
			[37.45235,
			0.249394999],
			[37.452158000999987,
			0.24935],
			[37.451992,
			0.249316998999973],
			[37.45177300099999,
			0.249150000999975],
			[37.451693001000024,
			0.249083],
			[37.451496,
			0.248924],
			[37.451427,
			0.248868],
			[37.451068,
			0.248698],
			[37.450894,
			0.248595],
			[37.450721,
			0.248457],
			[37.450617,
			0.248364],
			[37.450489000999987,
			0.248272],
			[37.45035,
			0.248157],
			[37.45023100100002,
			0.248026],
			[37.450109999,
			0.247893001000023],
			[37.450044,
			0.247722],
			[37.449977,
			0.247573],
			[37.449967001,
			0.247354],
			[37.449897,
			0.247249],
			[37.449755001000028,
			0.247084001000019],
			[37.449677,
			0.246949],
			[37.44962300100002,
			0.246848999],
			[37.44959,
			0.24668],
			[37.449541,
			0.246552],
			[37.449447997999982,
			0.24647],
			[37.449334001000011,
			0.24631],
			[37.449227,
			0.24621399900002],
			[37.449097,
			0.246095],
			[37.448908,
			0.245905000999983],
			[37.448706999000024,
			0.245704],
			[37.448708,
			0.245693],
			[37.448672,
			0.245531],
			[37.448561,
			0.24527999899999],
			[37.44852000100002,
			0.245072000999983],
			[37.448359,
			0.24487700100002],
			[37.448301,
			0.244808001000024],
			[37.448166001,
			0.244671],
			[37.447958,
			0.244635999000025],
			[37.447842,
			0.244578000999979],
			[37.447705,
			0.244452],
			[37.447614,
			0.244256999000015],
			[37.447546,
			0.24411999900002],
			[37.44743,
			0.244005],
			[37.447307001000013,
			0.243845],
			[37.447267,
			0.243607],
			[37.447109,
			0.243414],
			[37.446975001,
			0.243176],
			[37.446838,
			0.24307299899999],
			[37.446562001000018,
			0.243014999000025],
			[37.446469,
			0.242946],
			[37.446285,
			0.242808],
			[37.4461,
			0.242783],
			[37.445961,
			0.242703],
			[37.445777,
			0.242506999],
			[37.445592,
			0.242301],
			[37.445428000999982,
			0.24216],
			[37.445212998999978,
			0.241913999000019],
			[37.445178000999988,
			0.241833],
			[37.445033,
			0.24166800099999],
			[37.44498,
			0.241546001000017]],
			[[37.469821,
			0.224920000999987],
			[37.469677,
			0.224983999000017],
			[37.46954,
			0.225087],
			[37.469444,
			0.225132],
			[37.469284,
			0.225278999000011],
			[37.469128,
			0.225385999000025],
			[37.468957000999978,
			0.22551099899999],
			[37.468747,
			0.225622999],
			[37.468601,
			0.225579001000028],
			[37.468523000999987,
			0.225548],
			[37.46835,
			0.225531],
			[37.468274001,
			0.22561],
			[37.468132,
			0.225721001000011],
			[37.468038,
			0.225814],
			[37.467955001,
			0.225926],
			[37.467880998999988,
			0.22603],
			[37.467717,
			0.226099001000023],
			[37.467600000999987,
			0.226144],
			[37.467457,
			0.226248999],
			[37.467351,
			0.226239],
			[37.467307001,
			0.226156],
			[37.467325,
			0.226052],
			[37.467334,
			0.226],
			[37.467342,
			0.225833001000012],
			[37.467360000999975,
			0.225711],
			[37.46736,
			0.22551],
			[37.467325,
			0.225359998999977],
			[37.467307001,
			0.225298],
			[37.467273,
			0.225208999000017],
			[37.467238,
			0.225087],
			[37.467212,
			0.224974],
			[37.467124997999974,
			0.224808],
			[37.467064,
			0.224676999],
			[37.467021,
			0.224564],
			[37.46702099800001,
			0.224425],
			[37.467021,
			0.224286001],
			[37.467037,
			0.224164],
			[37.466986001,
			0.224025],
			[37.46696,
			0.223947],
			[37.466866,
			0.223872],
			[37.466799,
			0.223796],
			[37.466732,
			0.223738001000015],
			[37.466665,
			0.223611999000013],
			[37.466566,
			0.223513998999977],
			[37.466533001000016,
			0.223456],
			[37.46646,
			0.223417000999973],
			[37.46632200099998,
			0.22337299899999],
			[37.466211000999976,
			0.223363001],
			[37.466124001000026,
			0.223368000999983],
			[37.46599100100002,
			0.223316],
			[37.465851,
			0.223307],
			[37.465751001,
			0.223312998999972],
			[37.465691,
			0.223347999],
			[37.465555,
			0.223323],
			[37.465495001000022,
			0.223261],
			[37.465384,
			0.223171],
			[37.465331,
			0.223109],
			[37.465294001000018,
			0.223023],
			[37.465227,
			0.22293],
			[37.46519,
			0.222876000999975]],
			[[37.371229,
			0.246852],
			[37.371395,
			0.246793998999976],
			[37.371537000999979,
			0.246763],
			[37.371729,
			0.246742],
			[37.371970001000022,
			0.246681],
			[37.37206199799999,
			0.246709001],
			[37.372173001000021,
			0.246747],
			[37.37233500100001,
			0.246833001000027],
			[37.372516001,
			0.246898000999977],
			[37.372627,
			0.246963999],
			[37.372893001000023,
			0.247008],
			[37.373118,
			0.246996998999975],
			[37.37331,
			0.246980999000016],
			[37.373536,
			0.246986999],
			[37.373748,
			0.246961],
			[37.37396,
			0.246949],
			[37.374075000999987,
			0.246985],
			[37.374249997999982,
			0.247019],
			[37.374427,
			0.24711],
			[37.374559001000023,
			0.247138],
			[37.374876001000018,
			0.24722699900002],
			[37.375072000999978,
			0.247221],
			[37.375256998,
			0.247227],
			[37.375451,
			0.24724299899998],
			[37.375707,
			0.247313],
			[37.375954,
			0.247379],
			[37.376091998999982,
			0.24743],
			[37.376108,
			0.247429],
			[37.37618199799999,
			0.247538001],
			[37.376242,
			0.247634],
			[37.376268,
			0.247766]],
			[[37.477348001,
			0.192465],
			[37.481421,
			0.192466],
			[37.482253,
			0.19265],
			[37.483079,
			0.193109],
			[37.484885999000028,
			0.194613],
			[37.491571001000011,
			0.187258],
			[37.492462837,
			0.187224757000024],
			[37.49251,
			0.187223001],
			[37.492748001,
			0.187226],
			[37.493388001000028,
			0.18696],
			[37.493624,
			0.186926998999979],
			[37.493994,
			0.186927],
			[37.494329000999983,
			0.186926001000018],
			[37.495322,
			0.186650000999975],
			[37.496576,
			0.186406001000023],
			[37.497368,
			0.186302],
			[37.497840000999986,
			0.186303],
			[37.498304001,
			0.186269001000028],
			[37.49869800099998,
			0.1862],
			[37.499214000999984,
			0.185994],
			[37.500770000999978,
			0.18560899900001],
			[37.502146998,
			0.185665],
			[37.503166001000011,
			0.185796],
			[37.503658,
			0.185861],
			[37.50401499899999,
			0.18586],
			[37.504555998,
			0.185691],
			[37.507327,
			0.184487]],
			[[37.475100000999987,
			0.240882999],
			[37.475284,
			0.240771],
			[37.475517,
			0.240702999],
			[37.475684,
			0.240655],
			[37.475817999000014,
			0.240554],
			[37.475968,
			0.240338],
			[37.476076,
			0.240227],
			[37.47611,
			0.240134001],
			[37.476205,
			0.240034],
			[37.476441,
			0.239796],
			[37.47663,
			0.239713],
			[37.476759,
			0.239709999000013],
			[37.476923,
			0.239719],
			[37.477108,
			0.239749],
			[37.47726000099999,
			0.239825],
			[37.477356,
			0.239878],
			[37.477515,
			0.239921],
			[37.477653,
			0.239995],
			[37.477758,
			0.240048],
			[37.477893,
			0.24009],
			[37.478069000999987,
			0.240192],
			[37.478182,
			0.240224],
			[37.478325,
			0.240275000999986],
			[37.478543,
			0.240389],
			[37.478573,
			0.240581],
			[37.478479,
			0.240730000999974],
			[37.478358,
			0.240938],
			[37.47845300099999,
			0.241018],
			[37.478605,
			0.241048],
			[37.478796000999978,
			0.24105],
			[37.478815000999987,
			0.24103],
			[37.479801,
			0.241006],
			[37.481037,
			0.241068],
			[37.481266,
			0.241069],
			[37.481617001000018,
			0.241109],
			[37.481833999,
			0.241147],
			[37.482081,
			0.24120399899999],
			[37.48325300099998,
			0.24164],
			[37.484438,
			0.24213],
			[37.485306001000026,
			0.242424],
			[37.485703,
			0.242568],
			[37.48607,
			0.242858999000021],
			[37.486201,
			0.242994],
			[37.486296,
			0.243053001000021],
			[37.48641,
			0.243132],
			[37.486505,
			0.243171],
			[37.486668,
			0.243220001],
			[37.486782,
			0.24327],
			[37.486907,
			0.243289999000012],
			[37.487136998999972,
			0.24331],
			[37.487291,
			0.24331],
			[37.487454,
			0.243311],
			[37.487609,
			0.243265],
			[37.487775000999989,
			0.243259998999974],
			[37.487853,
			0.243242],
			[37.48801,
			0.243237],
			[37.48817900099999,
			0.243242],
			[37.488319,
			0.243247000999986],
			[37.488525,
			0.243335],
			[37.488639,
			0.24344],
			[37.488723,
			0.243534],
			[37.488839,
			0.243639],
			[37.48894400099999,
			0.243734],
			[37.489017000999979,
			0.243817],
			[37.489164,
			0.243874],
			[37.489353000999984,
			0.244023],
			[37.489378,
			0.244075]],
			[[37.429715,
			0.16706],
			[37.429653,
			0.166983],
			[37.429589,
			0.166916],
			[37.429482001,
			0.166869],
			[37.429404,
			0.166832999],
			[37.42936000100002,
			0.16677],
			[37.429321,
			0.166728],
			[37.429268001000025,
			0.166672],
			[37.429220000999976,
			0.16662100100001],
			[37.429163,
			0.16658],
			[37.429116001000011,
			0.166559],
			[37.429042,
			0.166558999000017],
			[37.428948,
			0.166559001],
			[37.428845,
			0.166559],
			[37.428738,
			0.166559],
			[37.428622,
			0.166543],
			[37.42854300099998,
			0.166531998999972],
			[37.428483,
			0.166517],
			[37.428448,
			0.166462998999975],
			[37.428479001000028,
			0.166351],
			[37.428518,
			0.166289],
			[37.428535,
			0.166207],
			[37.42857399799999,
			0.166117000999975],
			[37.428594,
			0.166069999],
			[37.428601,
			0.165995],
			[37.428594001000022,
			0.16594],
			[37.428578,
			0.165861999000015],
			[37.428553,
			0.165808],
			[37.42849300099999,
			0.165753999],
			[37.428451,
			0.165699999000026],
			[37.428370001000019,
			0.165638],
			[37.42826800099999,
			0.165555],
			[37.428230000999974,
			0.165504]],
			[[37.493528001000016,
			0.168563001],
			[37.493442,
			0.168626999000026],
			[37.493367257999978,
			0.16870672499999],
			[37.493352,
			0.168723],
			[37.493289,
			0.168834],
			[37.493246,
			0.168904],
			[37.493163001000028,
			0.168994999],
			[37.493079001000012,
			0.169063999],
			[37.492996001,
			0.169144],
			[37.492912,
			0.169266],
			[37.492807001000017,
			0.169355],
			[37.492724,
			0.169446000999983],
			[37.492630001,
			0.169515],
			[37.492546,
			0.169606],
			[37.492442,
			0.169707001],
			[37.49238,
			0.169788],
			[37.492317001,
			0.16989],
			[37.492275001,
			0.16995],
			[37.49217,
			0.170072],
			[37.492107001000022,
			0.170164],
			[37.492013,
			0.170255],
			[37.491949,
			0.170325999],
			[37.491885998999976,
			0.170417000999976],
			[37.491812,
			0.170488],
			[37.491747998999983,
			0.17061],
			[37.491663,
			0.170732000999976],
			[37.491599999000016,
			0.170813999000018],
			[37.491555999000013,
			0.170946999000023],
			[37.491533,
			0.17104],
			[37.49148900099999,
			0.171153],
			[37.491425,
			0.171245],
			[37.49134,
			0.171357],
			[37.491278,
			0.171407],
			[37.491193,
			0.171499],
			[37.491088,
			0.171578999000019],
			[37.491014,
			0.17164],
			[37.49092,
			0.171721],
			[37.490836,
			0.171782],
			[37.490711,
			0.171801],
			[37.490587,
			0.171819998999979],
			[37.490452000999987,
			0.171859000999973],
			[37.490305,
			0.171918999000013],
			[37.49018,
			0.171979001000011],
			[37.490045,
			0.171998],
			[37.489941000999977,
			0.172017],
			[37.489815001000011,
			0.172077],
			[37.48973,
			0.172157998999978],
			[37.489604,
			0.17221899899999],
			[37.489539001000026,
			0.172301],
			[37.489454,
			0.172403998999982],
			[37.489388999000028,
			0.172487],
			[37.489345001,
			0.172601],
			[37.489342,
			0.172696],
			[37.48935,
			0.17281],
			[37.489326,
			0.172945],
			[37.489303001,
			0.173038],
			[37.489281,
			0.173058],
			[37.489253,
			0.173355001],
			[37.489189,
			0.173436998999989],
			[37.489123,
			0.17354899899999],
			[37.489121,
			0.17365300099999],
			[37.489076,
			0.173766],
			[37.489031,
			0.173879],
			[37.489028001,
			0.174003],
			[37.489005,
			0.174107],
			[37.48894,
			0.174209],
			[37.488895,
			0.174312000999976],
			[37.488831000999987,
			0.174383],
			[37.488744,
			0.17448500099999],
			[37.488657,
			0.174587],
			[37.488571,
			0.174668999],
			[37.488496,
			0.174729],
			[37.488409,
			0.174832],
			[37.488343998999987,
			0.174903],
			[37.488279,
			0.174975],
			[37.488192,
			0.175078],
			[37.488177,
			0.175213],
			[37.488174,
			0.17532799899999],
			[37.48815,
			0.175432],
			[37.488126,
			0.175557],
			[37.488102,
			0.175662],
			[37.488036001000012,
			0.175755],
			[37.48797,
			0.175827],
			[37.487883,
			0.17592],
			[37.487786,
			0.176002000999972],
			[37.487669000999972,
			0.176042],
			[37.487539,
			0.176123],
			[37.487423,
			0.176142],
			[37.487316997999983,
			0.176161],
			[37.48719,
			0.176200000999984],
			[37.487114,
			0.176261],
			[37.487018,
			0.176322001000017],
			[37.486931001000016,
			0.176405],
			[37.486845,
			0.176476],
			[37.486801,
			0.176539],
			[37.486703001000024,
			0.176652],
			[37.486628000999985,
			0.176702998999986],
			[37.48653,
			0.176786],
			[37.486424,
			0.176825001],
			[37.486328,
			0.176866001],
			[37.48622,
			0.176927],
			[37.486134,
			0.176988],
			[37.48601700099999,
			0.177028],
			[37.48593,
			0.17709],
			[37.485864,
			0.177152],
			[37.485754,
			0.177276999000014],
			[37.485750000999985,
			0.177393],
			[37.485767,
			0.17751],
			[37.485784,
			0.177658],
			[37.485801001000027,
			0.177775],
			[37.485777000999974,
			0.17786],
			[37.485667,
			0.177995],
			[37.485601,
			0.178078],
			[37.485536001000014,
			0.178172],
			[37.485438,
			0.178254001000028],
			[37.485351,
			0.178358],
			[37.485287001000017,
			0.178399],
			[37.485159,
			0.17846],
			[37.485096,
			0.178513],
			[37.485033000999977,
			0.178566],
			[37.484983999,
			0.178592001000027],
			[37.484907,
			0.178658],
			[37.484823,
			0.178696],
			[37.484774,
			0.178749],
			[37.484731,
			0.178802999000027],
			[37.484688,
			0.17887],
			[37.484631,
			0.178923],
			[37.484588,
			0.17899],
			[37.484545001000015,
			0.179058],
			[37.484529,
			0.17914],
			[37.484500001000015,
			0.179207],
			[37.484498,
			0.179283],
			[37.484496,
			0.17935799899999],
			[37.484466,
			0.17944],
			[37.484424000999979,
			0.179501],
			[37.484408,
			0.179569],
			[37.484378,
			0.179658],
			[37.484349001,
			0.179732999],
			[37.484319,
			0.179801],
			[37.484262,
			0.179889],
			[37.484247001000028,
			0.179943],
			[37.48421700099999,
			0.180012],
			[37.484175,
			0.180066],
			[37.484132,
			0.180126998999981],
			[37.484074997999983,
			0.180186999],
			[37.483996,
			0.180296],
			[37.483953,
			0.18037],
			[37.483951,
			0.180446],
			[37.483935,
			0.180514999000025],
			[37.483919,
			0.18059],
			[37.48389,
			0.18065199900002],
			[37.483833000999986,
			0.180726],
			[37.48380400100001,
			0.180795000999979],
			[37.483775,
			0.180863],
			[37.483759,
			0.180945],
			[37.483757001000015,
			0.181014],
			[37.48375500100002,
			0.181097],
			[37.483753,
			0.181166],
			[37.483724,
			0.181235],
			[37.483707,
			0.181317],
			[37.483706000999973,
			0.181379999],
			[37.483717001,
			0.181456],
			[37.483715,
			0.181533],
			[37.483712001000015,
			0.181622999000012],
			[37.483682,
			0.181705],
			[37.483638,
			0.181774],
			[37.483567,
			0.181849],
			[37.483538,
			0.181876],
			[37.483466,
			0.181959]],
			[[37.293941,
			0.159982],
			[37.293938,
			0.159987999],
			[37.294550001,
			0.160584],
			[37.295457,
			0.161399],
			[37.296224,
			0.16211800100001],
			[37.29671700099999,
			0.162542],
			[37.297672,
			0.163368],
			[37.29782306300001,
			0.163500321000015],
			[37.299276,
			0.164772998999979],
			[37.299663,
			0.165197998999986],
			[37.299941,
			0.165503],
			[37.300639000999979,
			0.166066],
			[37.301196000999987,
			0.166517],
			[37.302725,
			0.167680999000027],
			[37.302961,
			0.167863],
			[37.302961001000028,
			0.167847000999984],
			[37.303154,
			0.167976],
			[37.303728001000025,
			0.168427],
			[37.304443546000016,
			0.169405508000011],
			[37.304528,
			0.169521],
			[37.304817,
			0.169939],
			[37.30508,
			0.170181],
			[37.305332,
			0.17031],
			[37.305987,
			0.170792],
			[37.306791998999984,
			0.172112],
			[37.30725800099998,
			0.172761],
			[37.307376001000023,
			0.173002],
			[37.308100001000014,
			0.173614],
			[37.308771,
			0.174301001],
			[37.308878,
			0.174928001000012],
			[37.308857,
			0.175529],
			[37.308959001,
			0.176312],
			[37.309511,
			0.176361],
			[37.310311001,
			0.176151],
			[37.311652,
			0.175808],
			[37.312682,
			0.176023],
			[37.313299,
			0.176318],
			[37.313658,
			0.177026],
			[37.314162001,
			0.177369],
			[37.315262001,
			0.178104001],
			[37.315895001,
			0.178399],
			[37.317483,
			0.178844],
			[37.317966001,
			0.178945999],
			[37.318432,
			0.179138998999974],
			[37.318556,
			0.179161001000011],
			[37.31891,
			0.179306000999986],
			[37.319612,
			0.179869],
			[37.320174,
			0.180084001000012],
			[37.320653,
			0.180169001000024],
			[37.320772,
			0.180185],
			[37.32084,
			0.180202],
			[37.320952,
			0.18022],
			[37.321031,
			0.180237],
			[37.321117,
			0.180228999],
			[37.321240000999978,
			0.18023],
			[37.321337,
			0.180266],
			[37.322097,
			0.180388],
			[37.322288001,
			0.180409],
			[37.322369,
			0.180401],
			[37.322506001000022,
			0.180403],
			[37.322607,
			0.180422],
			[37.322708001000024,
			0.18044100100002],
			[37.322809,
			0.180443],
			[37.322911001000023,
			0.180462],
			[37.323014,
			0.180498999],
			[37.323125,
			0.180501],
			[37.323209,
			0.18052],
			[37.323313,
			0.180557],
			[37.323359,
			0.180558],
			[37.323656001000018,
			0.180527],
			[37.325224,
			0.180244],
			[37.327595,
			0.17970800099999],
			[37.32897900099999,
			0.179231],
			[37.331216,
			0.178495999],
			[37.331581,
			0.178345],
			[37.331787,
			0.178292],
			[37.331824,
			0.178280001000019],
			[37.331857,
			0.178272],
			[37.332017,
			0.178210998999987],
			[37.332047,
			0.178207],
			[37.332088,
			0.17819799900002],
			[37.332121,
			0.178181999],
			[37.33217399900002,
			0.178162],
			[37.332225999,
			0.178141],
			[37.332286001,
			0.178132],
			[37.332324001000018,
			0.178124],
			[37.332358,
			0.178107],
			[37.332399999000017,
			0.17808700099999],
			[37.332453,
			0.178066],
			[37.332487001,
			0.178051],
			[37.332529,
			0.178039],
			[37.332575,
			0.178026],
			[37.332629,
			0.17800699899999],
			[37.332672,
			0.177987],
			[37.33271,
			0.177971],
			[37.332753,
			0.177951],
			[37.332795,
			0.177930999000012],
			[37.332834000999981,
			0.177915000999974],
			[37.332872001,
			0.177911000999984],
			[37.332926,
			0.177899],
			[37.332957,
			0.177898],
			[37.332992,
			0.17789],
			[37.33305,
			0.177878],
			[37.333093,
			0.177873001000023],
			[37.33314,
			0.177861],
			[37.333186,
			0.177852998999981],
			[37.333241,
			0.177844999],
			[37.333358,
			0.177828],
			[37.333397,
			0.17782699899999],
			[37.333444,
			0.177841],
			[37.333475,
			0.177856],
			[37.333526001,
			0.17787],
			[37.333569,
			0.177893],
			[37.333616,
			0.177906999000015],
			[37.333652,
			0.177913999],
			[37.333687,
			0.177921],
			[37.333735,
			0.177926999000022],
			[37.333771,
			0.177948999000023],
			[37.333815,
			0.177964],
			[37.333863,
			0.177977999],
			[37.333903,
			0.177992],
			[37.333947,
			0.177999],
			[37.333983000999979,
			0.178006],
			[37.334027,
			0.17802100099999],
			[37.334063,
			0.17804300099999],
			[37.334103,
			0.178058],
			[37.33416,
			0.178081],
			[37.334188,
			0.178112],
			[37.334216001000016,
			0.178136],
			[37.334252,
			0.178150999000025],
			[37.3343,
			0.178175],
			[37.334336,
			0.178198],
			[37.334381,
			0.178221],
			[37.33442100100001,
			0.178245],
			[37.334457,
			0.178268],
			[37.334482,
			0.178296],
			[37.334634000999984,
			0.17837],
			[37.334663,
			0.178411],
			[37.334687,
			0.178446],
			[37.334722,
			0.178478],
			[37.334749000999977,
			0.17850199899999],
			[37.334788,
			0.178533],
			[37.334815,
			0.178564000999984],
			[37.334842,
			0.178588],
			[37.334885000999975,
			0.178615],
			[37.334916,
			0.178639001000022],
			[37.334954,
			0.17867],
			[37.334994,
			0.178694],
			[37.335021,
			0.178718],
			[37.335052,
			0.17875],
			[37.335095,
			0.178793],
			[37.335130000999982,
			0.178817],
			[37.335157998999989,
			0.178825],
			[37.335186,
			0.178849],
			[37.335233,
			0.178889],
			[37.335252,
			0.178917],
			[37.335292,
			0.178956998999979],
			[37.335327,
			0.178989],
			[37.335375000999989,
			0.179013999],
			[37.335411,
			0.179045998999982],
			[37.335447000999977,
			0.179062],
			[37.33547900100001,
			0.179086000999973],
			[37.335519,
			0.179119],
			[37.335567,
			0.179150999],
			[37.335604000999979,
			0.179176000999973],
			[37.335652001000028,
			0.179192],
			[37.335696998,
			0.179224998999985],
			[37.335725,
			0.179258],
			[37.335749,
			0.179303],
			[37.335769,
			0.179344],
			[37.335785,
			0.179381],
			[37.335813,
			0.179426001000024],
			[37.335837,
			0.179468000999975],
			[37.335862,
			0.179518],
			[37.335882,
			0.179568001],
			[37.335902,
			0.179597],
			[37.335927001000016,
			0.179639],
			[37.335955001,
			0.179677],
			[37.335976,
			0.179715],
			[37.336005,
			0.179760999],
			[37.336042,
			0.17980799899999],
			[37.336071,
			0.17985],
			[37.3361,
			0.179879998999979],
			[37.336133,
			0.179914],
			[37.336158,
			0.17995799900001],
			[37.336196,
			0.179997],
			[37.336217,
			0.180041],
			[37.336243,
			0.180094],
			[37.336273,
			0.180144],
			[37.336307,
			0.180189],
			[37.336324998,
			0.18023],
			[37.336351001000025,
			0.180271],
			[37.336372,
			0.18031600099999],
			[37.336398,
			0.180360001],
			[37.336433,
			0.180405999000016],
			[37.336459,
			0.180442],
			[37.33649900099999,
			0.180492],
			[37.336525000999984,
			0.180529],
			[37.336551998,
			0.180565],
			[37.336600001000022,
			0.180606001],
			[37.336625001000016,
			0.180631],
			[37.336677,
			0.180665001000023],
			[37.336707,
			0.180682999],
			[37.336772000999986,
			0.180701000999989],
			[37.336807,
			0.180702],
			[37.336856,
			0.180698001],
			[37.336891,
			0.180695],
			[37.336957,
			0.180684],
			[37.337005001000023,
			0.180676999000013],
			[37.33704,
			0.180669],
			[37.337098,
			0.180641],
			[37.337147001,
			0.180621],
			[37.337188,
			0.180606],
			[37.33724700099998,
			0.180583],
			[37.337283,
			0.180574],
			[37.337353001,
			0.180548999],
			[37.337402,
			0.180531998999982],
			[37.337396,
			0.180529],
			[37.338746,
			0.18007400099998],
			[37.338921,
			0.18008],
			[37.338969,
			0.180079],
			[37.339021,
			0.180088],
			[37.33906,
			0.180096000999981],
			[37.339113,
			0.180095000999984],
			[37.339151997999977,
			0.180093999],
			[37.339209000999972,
			0.180083998999976],
			[37.339257001000021,
			0.180093],
			[37.339306,
			0.18011],
			[37.33936,
			0.180128],
			[37.339409,
			0.180155],
			[37.339463,
			0.180182],
			[37.339522,
			0.180209],
			[37.339571,
			0.180226],
			[37.339634,
			0.180244],
			[37.339675,
			0.180271],
			[37.33973,
			0.18028],
			[37.33978,
			0.180289],
			[37.339835000999983,
			0.180316999000013],
			[37.339881000999981,
			0.180344],
			[37.33993700100001,
			0.180372],
			[37.339978,
			0.180380999000022],
			[37.340047,
			0.180389999],
			[37.340088,
			0.180408],
			[37.340148,
			0.180436],
			[37.340209,
			0.180473],
			[37.340264,
			0.180482000999973],
			[37.340302001,
			0.180491],
			[37.340334,
			0.180519],
			[37.340573,
			0.180673],
			[37.340606001000026,
			0.18071],
			[37.340652,
			0.180757],
			[37.34069,
			0.180788999000015],
			[37.340723,
			0.180817],
			[37.340755,
			0.180855],
			[37.340797,
			0.180901999000014],
			[37.340854,
			0.180953],
			[37.340881,
			0.18099],
			[37.34093,
			0.181038],
			[37.340965,
			0.18108200099999],
			[37.341009,
			0.181134],
			[37.341042001,
			0.181177],
			[37.341076,
			0.181220000999986],
			[37.341125,
			0.181273],
			[37.341148,
			0.181311000999983],
			[37.341181,
			0.181358000999978],
			[37.341215,
			0.181401],
			[37.341248999000015,
			0.18144399900001],
			[37.341272,
			0.181485999000017],
			[37.341295,
			0.181533],
			[37.341328001000022,
			0.18159],
			[37.341346,
			0.181636],
			[37.341374,
			0.181683],
			[37.341413000999978,
			0.181727],
			[37.341436,
			0.181778],
			[37.341469,
			0.18183000099998],
			[37.34149800099999,
			0.181872999],
			[37.341516,
			0.181914],
			[37.341533,
			0.18197],
			[37.341558,
			0.182018],
			[37.341582,
			0.182071],
			[37.341596,
			0.182127],
			[37.341605001,
			0.18216],
			[37.341614000999982,
			0.182215],
			[37.341618,
			0.182257000999982],
			[37.341626,
			0.182317],
			[37.341624,
			0.182366],
			[37.341632998000023,
			0.182412],
			[37.341636000999983,
			0.18245699900001],
			[37.34163300099999,
			0.1825],
			[37.34164,
			0.182544001],
			[37.341636,
			0.182602998999982],
			[37.341633,
			0.182641],
			[37.341631,
			0.182685000999982],
			[37.341619,
			0.182742],
			[37.341608,
			0.18278],
			[37.341561797,
			0.182983115000013],
			[37.341555,
			0.183012999000027],
			[37.341531998999983,
			0.183053],
			[37.341508,
			0.183107],
			[37.341484001000026,
			0.18316],
			[37.34145,
			0.183209],
			[37.341391998,
			0.183350001],
			[37.341357,
			0.183374],
			[37.341318,
			0.183411],
			[37.341273,
			0.183448],
			[37.341247,
			0.183488001],
			[37.341197001000012,
			0.183528],
			[37.341162,
			0.183564],
			[37.341111,
			0.183599999000023],
			[37.341079001000026,
			0.183626],
			[37.341047,
			0.183657],
			[37.341007,
			0.183701],
			[37.34098,
			0.183728],
			[37.340925001000016,
			0.183772],
			[37.34089,
			0.183816],
			[37.340867,
			0.183829],
			[37.340822,
			0.183872],
			[37.340789673000018,
			0.183900284],
			[37.340782,
			0.183907],
			[37.340737,
			0.18395],
			[37.340706,
			0.18398],
			[37.340675,
			0.184015],
			[37.340636,
			0.184057999],
			[37.34062,
			0.184101999],
			[37.340603,
			0.184137],
			[37.340588,
			0.184195],
			[37.340563,
			0.184248],
			[37.340538,
			0.184298],
			[37.340503,
			0.184342],
			[37.340468000999977,
			0.184369],
			[37.340419000999987,
			0.184402001000024],
			[37.340366001,
			0.184435],
			[37.340313001000027,
			0.184468],
			[37.340269,
			0.184492],
			[37.340217,
			0.184506],
			[37.340166,
			0.184529],
			[37.340119,
			0.184551999],
			[37.340081,
			0.184576],
			[37.340034,
			0.184609],
			[37.339992,
			0.184641000999989],
			[37.339954,
			0.184674],
			[37.339916001,
			0.184707],
			[37.339899,
			0.184752],
			[37.339888998999982,
			0.184802],
			[37.339891001000012,
			0.18484999899999],
			[37.339898,
			0.1849],
			[37.339909,
			0.184955],
			[37.339924,
			0.185007000999974],
			[37.339948,
			0.185060998999973],
			[37.339973,
			0.185100998999985],
			[37.339998,
			0.185147],
			[37.340032001,
			0.185194998999975],
			[37.340076,
			0.185256],
			[37.340107,
			0.1853],
			[37.340134,
			0.185343999],
			[37.340180001000022,
			0.185412],
			[37.340228001000014,
			0.185460998999986],
			[37.340266000999975,
			0.18548800100001],
			[37.340314001000024,
			0.18554799899999],
			[37.340368001,
			0.185605],
			[37.340413,
			0.185655],
			[37.340444,
			0.18569700099999],
			[37.340469000999974,
			0.185744],
			[37.34053000099999,
			0.18581799899999],
			[37.340557,
			0.185875],
			[37.340614,
			0.185934],
			[37.340672,
			0.185999001000027],
			[37.340715,
			0.186072],
			[37.34076299899999,
			0.186140001000012],
			[37.340784,
			0.186184001000015],
			[37.340826,
			0.186236],
			[37.340863001,
			0.186298001000011],
			[37.34089000099999,
			0.186337],
			[37.340922001000024,
			0.186403],
			[37.340954,
			0.186469000999978],
			[37.340981,
			0.186524],
			[37.341006392999986,
			0.18658136800002],
			[37.341007999,
			0.186585001000026],
			[37.341029000999981,
			0.186629],
			[37.341025,
			0.186772],
			[37.34098,
			0.186827],
			[37.340936000999989,
			0.186891],
			[37.340887001,
			0.186935],
			[37.340758,
			0.18701900100001],
			[37.340711,
			0.18706],
			[37.340671000999976,
			0.187101],
			[37.340630001000022,
			0.18713599900002],
			[37.340596065999989,
			0.187173703999974],
			[37.340585,
			0.187186],
			[37.340545,
			0.187221],
			[37.340505,
			0.187276],
			[37.340475,
			0.187321],
			[37.340435,
			0.187366],
			[37.340406001000019,
			0.18742],
			[37.340386001000013,
			0.187474],
			[37.340357,
			0.187522999],
			[37.340327,
			0.187567],
			[37.340326045999973,
			0.187569758],
			[37.340307998000014,
			0.187622],
			[37.340278001,
			0.187671],
			[37.340243,
			0.187721001],
			[37.340224,
			0.187771],
			[37.340194000999986,
			0.187829998999973],
			[37.340164001,
			0.187870001000022],
			[37.34012400099999,
			0.187911],
			[37.340079,
			0.187961],
			[37.340069001000018,
			0.187997],
			[37.340019,
			0.188038],
			[37.339988,
			0.188084],
			[37.339967,
			0.188131],
			[37.339927,
			0.188177],
			[37.339896,
			0.188228],
			[37.339875,
			0.188291],
			[37.33984399799999,
			0.188338],
			[37.339833,
			0.188365001000022],
			[37.33983999899999,
			0.188323001000015],
			[37.339788258999988,
			0.188428423],
			[37.33976,
			0.188486],
			[37.339724,
			0.188533],
			[37.339688001000013,
			0.18857900099999],
			[37.33966,
			0.188638001000015],
			[37.33958,
			0.188789],
			[37.339553,
			0.18885],
			[37.339518,
			0.18891],
			[37.339482,
			0.188951001000021],
			[37.33943714899999,
			0.188991620000024],
			[37.339429,
			0.188999],
			[37.33937599799998,
			0.189047],
			[37.339348,
			0.189101],
			[37.339313,
			0.189140999000017],
			[37.339282001000015,
			0.189171],
			[37.339241001,
			0.189212000999987],
			[37.339196,
			0.189262000999975],
			[37.339176,
			0.189291],
			[37.33913,
			0.189337],
			[37.339101,
			0.189382],
			[37.339059,
			0.189424],
			[37.33903655,
			0.189446450999981],
			[37.339027000999977,
			0.189456],
			[37.338982998,
			0.189509],
			[37.338963,
			0.189534],
			[37.338902,
			0.189595],
			[37.338855,
			0.189642],
			[37.338825,
			0.189687],
			[37.338768,
			0.189742998999975],
			[37.338727,
			0.189789999000027],
			[37.338715146000027,
			0.189800100000014],
			[37.338531,
			0.189956999],
			[37.338479001,
			0.190002],
			[37.338443,
			0.190033001000018],
			[37.338401,
			0.190069],
			[37.338354,
			0.190121001000023],
			[37.338306,
			0.190162],
			[37.338258,
			0.190214],
			[37.338221,
			0.19024600099999],
			[37.338177998999981,
			0.19028799900002],
			[37.33813226,
			0.190321335000021],
			[37.338119001,
			0.190330999000025],
			[37.338081,
			0.190374],
			[37.338032,
			0.190406],
			[37.337972,
			0.190449],
			[37.33791800099999,
			0.190492],
			[37.337858000999972,
			0.190525],
			[37.337797001000013,
			0.190568],
			[37.337786028999972,
			0.19057340099999],
			[37.337732,
			0.1906],
			[37.337682,
			0.190633],
			[37.337638,
			0.190644],
			[37.337575130999987,
			0.190680464000025],
			[37.337488,
			0.190731],
			[37.337431,
			0.190764],
			[37.337369001000013,
			0.190798001000019],
			[37.337318001000028,
			0.19082],
			[37.337148,
			0.19087],
			[37.337096,
			0.190893],
			[37.337029,
			0.190904],
			[37.336983,
			0.190926],
			[37.336915,
			0.190938],
			[37.336894561,
			0.190942408000012],
			[37.336864,
			0.190948999],
			[37.3368,
			0.190983],
			[37.33673600100002,
			0.191017],
			[37.336675,
			0.191062999],
			[37.336636998000017,
			0.191115],
			[37.336664000999974,
			0.191232],
			[37.336698001,
			0.191291998999986],
			[37.336699614999986,
			0.191292702999988],
			[37.336753,
			0.191315998999983],
			[37.336803998999983,
			0.191316],
			[37.33684460500001,
			0.191315998999983],
			[37.336861,
			0.191316],
			[37.336930000999985,
			0.19131],
			[37.336988,
			0.191299],
			[37.337016757000015,
			0.191293051],
			[37.337046000999976,
			0.191287],
			[37.337106001,
			0.191251],
			[37.337163998999984,
			0.191227],
			[37.337224,
			0.191186],
			[37.337299,
			0.191163],
			[37.337351001,
			0.191144999000016],
			[37.337413,
			0.191139],
			[37.33747,
			0.191134],
			[37.337516000999983,
			0.191122],
			[37.337607000999981,
			0.191111],
			[37.337612,
			0.191111],
			[37.337946000999978,
			0.191078],
			[37.339075,
			0.191022],
			[37.340952,
			0.19091400100001],
			[37.341488137,
			0.19088263399999],
			[37.341592005,
			0.190876558000014],
			[37.341687,
			0.190871],
			[37.342027,
			0.190813],
			[37.342088000999979,
			0.190800998999975],
			[37.342172,
			0.190796],
			[37.342233,
			0.190784001],
			[37.342299001000015,
			0.190784],
			[37.342371001,
			0.19077900100001],
			[37.342419999000015,
			0.190779],
			[37.342490998000017,
			0.190781001],
			[37.342551,
			0.190775],
			[37.34262800099998,
			0.190764],
			[37.342689,
			0.190746999],
			[37.342755,
			0.190735],
			[37.342809,
			0.19073000100002],
			[37.342869,
			0.190725],
			[37.342948,
			0.19072],
			[37.343015,
			0.190715],
			[37.343070001,
			0.190716001],
			[37.343138001,
			0.190716999000017],
			[37.343312,
			0.190726],
			[37.343381,
			0.190752998999983],
			[37.343444,
			0.190779998999972],
			[37.343513001000019,
			0.190793],
			[37.343582997999988,
			0.19082],
			[37.343646001000025,
			0.190848],
			[37.343717,
			0.190862],
			[37.345015000999979,
			0.19133],
			[37.345232,
			0.191388001],
			[37.345294001000013,
			0.191403],
			[37.345369,
			0.191418],
			[37.345432,
			0.19146100099999],
			[37.345495001000018,
			0.19149],
			[37.345564,
			0.19149199899999],
			[37.345634001,
			0.191521],
			[37.345704,
			0.191564],
			[37.345788,
			0.19158],
			[37.345859,
			0.191610001000015],
			[37.345901001000016,
			0.191625],
			[37.347656001000018,
			0.192264],
			[37.347714999,
			0.192309],
			[37.347777001,
			0.192311],
			[37.347845,
			0.192305],
			[37.347921,
			0.1923],
			[37.347981,
			0.192331],
			[37.348027,
			0.192390000999978],
			[37.348087,
			0.19245],
			[37.348134,
			0.19251],
			[37.348173,
			0.192585],
			[37.348226,
			0.19266],
			[37.348287,
			0.192691001000014],
			[37.348356001000013,
			0.19270799899999],
			[37.348418,
			0.192739],
			[37.348495,
			0.192734001000019],
			[37.348571,
			0.192708001000028],
			[37.348655001,
			0.192675],
			[37.348747,
			0.192641],
			[37.348839,
			0.192621],
			[37.348896,
			0.192614],
			[37.348982001000024,
			0.19257199899999],
			[37.349053,
			0.192544],
			[37.349110000999985,
			0.192501],
			[37.349189001000013,
			0.192466],
			[37.349261,
			0.19243000099999],
			[37.34933300099999,
			0.19238],
			[37.349390001000017,
			0.192344],
			[37.349456001000021,
			0.1923],
			[37.349529001,
			0.192255],
			[37.34960300099999,
			0.192203001],
			[37.349683,
			0.192135001],
			[37.349757001,
			0.192075],
			[37.349776532000021,
			0.192059213999983],
			[37.349830000999987,
			0.192016],
			[37.34988099899999,
			0.191979],
			[37.349939,
			0.19193500099999],
			[37.350018,
			0.191876],
			[37.35009,
			0.191824999],
			[37.35017,
			0.191758],
			[37.350214,
			0.191720998999983],
			[37.350278,
			0.191655998999977],
			[37.350343,
			0.191599],
			[37.35041400099999,
			0.191549],
			[37.350493001000018,
			0.19149],
			[37.35055,
			0.191447],
			[37.350636,
			0.191395999],
			[37.350707000999989,
			0.191353],
			[37.350757,
			0.191310000999977],
			[37.350829001000022,
			0.191258999000013],
			[37.350885001,
			0.19119999899999],
			[37.350928,
			0.191164],
			[37.351034,
			0.191098001],
			[37.351119,
			0.191056],
			[37.351204,
			0.190986],
			[37.351268,
			0.190936],
			[37.351339000999985,
			0.190894],
			[37.35143100099998,
			0.190844],
			[37.35149400099999,
			0.190801],
			[37.351564,
			0.190751],
			[37.351621,
			0.190709],
			[37.351712,
			0.190644999000028],
			[37.351768,
			0.190609],
			[37.351852,
			0.19056],
			[37.35193,
			0.190524],
			[37.351993000999983,
			0.190496000999985],
			[37.352099,
			0.190454],
			[37.352197999,
			0.190412001000027],
			[37.352262000999986,
			0.190383000999987],
			[37.352354,
			0.190348],
			[37.352432001000011,
			0.19032],
			[37.352511,
			0.190292],
			[37.352596,
			0.190264],
			[37.352661001,
			0.190242],
			[37.352761,
			0.190207],
			[37.352853001000028,
			0.190179],
			[37.352924,
			0.190165001000025],
			[37.353009000999975,
			0.190136],
			[37.35308,
			0.190108],
			[37.353137,
			0.190087],
			[37.353215,
			0.190073],
			[37.353286,
			0.190065999000012],
			[37.353336,
			0.190066],
			[37.353628,
			0.190094],
			[37.354733,
			0.190131],
			[37.355393,
			0.190287001],
			[37.35615,
			0.190319],
			[37.356627,
			0.190313],
			[37.356734001,
			0.190243999000018],
			[37.35695400100002,
			0.19020100099999],
			[37.357593,
			0.190394],
			[37.358805001,
			0.190747999],
			[37.360023,
			0.191048],
			[37.360393,
			0.19114],
			[37.361128,
			0.191349],
			[37.362007,
			0.191557999],
			[37.362877,
			0.191864],
			[37.36329,
			0.191864],
			[37.363670001,
			0.191751],
			[37.36418500100001,
			0.191633],
			[37.364904001000014,
			0.191574],
			[37.364839999000026,
			0.191574],
			[37.365044,
			0.191504],
			[37.36587,
			0.191284000999985],
			[37.366707001,
			0.191129],
			[37.367190000999983,
			0.191004998999972],
			[37.368143998999983,
			0.190727],
			[37.369523,
			0.190399],
			[37.369861,
			0.190319],
			[37.369947,
			0.190297000999976],
			[37.370773,
			0.190082999000026],
			[37.371610001000022,
			0.189927],
			[37.371781000999988,
			0.189857],
			[37.372184,
			0.189756],
			[37.373182,
			0.189540998999973],
			[37.374276,
			0.189267],
			[37.37501099799999,
			0.189106],
			[37.375569,
			0.188988],
			[37.376894000999982,
			0.188661001000014],
			[37.377806,
			0.188436001000014],
			[37.379158,
			0.18813000099999],
			[37.379603,
			0.188076],
			[37.380542,
			0.18783],
			[37.381819914999987,
			0.18752428900001],
			[37.381888,
			0.187508],
			[37.384093001,
			0.186988],
			[37.385643,
			0.18666],
			[37.385874,
			0.186607],
			[37.386855001000015,
			0.186414],
			[37.388486,
			0.186043],
			[37.389157,
			0.185881999],
			[37.390165,
			0.185663],
			[37.391093,
			0.185554998999976],
			[37.392129,
			0.185528001000023],
			[37.392837,
			0.185357],
			[37.393432,
			0.185148001000016],
			[37.394011998,
			0.184928001],
			[37.394617998,
			0.184723999000028],
			[37.395396001,
			0.184472],
			[37.3962,
			0.184284],
			[37.397134000999984,
			0.184209],
			[37.397659,
			0.184166],
			[37.398255001,
			0.18415],
			[37.399762,
			0.184090998999977],
			[37.400723001000017,
			0.184085],
			[37.401216,
			0.184025999000028],
			[37.401956000999974,
			0.183978],
			[37.402659,
			0.183940999000015],
			[37.403222001000017,
			0.183865],
			[37.40458,
			0.183671999000012],
			[37.405465,
			0.183544],
			[37.406543,
			0.183286],
			[37.407771,
			0.182991],
			[37.40816300099999,
			0.182991],
			[37.408721,
			0.182947999000021],
			[37.409939001,
			0.182803],
			[37.410475,
			0.182782001000021],
			[37.411516,
			0.182610001],
			[37.412444000999983,
			0.182492],
			[37.413059,
			0.182439],
			[37.414101,
			0.182234],
			[37.415254,
			0.182011],
			[37.416134,
			0.181881],
			[37.416820001000019,
			0.181658],
			[37.41800100099999,
			0.181205],
			[37.419396,
			0.180758998999977],
			[37.421083001,
			0.18052],
			[37.421585,
			0.1805],
			[37.421884001000024,
			0.180501],
			[37.422819,
			0.180609],
			[37.422972279000021,
			0.180667183000025],
			[37.424837001000014,
			0.181375],
			[37.425323999,
			0.181562],
			[37.425965001,
			0.181786999],
			[37.427770001,
			0.182310001000019],
			[37.42851600099999,
			0.18254],
			[37.42866,
			0.182567],
			[37.429304,
			0.182809],
			[37.430677,
			0.183238],
			[37.431144,
			0.183457998999984],
			[37.431879001000027,
			0.183721000999981],
			[37.433478001000026,
			0.184278001],
			[37.43673400099999,
			0.18538399900001],
			[37.438214001,
			0.185856],
			[37.438928,
			0.186113],
			[37.440210001000025,
			0.186563998999986],
			[37.441476001000012,
			0.186993001000019],
			[37.44316,
			0.187583],
			[37.443928001000018,
			0.187862000999985],
			[37.445784,
			0.188473],
			[37.447251000999984,
			0.189174001000026],
			[37.449129,
			0.189785],
			[37.450544001000026,
			0.190285],
			[37.450944,
			0.190427999],
			[37.451067001000013,
			0.190457],
			[37.451205001,
			0.190458001000025],
			[37.451318,
			0.190487001],
			[37.451488,
			0.190487],
			[37.45163,
			0.190458001000025],
			[37.451772998000024,
			0.190458],
			[37.451972,
			0.190458],
			[37.452114,
			0.190487],
			[37.452285001,
			0.190486998999972],
			[37.452441,
			0.190487],
			[37.452585,
			0.190444],
			[37.452742,
			0.190401],
			[37.452886001000024,
			0.190386],
			[37.453029,
			0.190387],
			[37.453173000999982,
			0.190386999],
			[37.45336,
			0.190387],
			[37.453519,
			0.190387],
			[37.453707,
			0.190387],
			[37.453866,
			0.190372],
			[37.453996,
			0.190372],
			[37.454155,
			0.190387],
			[37.454299,
			0.190387],
			[37.454444,
			0.190416],
			[37.454631001,
			0.190444999000022],
			[37.454776001000027,
			0.190416],
			[37.454893,
			0.190372],
			[37.45503800099999,
			0.190314],
			[37.455212,
			0.190256001000023],
			[37.455343,
			0.190183999],
			[37.455473,
			0.190141],
			[37.455631,
			0.190039],
			[37.45580400099999,
			0.189922],
			[37.455963,
			0.189835],
			[37.456080000999975,
			0.189748001],
			[37.456268,
			0.189631],
			[37.456356,
			0.189529],
			[37.456472001,
			0.189441],
			[37.456589,
			0.189325],
			[37.456749,
			0.189223],
			[37.45688,
			0.189136],
			[37.45704,
			0.189034000999982],
			[37.457185,
			0.188961],
			[37.457331,
			0.188874000999988],
			[37.45751900099998,
			0.188758001],
			[37.457635001000028,
			0.188686],
			[37.457765,
			0.188614],
			[37.457910001000016,
			0.188542],
			[37.458113001000015,
			0.188485],
			[37.458243,
			0.188457001000018],
			[37.458387,
			0.188414],
			[37.458604,
			0.188342],
			[37.458749,
			0.188299],
			[37.458879001000014,
			0.18827],
			[37.459082001000013,
			0.188241],
			[37.459255,
			0.188227],
			[37.459403,
			0.188225],
			[37.459565000999987,
			0.188194],
			[37.459758001000012,
			0.188148001],
			[37.459788,
			0.188148001],
			[37.459989,
			0.188108],
			[37.460283998000023,
			0.188088],
			[37.460410001000014,
			0.188066],
			[37.460513,
			0.188044],
			[37.460654,
			0.188032],
			[37.460774,
			0.188008],
			[37.460894,
			0.187995],
			[37.461027,
			0.187971],
			[37.46117,
			0.18797],
			[37.461292,
			0.187957],
			[37.461413,
			0.187955000999978],
			[37.461547,
			0.187929999],
			[37.461656,
			0.187916],
			[37.461775000999978,
			0.187963],
			[37.461882,
			0.188033],
			[37.462037001,
			0.188102],
			[37.462168,
			0.188101001],
			[37.462274,
			0.188124],
			[37.462416,
			0.18817],
			[37.462546,
			0.188193],
			[37.462663997999982,
			0.188239],
			[37.463001999000028,
			0.188382000999979],
			[37.463119,
			0.188429],
			[37.463237,
			0.188452],
			[37.463342001,
			0.188524001000019],
			[37.46345800099999,
			0.188619],
			[37.46354,
			0.188667999000018],
			[37.463692,
			0.188740000999985],
			[37.46382,
			0.188789000999975],
			[37.464290001,
			0.189005],
			[37.464432,
			0.1891],
			[37.464561998000022,
			0.189124],
			[37.46465600099998,
			0.189171999],
			[37.46475,
			0.189244],
			[37.465947,
			0.189859001],
			[37.466065,
			0.189907],
			[37.466207,
			0.189978],
			[37.466348000999972,
			0.19002199900001],
			[37.466454,
			0.190092],
			[37.466560001,
			0.190137],
			[37.466689,
			0.190206],
			[37.466794000999982,
			0.190251],
			[37.466912,
			0.190344],
			[37.468606,
			0.191213],
			[37.469651,
			0.191706],
			[37.470328,
			0.192022],
			[37.470859,
			0.192286001000014],
			[37.471015,
			0.19237],
			[37.471134,
			0.192419],
			[37.471408,
			0.192432000999986],
			[37.471908,
			0.192432],
			[37.474746,
			0.192395],
			[37.475096,
			0.192319],
			[37.475191,
			0.192265],
			[37.475318,
			0.192232],
			[37.475412001,
			0.192209999],
			[37.475528000999986,
			0.192188],
			[37.475643999,
			0.192156],
			[37.47575,
			0.192135],
			[37.475855,
			0.192082],
			[37.475949,
			0.192029],
			[37.476044,
			0.19207],
			[37.476138,
			0.192144000999974],
			[37.476212,
			0.192227999000011],
			[37.476317,
			0.192291],
			[37.476412,
			0.192310998999972],
			[37.476548,
			0.192332],
			[37.476665,
			0.192375],
			[37.476738,
			0.192375],
			[37.476875998000025,
			0.192417001000024],
			[37.476981,
			0.192417],
			[37.477065,
			0.192416998999988],
			[37.477288,
			0.192403],
			[37.477306,
			0.192319],
			[37.477268998,
			0.192225],
			[37.477231,
			0.192123],
			[37.477213,
			0.192029],
			[37.477176000999975,
			0.191926],
			[37.477175000999978,
			0.191823999],
			[37.477138,
			0.19173],
			[37.477101000999987,
			0.191647],
			[37.477119,
			0.191553],
			[37.477166001,
			0.191440999],
			[37.477175,
			0.191348],
			[37.477193,
			0.191253999000025],
			[37.477212,
			0.19116999900001],
			[37.47723,
			0.191077],
			[37.477248,
			0.190975],
			[37.477256997999973,
			0.190891001000011],
			[37.477275,
			0.190797],
			[37.477321001,
			0.190684998999984],
			[37.477348,
			0.190583],
			[37.477375,
			0.190489999000022],
			[37.477421000999982,
			0.190379001],
			[37.477458,
			0.190305],
			[37.477503001,
			0.190194],
			[37.47754,
			0.190101001000016],
			[37.477585,
			0.190018],
			[37.477621,
			0.189917001000026],
			[37.477658001,
			0.189825],
			[37.477694,
			0.189724],
			[37.477749,
			0.189641],
			[37.477804000999981,
			0.189522],
			[37.47785,
			0.189439],
			[37.477886,
			0.189375],
			[37.47794,
			0.189265],
			[37.478004,
			0.189164],
			[37.478058,
			0.189073],
			[37.478095,
			0.189009],
			[37.478149,
			0.188899],
			[37.478148,
			0.188799],
			[37.478156,
			0.18868],
			[37.478119,
			0.188598],
			[37.4781,
			0.188507],
			[37.478045,
			0.188425999],
			[37.47800799800001,
			0.188335],
			[37.478007,
			0.188226],
			[37.478025,
			0.188144998999974],
			[37.478060001000017,
			0.188055001],
			[37.478149,
			0.187975],
			[37.478211000999977,
			0.187913],
			[37.478256,
			0.18785],
			[37.47832,
			0.187768],
			[37.478384001,
			0.18766800100002],
			[37.478457,
			0.187577],
			[37.478484,
			0.187494999000023],
			[37.478529,
			0.187414],
			[37.478556,
			0.187314],
			[37.478574001000027,
			0.187196],
			[37.478592,
			0.187096],
			[37.47861000099999,
			0.187005],
			[37.478619,
			0.186915],
			[37.478645,
			0.186816998999973],
			[37.478643,
			0.186728],
			[37.478659000999983,
			0.186632],
			[37.478682998000011,
			0.186536999],
			[37.478717,
			0.18645],
			[37.47881300099999,
			0.186356000999979],
			[37.478858,
			0.186311],
			[37.478956000999972,
			0.186222000999976],
			[37.479027998999982,
			0.186177000999976],
			[37.479109000999983,
			0.18613299899999],
			[37.479208001000018,
			0.186089],
			[37.479304001,
			0.186002],
			[37.479373001,
			0.185916],
			[37.479434,
			0.185847],
			[37.479513000999987,
			0.185778],
			[37.479601,
			0.185726000999978],
			[37.479690000999987,
			0.185674],
			[37.479787,
			0.185612],
			[37.479850000999988,
			0.185586],
			[37.479946000999973,
			0.185535001],
			[37.480061001000024,
			0.185501],
			[37.480149,
			0.185485001000018],
			[37.480237,
			0.185459],
			[37.480316,
			0.185417],
			[37.480404,
			0.185374],
			[37.480508000999976,
			0.18532299899999],
			[37.480604,
			0.185255],
			[37.480664,
			0.185195],
			[37.48074200100001,
			0.185144001000026],
			[37.480855,
			0.185059],
			[37.480951,
			0.184989],
			[37.481083,
			0.184799],
			[37.481119,
			0.184692],
			[37.481137,
			0.184603],
			[37.481173001,
			0.184531999],
			[37.481235,
			0.184434],
			[37.481307,
			0.184362],
			[37.481387,
			0.184282],
			[37.481450000999985,
			0.184201998999981],
			[37.48148500100001,
			0.184131001000026],
			[37.48153000100001,
			0.184050999000021],
			[37.481575,
			0.183971000999975],
			[37.481602001,
			0.18387300099999],
			[37.481637001000024,
			0.183802],
			[37.481682,
			0.183714],
			[37.481735001,
			0.183625],
			[37.481797,
			0.183545],
			[37.481868,
			0.183473999],
			[37.481965,
			0.183395001],
			[37.482027,
			0.183324],
			[37.482107000999974,
			0.183262001],
			[37.482195,
			0.183182999],
			[37.482257,
			0.183096],
			[37.482310000999973,
			0.183034],
			[37.482380998999986,
			0.182972999000015],
			[37.482469,
			0.182929],
			[37.482557,
			0.182877],
			[37.482671001000028,
			0.182834],
			[37.482766997999988,
			0.182791],
			[37.482829,
			0.182765],
			[37.482882,
			0.182729000999984],
			[37.483092,
			0.182581],
			[37.483135000999987,
			0.182521001],
			[37.483204,
			0.18242600100001],
			[37.483229,
			0.182330998999987],
			[37.48323700100002,
			0.182244],
			[37.483263,
			0.182158],
			[37.483288,
			0.182107],
			[37.483467,
			0.181949]],
			[[37.438984,
			0.231611],
			[37.439105,
			0.232013],
			[37.439228,
			0.232283],
			[37.439337001000013,
			0.232471],
			[37.439446,
			0.232687],
			[37.439527000999988,
			0.232794001],
			[37.439622000999975,
			0.23288900099999],
			[37.439826000999972,
			0.23305],
			[37.439961,
			0.233224],
			[37.440298,
			0.233478],
			[37.440327,
			0.233502],
			[37.440498999,
			0.233638],
			[37.440645,
			0.233811],
			[37.440738001,
			0.233904000999985],
			[37.440818001000025,
			0.234023001000025],
			[37.440897,
			0.234143],
			[37.440989,
			0.234276],
			[37.441134,
			0.234544],
			[37.44121400099999,
			0.234652000999972],
			[37.44129300100002,
			0.234841],
			[37.44132,
			0.234977],
			[37.441386,
			0.235113],
			[37.44148,
			0.235318],
			[37.441547001,
			0.235511],
			[37.441561,
			0.23573299899999],
			[37.441602,
			0.235899999000026],
			[37.441656,
			0.236067],
			[37.441779000999986,
			0.236301001000015],
			[37.441887001,
			0.236574],
			[37.441969,
			0.236793001000024],
			[37.442131001,
			0.237029],
			[37.442236001000026,
			0.237270998999975],
			[37.442329,
			0.237421],
			[37.442368,
			0.237548999000012],
			[37.442459,
			0.237753],
			[37.442577,
			0.237916000999974],
			[37.442655,
			0.238042],
			[37.442733001000022,
			0.23818],
			[37.442889001000026,
			0.238327998999978],
			[37.442992,
			0.238501000999975],
			[37.443068,
			0.238612],
			[37.443184,
			0.238784999000018],
			[37.443311998000013,
			0.238933],
			[37.443452001000026,
			0.239090001000022],
			[37.443514000999983,
			0.239251],
			[37.443577000999987,
			0.239375000999985],
			[37.443665,
			0.239523],
			[37.443739999,
			0.239684],
			[37.443856,
			0.239901001000021],
			[37.444009,
			0.240125998999986],
			[37.444084,
			0.24033],
			[37.444185,
			0.24050699899999],
			[37.444311,
			0.240644],
			[37.444424,
			0.240768],
			[37.44453500100002,
			0.240943],
			[37.444648,
			0.241054],
			[37.44471,
			0.241166],
			[37.444795,
			0.241327],
			[37.444867999,
			0.241501],
			[37.444892,
			0.24158699899999]],
			[[37.443404,
			0.16978100099999],
			[37.443490000999986,
			0.16991],
			[37.443487,
			0.17006999900002],
			[37.443602000999988,
			0.17023],
			[37.443681,
			0.170413999],
			[37.443677001000026,
			0.170609],
			[37.443626,
			0.170780001000026],
			[37.44362,
			0.171022],
			[37.443627,
			0.171231],
			[37.443718000999979,
			0.171454],
			[37.443728,
			0.171570998999982],
			[37.443689001,
			0.171772],
			[37.443603,
			0.171891],
			[37.44360100099999,
			0.172046001000012],
			[37.443659,
			0.172248998999976],
			[37.443680001000018,
			0.172367999000016],
			[37.443713,
			0.172572],
			[37.443795,
			0.172741],
			[37.443900998,
			0.17291],
			[37.443924,
			0.173080001000017],
			[37.443873000999986,
			0.173226],
			[37.44387100099999,
			0.173397],
			[37.44393,
			0.173556001],
			[37.443965,
			0.173691],
			[37.444023999000024,
			0.173814],
			[37.444059,
			0.173987],
			[37.444019001000015,
			0.174223],
			[37.444016998999984,
			0.174385001000019],
			[37.444175001000019,
			0.174535],
			[37.444307,
			0.174675],
			[37.444404001,
			0.174853000999974],
			[37.444450001,
			0.175094999],
			[37.444535,
			0.175339],
			[37.444706,
			0.17556],
			[37.444855,
			0.175717],
			[37.445004,
			0.175810999000021],
			[37.445179,
			0.175995999],
			[37.445216001,
			0.17614],
			[37.445191,
			0.176269],
			[37.445128001,
			0.176398],
			[37.445015001,
			0.176652],
			[37.44498900100001,
			0.176829999],
			[37.445014001,
			0.176919],
			[37.445090000999983,
			0.177074],
			[37.445254,
			0.177398000999972],
			[37.445369,
			0.177503],
			[37.445535,
			0.177568],
			[37.44565,
			0.177686],
			[37.445765,
			0.177791],
			[37.445804001,
			0.177948],
			[37.445998001000021,
			0.178068000999986],
			[37.446193000999983,
			0.178254998999989],
			[37.446336,
			0.178389],
			[37.446468,
			0.178601999000023],
			[37.446560998999985,
			0.17876400099999],
			[37.446615,
			0.178952],
			[37.446643,
			0.179086],
			[37.446578000999978,
			0.179228],
			[37.446566,
			0.179412],
			[37.44658,
			0.17965],
			[37.44650500099999,
			0.179872],
			[37.44644,
			0.179989],
			[37.44631,
			0.180248999000014],
			[37.446259,
			0.180404],
			[37.44626,
			0.180558999000027],
			[37.446209001,
			0.180806001],
			[37.446223,
			0.181028],
			[37.446368001,
			0.181093001000022],
			[37.446499,
			0.181158],
			[37.446644998000011,
			0.181301999000027],
			[37.446818001,
			0.181511],
			[37.44704500099999,
			0.181708],
			[37.447315,
			0.181959001],
			[37.447614,
			0.182251999000016],
			[37.4479,
			0.182507],
			[37.447943,
			0.182654],
			[37.447956,
			0.182867],
			[37.447958001000018,
			0.18312],
			[37.447921001,
			0.183401],
			[37.44783,
			0.183683],
			[37.447823,
			0.183875],
			[37.44787,
			0.184108998999989],
			[37.447875,
			0.184315],
			[37.447882,
			0.184646],
			[37.448024,
			0.184897001000024],
			[37.448192,
			0.185079],
			[37.448269,
			0.185388000999978],
			[37.448407,
			0.185636],
			[37.448584,
			0.185826],
			[37.448813001000019,
			0.186000998999987],
			[37.449006,
			0.186194],
			[37.449177,
			0.186312000999976],
			[37.449445001000015,
			0.186389999000028],
			[37.449578,
			0.186594001],
			[37.449655,
			0.186754001],
			[37.449773,
			0.187066],
			[37.449791000999987,
			0.187372],
			[37.449762,
			0.187509],
			[37.449715,
			0.187836999000012],
			[37.449675001,
			0.187906999],
			[37.449487,
			0.188172],
			[37.44949,
			0.188367],
			[37.449492,
			0.188576001],
			[37.44955,
			0.188785],
			[37.449498001,
			0.189037],
			[37.449486,
			0.189218000999972],
			[37.449286,
			0.189476],
			[37.449138,
			0.189647],
			[37.44908300100002,
			0.189745]],
			[[37.421035001,
			0.159777],
			[37.420985,
			0.159809],
			[37.420929,
			0.159811999],
			[37.420859,
			0.159816],
			[37.42082,
			0.159814000999972],
			[37.420777000999976,
			0.159801],
			[37.420724001,
			0.15977],
			[37.42063699900001,
			0.159705],
			[37.420567001,
			0.159652999],
			[37.420504000999983,
			0.15961199899999],
			[37.42042200100002,
			0.159582],
			[37.420342,
			0.159567001000028],
			[37.420284001000027,
			0.159547001000021],
			[37.420243,
			0.15953],
			[37.420181,
			0.159538],
			[37.420146,
			0.159569001000023],
			[37.420134001,
			0.159602],
			[37.420131,
			0.159648],
			[37.42015,
			0.159708001000013],
			[37.420183,
			0.159762],
			[37.420206001,
			0.159816001000024],
			[37.420254,
			0.159883],
			[37.420295,
			0.159935],
			[37.420317001,
			0.159997001000022],
			[37.420337001,
			0.160065001000021],
			[37.420354,
			0.160126],
			[37.420360001,
			0.160184999000023],
			[37.420354001000021,
			0.160277001],
			[37.420354,
			0.160340001],
			[37.420355001000019,
			0.160438],
			[37.42035199899999,
			0.160555],
			[37.420330001000025,
			0.160667999],
			[37.420304,
			0.16076],
			[37.420233998000015,
			0.160858],
			[37.420213,
			0.160945998999978],
			[37.420203,
			0.160984],
			[37.420164000999989,
			0.161047000999986],
			[37.420153,
			0.161123001000021],
			[37.42014500099998,
			0.161191],
			[37.420144000999983,
			0.161263],
			[37.420146,
			0.161312999000018],
			[37.42016,
			0.161379],
			[37.420187000999988,
			0.161481],
			[37.420207000999987,
			0.161542],
			[37.420207,
			0.161589],
			[37.42021,
			0.161631],
			[37.420213000999979,
			0.161722999],
			[37.420234000999983,
			0.161785],
			[37.420233,
			0.161834],
			[37.420254,
			0.161907],
			[37.420272,
			0.161969],
			[37.420286,
			0.162058],
			[37.420296001,
			0.162126999],
			[37.42031,
			0.162210999000024],
			[37.420332,
			0.162282],
			[37.420332,
			0.162331],
			[37.420332,
			0.162373],
			[37.420353,
			0.162481],
			[37.420353998999985,
			0.162542],
			[37.420354001000021,
			0.162614],
			[37.420353998999985,
			0.162691],
			[37.420380001000012,
			0.162779],
			[37.420402,
			0.162846],
			[37.420432,
			0.162906],
			[37.42045,
			0.162962],
			[37.420484,
			0.163002],
			[37.420547,
			0.163126],
			[37.420588001,
			0.163163],
			[37.420617998000012,
			0.163227001],
			[37.420670001000019,
			0.163294],
			[37.420701,
			0.163373998999987],
			[37.420750000999988,
			0.16345],
			[37.420797,
			0.163535001000014],
			[37.420808001000012,
			0.163625],
			[37.420815999000013,
			0.163721],
			[37.42081600099999,
			0.163793999],
			[37.420778,
			0.163869],
			[37.420755000999975,
			0.163947],
			[37.420705000999988,
			0.164027],
			[37.42065900099999,
			0.164082999000016],
			[37.420633,
			0.164157],
			[37.420628,
			0.164296],
			[37.420641,
			0.164359],
			[37.420651,
			0.164414001000011],
			[37.420676001,
			0.164477],
			[37.420702001,
			0.164522],
			[37.420744,
			0.164605],
			[37.420783,
			0.164665],
			[37.420808,
			0.164701998999988],
			[37.420842,
			0.164755001],
			[37.420881001,
			0.164828],
			[37.420932000999983,
			0.164915],
			[37.420979000999978,
			0.164973],
			[37.421159,
			0.165244],
			[37.421245,
			0.165374],
			[37.421258,
			0.1654],
			[37.421329,
			0.165459],
			[37.421365001000026,
			0.165513998999984],
			[37.421393,
			0.16556900099999],
			[37.421432001000028,
			0.165611001],
			[37.421447,
			0.165658999000016],
			[37.421472000999984,
			0.165715],
			[37.421499,
			0.165758],
			[37.42152900100001,
			0.165823],
			[37.42154100099998,
			0.165872],
			[37.421559,
			0.165938],
			[37.4216,
			0.166045],
			[37.421633,
			0.16609],
			[37.42165,
			0.166144],
			[37.421692,
			0.166198],
			[37.421735,
			0.166275000999974],
			[37.421782,
			0.166342],
			[37.421827,
			0.166434001000027],
			[37.42187400099999,
			0.166497],
			[37.421932,
			0.166551],
			[37.421966,
			0.166606],
			[37.422007,
			0.166647001],
			[37.422027999000022,
			0.166699],
			[37.422061000999975,
			0.166734999000028],
			[37.422093,
			0.16679700100002],
			[37.422137,
			0.166898],
			[37.422171000999981,
			0.167006001],
			[37.422188,
			0.167073],
			[37.422217,
			0.167138],
			[37.42222499799999,
			0.167197000999977],
			[37.422235,
			0.167274999000028],
			[37.422246,
			0.167353],
			[37.422275,
			0.167415],
			[37.422284,
			0.167482001],
			[37.422329,
			0.167658999000025],
			[37.422338001000014,
			0.167696],
			[37.422341001,
			0.167742],
			[37.422346,
			0.167797001],
			[37.422351000999981,
			0.167863],
			[37.422379,
			0.16794299899999],
			[37.422409,
			0.16799],
			[37.422427001000017,
			0.168047],
			[37.422482,
			0.168123],
			[37.422532000999979,
			0.168189000999973],
			[37.4226,
			0.168251],
			[37.42270000100001,
			0.168361],
			[37.42274500100001,
			0.168409],
			[37.422795,
			0.168456999],
			[37.422852,
			0.168495],
			[37.422909,
			0.168553],
			[37.422990001000016,
			0.168617],
			[37.423079,
			0.168665],
			[37.423153,
			0.168743],
			[37.423213,
			0.168801998999982],
			[37.423285,
			0.168877],
			[37.423354,
			0.168940998999972],
			[37.423446,
			0.16899],
			[37.423524,
			0.169049],
			[37.42363100099999,
			0.169084000999987],
			[37.423691001,
			0.16912],
			[37.423780001000011,
			0.169141],
			[37.423835,
			0.169171999000014],
			[37.42392,
			0.169209],
			[37.42399,
			0.169241],
			[37.42401485,
			0.169276722],
			[37.424022,
			0.169287]],
			[[37.459848001000012,
			0.188102],
			[37.459808,
			0.187904],
			[37.459779001000015,
			0.187683],
			[37.459691,
			0.187439],
			[37.459583,
			0.187322000999984],
			[37.459463,
			0.187216],
			[37.459343999,
			0.187111],
			[37.459177001,
			0.187015],
			[37.458998001,
			0.186897],
			[37.458867,
			0.18678],
			[37.458726001,
			0.18671999899999],
			[37.458669000999976,
			0.186585],
			[37.458553,
			0.186472],
			[37.458332998,
			0.1864],
			[37.458126,
			0.186345999000025],
			[37.457978,
			0.186206001000016],
			[37.457808,
			0.186111],
			[37.457485,
			0.18592],
			[37.457226000999981,
			0.185874],
			[37.457036,
			0.185866998999984],
			[37.456847,
			0.18586000099998],
			[37.456659,
			0.185853],
			[37.456504000999985,
			0.185812],
			[37.456305,
			0.185713],
			[37.456151001000023,
			0.185616],
			[37.455998,
			0.185554],
			[37.455922,
			0.18546],
			[37.455813001000024,
			0.185343],
			[37.455597001,
			0.185175999000023],
			[37.455565,
			0.185084],
			[37.45551100099999,
			0.184835998999972],
			[37.45549,
			0.18469],
			[37.455406,
			0.184488],
			[37.455311,
			0.184354],
			[37.455227,
			0.184275],
			[37.455186997999988,
			0.184089],
			[37.455167001,
			0.183947],
			[37.455167,
			0.183765],
			[37.455167999000025,
			0.183659],
			[37.455055,
			0.183395],
			[37.454654,
			0.182964998999978],
			[37.454529,
			0.182722],
			[37.452206000999979,
			0.179252],
			[37.45122,
			0.177915000999974],
			[37.451115001,
			0.177703],
			[37.451019,
			0.177548],
			[37.450911,
			0.17742099899999],
			[37.450843,
			0.177265998999985],
			[37.450724,
			0.177088],
			[37.450612001000025,
			0.176947],
			[37.450491,
			0.176893],
			[37.450362000999974,
			0.176822],
			[37.450204000999975,
			0.176738],
			[37.450113,
			0.176707],
			[37.449981,
			0.17662],
			[37.449876001,
			0.176531],
			[37.449699,
			0.176483001],
			[37.449603998999976,
			0.176449],
			[37.449535,
			0.176380000999984],
			[37.449391,
			0.176243],
			[37.449293,
			0.176167],
			[37.449216,
			0.176075],
			[37.449125,
			0.176007],
			[37.449034,
			0.175923001],
			[37.448899,
			0.175864],
			[37.448778998000023,
			0.175834],
			[37.448665001,
			0.175757],
			[37.448609,
			0.17564],
			[37.448539,
			0.175539],
			[37.448363,
			0.175361],
			[37.448278001,
			0.175230000999989],
			[37.448171,
			0.175084],
			[37.448064000999977,
			0.174984],
			[37.447936,
			0.174876],
			[37.447875,
			0.174784000999978],
			[37.447732,
			0.174647999],
			[37.447532,
			0.174518],
			[37.447340000999986,
			0.17441100100001],
			[37.447157999000012,
			0.174304],
			[37.44697700099999,
			0.174177],
			[37.446756,
			0.174095],
			[37.446615,
			0.174022],
			[37.446419,
			0.173892],
			[37.44631,
			0.173792],
			[37.446169,
			0.173712],
			[37.445995000999972,
			0.173591],
			[37.445874,
			0.173545],
			[37.445737001,
			0.17344],
			[37.445637,
			0.173343000999978],
			[37.445508,
			0.173232],
			[37.445436,
			0.173107999000024],
			[37.44535,
			0.172991998999976],
			[37.445321,
			0.172898],
			[37.445278,
			0.172825999],
			[37.445269,
			0.172733999],
			[37.445183000999975,
			0.172541],
			[37.445126,
			0.17237799899999],
			[37.44509,
			0.172314],
			[37.445013,
			0.172214],
			[37.444956,
			0.172127999],
			[37.444907,
			0.172035999],
			[37.444885,
			0.171924],
			[37.444883,
			0.171806],
			[37.44488099900002,
			0.171689],
			[37.44488,
			0.171619998999972],
			[37.444903,
			0.171389998999985],
			[37.444902001,
			0.171281998999973],
			[37.44488,
			0.171155],
			[37.444865000999982,
			0.171054998999978],
			[37.444831,
			0.170975],
			[37.444765,
			0.170896001000017],
			[37.444678,
			0.17077100099999],
			[37.444606,
			0.170693],
			[37.444533,
			0.170595],
			[37.444461,
			0.17052300099999],
			[37.444402001000014,
			0.170452],
			[37.444304,
			0.170264],
			[37.444207001,
			0.17018],
			[37.444123,
			0.170142],
			[37.443974,
			0.170044999000027],
			[37.443812,
			0.169981],
			[37.443683,
			0.169885],
			[37.443561,
			0.169814],
			[37.443404,
			0.16978100099999],
			[37.443348001,
			0.169769],
			[37.443141,
			0.169685],
			[37.443005001000017,
			0.169593999000028],
			[37.442826,
			0.169505001],
			[37.442738,
			0.169436001],
			[37.442657,
			0.1694],
			[37.442571000999976,
			0.169319],
			[37.44249,
			0.169283],
			[37.442410000999985,
			0.169215],
			[37.44231199799998,
			0.16924],
			[37.442252,
			0.169175],
			[37.441993001000014,
			0.169081],
			[37.441810998999983,
			0.169054],
			[37.441646,
			0.169044],
			[37.441579,
			0.168968999000015],
			[37.441533,
			0.168818999],
			[37.441472001000022,
			0.168687],
			[37.441459,
			0.168547999],
			[37.441352,
			0.168442],
			[37.441213,
			0.168328998999982],
			[37.441077,
			0.168241],
			[37.440940997999974,
			0.168145],
			[37.440853000999986,
			0.168073999],
			[37.440750001000026,
			0.168011],
			[37.44058,
			0.167974],
			[37.440465,
			0.167923],
			[37.440325001000019,
			0.167836998999974],
			[37.440112,
			0.167804],
			[37.439983000999973,
			0.167814],
			[37.439863,
			0.16783300100002],
			[37.439782998999988,
			0.167862],
			[37.439695001000018,
			0.16787399899999],
			[37.439598,
			0.167956],
			[37.439417,
			0.167953],
			[37.43930000099999,
			0.167904],
			[37.439183,
			0.167826],
			[37.439059,
			0.167732],
			[37.438965,
			0.167661001],
			[37.438907001000018,
			0.167484],
			[37.438851,
			0.167334],
			[37.438849,
			0.16723],
			[37.438854000999982,
			0.167142999000021],
			[37.438837,
			0.167033],
			[37.438813001000028,
			0.166954],
			[37.438775,
			0.166916001],
			[37.43865200099998,
			0.166816],
			[37.438485,
			0.166804001],
			[37.438333,
			0.166798],
			[37.438188,
			0.166777],
			[37.438072,
			0.166723],
			[37.437972,
			0.16662],
			[37.437871,
			0.16651],
			[37.437801,
			0.166384],
			[37.437732,
			0.166282998999975],
			[37.437617,
			0.166166],
			[37.437465,
			0.16605],
			[37.437359,
			0.165957],
			[37.437291,
			0.165857],
			[37.437277000999984,
			0.165756],
			[37.437179,
			0.165649],
			[37.437013,
			0.165618999],
			[37.436871,
			0.165536],
			[37.436766,
			0.165468],
			[37.436624,
			0.16543],
			[37.436481,
			0.165384999000025],
			[37.436344,
			0.165363],
			[37.436271,
			0.165287],
			[37.436177000999976,
			0.165189],
			[37.436098,
			0.165092],
			[37.436073001000011,
			0.165002001],
			[37.435942,
			0.164913],
			[37.435839,
			0.164868999000021],
			[37.435617001000026,
			0.164809999],
			[37.435297,
			0.164752],
			[37.43511,
			0.164708001],
			[37.43493700099998,
			0.164657],
			[37.434752,
			0.164628],
			[37.434587,
			0.164577],
			[37.434416,
			0.164569001000018],
			[37.434260000999984,
			0.164489],
			[37.434142,
			0.164452000999972],
			[37.43399,
			0.164452],
			[37.433855,
			0.164495],
			[37.433774,
			0.164494],
			[37.433702000999972,
			0.16449400099998],
			[37.433603,
			0.164436],
			[37.433483,
			0.164370999000028],
			[37.433351001,
			0.164349],
			[37.433184998,
			0.164248],
			[37.433139,
			0.164190999000027],
			[37.433033001000013,
			0.164157],
			[37.432849,
			0.164209],
			[37.432665998,
			0.164247],
			[37.432548000999986,
			0.164277],
			[37.432431,
			0.164285],
			[37.432345,
			0.16435],
			[37.432237,
			0.164422],
			[37.432164,
			0.164473],
			[37.432034000999977,
			0.164543998999989],
			[37.431896000999984,
			0.164573],
			[37.431802000999987,
			0.164645],
			[37.431663,
			0.164680998999984],
			[37.431458,
			0.16479],
			[37.431382,
			0.164943],
			[37.431336000999977,
			0.165039],
			[37.431276,
			0.165098999],
			[37.431178,
			0.165180998999972],
			[37.431074,
			0.165181],
			[37.430964001,
			0.16518],
			[37.430773,
			0.165247],
			[37.43065,
			0.165224],
			[37.430454,
			0.165253],
			[37.430346,
			0.165282],
			[37.430243,
			0.165333],
			[37.430175,
			0.165378],
			[37.430129,
			0.16543],
			[37.430010001000028,
			0.16548899899999],
			[37.429827000999978,
			0.165533],
			[37.429697,
			0.165547],
			[37.429624000999979,
			0.165554],
			[37.429538001000026,
			0.165554],
			[37.42939,
			0.165605],
			[37.42931299899999,
			0.165582],
			[37.429179,
			0.165566],
			[37.429081,
			0.165483999],
			[37.428894,
			0.165417],
			[37.42877500100002,
			0.165394],
			[37.428632998000012,
			0.165394],
			[37.428497,
			0.165394],
			[37.42839,
			0.165393],
			[37.428267001,
			0.165438],
			[37.428230000999974,
			0.165504],
			[37.428219,
			0.165490001000023],
			[37.428174,
			0.165429001],
			[37.42811100099999,
			0.165391],
			[37.428057,
			0.165335],
			[37.42803,
			0.165284],
			[37.427997,
			0.165208],
			[37.42796,
			0.165121],
			[37.427922,
			0.165051],
			[37.427888,
			0.165001999000026],
			[37.427832,
			0.164951998999982],
			[37.427809,
			0.164920000999985],
			[37.427745,
			0.164811],
			[37.427727,
			0.164775],
			[37.427655,
			0.164731001],
			[37.427596000999984,
			0.164687],
			[37.427558,
			0.164648000999989],
			[37.427481999,
			0.164604],
			[37.42742800100001,
			0.164565],
			[37.4274,
			0.164511],
			[37.427318,
			0.16446],
			[37.427295,
			0.164407],
			[37.427256000999989,
			0.164319],
			[37.427249001,
			0.164273998999988],
			[37.427234,
			0.164226000999975],
			[37.427211,
			0.164086],
			[37.427200001000017,
			0.164000999],
			[37.427197,
			0.16391699899998],
			[37.42718,
			0.163849],
			[37.427173,
			0.163805],
			[37.427168,
			0.163725],
			[37.427119000999987,
			0.163684000999979],
			[37.427094,
			0.163656],
			[37.427046,
			0.163611],
			[37.427008998000019,
			0.163569999],
			[37.426969,
			0.16352600099998],
			[37.426952,
			0.163474001],
			[37.426904001000025,
			0.163437999],
			[37.426868,
			0.16338700099999],
			[37.426829,
			0.163352],
			[37.426794,
			0.163300999],
			[37.426766,
			0.163246001],
			[37.426729997999985,
			0.163187],
			[37.426725001000023,
			0.163121],
			[37.426701,
			0.163079001000028],
			[37.426678,
			0.163025],
			[37.426676000999976,
			0.162956],
			[37.426681998999982,
			0.162861],
			[37.426684,
			0.162797001],
			[37.426683,
			0.16273400099999],
			[37.426681,
			0.162686],
			[37.426649000999987,
			0.162583],
			[37.426622999000017,
			0.162540001000025],
			[37.426577,
			0.162464],
			[37.426551001,
			0.162428],
			[37.426500001000022,
			0.162392],
			[37.426451998999987,
			0.16234099899998],
			[37.426408,
			0.162291],
			[37.426353,
			0.162227998999981],
			[37.426306001,
			0.162178],
			[37.426226,
			0.162073998999972],
			[37.426191,
			0.162001],
			[37.426142,
			0.161945],
			[37.426102001,
			0.161855],
			[37.426099,
			0.161794000999976],
			[37.426101,
			0.161722000999987],
			[37.426102,
			0.161675],
			[37.426107,
			0.161598],
			[37.426079,
			0.161513],
			[37.426058,
			0.161455],
			[37.42603,
			0.161398],
			[37.426001,
			0.161343999],
			[37.425944,
			0.161286],
			[37.425881999000012,
			0.161252],
			[37.425817,
			0.161213],
			[37.425680000999989,
			0.161185],
			[37.425585,
			0.161161],
			[37.425529,
			0.161137],
			[37.425432999,
			0.161132999000017],
			[37.425316,
			0.161133],
			[37.425172,
			0.161114000999987],
			[37.425051000999986,
			0.161108999000021],
			[37.424941000999979,
			0.161095],
			[37.42486800099999,
			0.161092],
			[37.424773,
			0.161061999000026],
			[37.424710000999987,
			0.161027],
			[37.424651000999972,
			0.16102],
			[37.424600000999988,
			0.161012],
			[37.424531,
			0.160999],
			[37.424492000999976,
			0.160976999000013],
			[37.42437,
			0.160941998999988],
			[37.424248,
			0.160898],
			[37.424122001,
			0.16084999899999],
			[37.423982001000013,
			0.160824999],
			[37.423875,
			0.160826],
			[37.423727,
			0.160827],
			[37.423607,
			0.160827000999973],
			[37.42352,
			0.160823],
			[37.423414,
			0.160792],
			[37.423345000999973,
			0.160743],
			[37.423158,
			0.160732999],
			[37.423047000999986,
			0.160746],
			[37.42296600100002,
			0.160757999],
			[37.422872,
			0.160782],
			[37.422792,
			0.160781],
			[37.422731000999988,
			0.160721],
			[37.422673001000021,
			0.160653],
			[37.422615,
			0.160585],
			[37.422589001,
			0.160530999],
			[37.422534,
			0.160494],
			[37.422447,
			0.160469],
			[37.422314,
			0.16046000099999],
			[37.422231,
			0.160447],
			[37.422124,
			0.160427],
			[37.422067,
			0.160395],
			[37.422004997999977,
			0.16038],
			[37.421893001,
			0.160372000999985],
			[37.421776001000012,
			0.160352],
			[37.42168,
			0.160353],
			[37.421564,
			0.160353],
			[37.421485001,
			0.160304999],
			[37.421410001000027,
			0.160278],
			[37.421339,
			0.160231001],
			[37.421279,
			0.160172],
			[37.421223000999987,
			0.16011],
			[37.421157000999983,
			0.160059999],
			[37.421079,
			0.159995],
			[37.421053,
			0.159913],
			[37.421051001000023,
			0.159829],
			[37.421033,
			0.15974],
			[37.421032,
			0.159680998999988],
			[37.421026,
			0.159613],
			[37.420973,
			0.159516],
			[37.420947001,
			0.159453000999974],
			[37.420911,
			0.159392],
			[37.420855,
			0.159331],
			[37.420761,
			0.159238001],
			[37.420652,
			0.159149],
			[37.420613,
			0.159096],
			[37.42058,
			0.159072],
			[37.42054,
			0.159051],
			[37.420504000999983,
			0.159027001000027],
			[37.420461,
			0.159003],
			[37.420409001,
			0.158979],
			[37.420348000999979,
			0.158939001000022],
			[37.420275,
			0.158893001000024],
			[37.420243001000017,
			0.158870001000025],
			[37.420207000999987,
			0.158834],
			[37.420167000999982,
			0.158801],
			[37.420118,
			0.15877],
			[37.420062,
			0.158736001000023],
			[37.420020001000012,
			0.1587],
			[37.419943,
			0.158643],
			[37.419857001000025,
			0.158626],
			[37.41977099799999,
			0.158577],
			[37.419721001000028,
			0.158539],
			[37.419642001,
			0.158504],
			[37.41954400100002,
			0.15841799899999],
			[37.419457,
			0.158342],
			[37.419412001000012,
			0.158299],
			[37.419377000999987,
			0.158277000999988],
			[37.419323,
			0.158216001000028],
			[37.419272,
			0.15818],
			[37.419237,
			0.158182],
			[37.419183,
			0.158209],
			[37.419115001000023,
			0.158222001000013],
			[37.419075,
			0.158216],
			[37.419013001,
			0.158151001000022],
			[37.418961,
			0.158115],
			[37.418913,
			0.158097],
			[37.418884000999981,
			0.158083001000023],
			[37.418813,
			0.158075]],
			[[37.494413001,
			0.237717001000021],
			[37.494601,
			0.237821],
			[37.494695,
			0.237892000999977],
			[37.494824,
			0.2379],
			[37.494966001000023,
			0.23797],
			[37.495157,
			0.237968],
			[37.495322,
			0.238037],
			[37.495488001000012,
			0.238106001],
			[37.495621001000018,
			0.238166],
			[37.495803001000013,
			0.238275],
			[37.495886,
			0.238418],
			[37.496054999000023,
			0.238563],
			[37.496235001,
			0.238730998999984],
			[37.496392001,
			0.23887600099999],
			[37.496511,
			0.239019],
			[37.496705,
			0.2392],
			[37.496874,
			0.239333],
			[37.497116,
			0.239551],
			[37.497275,
			0.239697998999986],
			[37.497436,
			0.239871],
			[37.497572,
			0.240043],
			[37.497647,
			0.240277],
			[37.497686,
			0.240460000999974],
			[37.497834,
			0.240654999000014],
			[37.49792,
			0.240764],
			[37.498077,
			0.240884999],
			[37.498233,
			0.241028],
			[37.498317000999975,
			0.241147001],
			[37.498399998000025,
			0.241264999],
			[37.498541,
			0.241393],
			[37.49876,
			0.241593001000012],
			[37.49901,
			0.241755],
			[37.499065,
			0.241856],
			[37.499117997999974,
			0.242098999],
			[37.499082000999977,
			0.242161],
			[37.49898,
			0.242242],
			[37.498811,
			0.242311],
			[37.498631,
			0.242403001000014],
			[37.49853,
			0.242561001000013],
			[37.498463,
			0.242773],
			[37.498464,
			0.242962],
			[37.498453,
			0.243192001000011],
			[37.498453,
			0.243349998999975],
			[37.498497,
			0.24356],
			[37.49853,
			0.243726],
			[37.498637998999982,
			0.243963],
			[37.49867,
			0.244128],
			[37.498692001,
			0.244214000999989],
			[37.498777,
			0.244319],
			[37.498883,
			0.244479],
			[37.498945,
			0.244712],
			[37.499017001000027,
			0.244855998999981],
			[37.499026001,
			0.24498],
			[37.499024,
			0.245134],
			[37.499032,
			0.245352],
			[37.499050001,
			0.245595],
			[37.499153,
			0.245652],
			[37.49927800099999,
			0.245660000999976],
			[37.49941300099999,
			0.24577],
			[37.499526999000011,
			0.245823],
			[37.499691,
			0.24593],
			[37.499864,
			0.246064],
			[37.500012,
			0.246257],
			[37.500027,
			0.246361],
			[37.500018001,
			0.24649599899999],
			[37.50003,
			0.24665],
			[37.500097,
			0.246761000999982],
			[37.500139,
			0.246922000999973],
			[37.500147001000016,
			0.247100000999978],
			[37.500158000999988,
			0.247257],
			[37.500254,
			0.24745400099999],
			[37.500413,
			0.247593000999984],
			[37.500456,
			0.247728999],
			[37.500511999000025,
			0.247836],
			[37.500669,
			0.24786000099999],
			[37.500897001,
			0.247954],
			[37.501019,
			0.248035],
			[37.501105,
			0.248122],
			[37.501389001,
			0.24824],
			[37.501604,
			0.248291999],
			[37.501912000999987,
			0.248347],
			[37.502125,
			0.248394],
			[37.502201001,
			0.248477],
			[37.502322,
			0.248523001000024],
			[37.502355,
			0.248614],
			[37.502353001000017,
			0.248721],
			[37.502344,
			0.248819001000015],
			[37.502361998000026,
			0.248977],
			[37.502317,
			0.249158],
			[37.502241001000016,
			0.24927],
			[37.502157,
			0.249406998999973],
			[37.50213,
			0.249544]],
			[[37.41613,
			0.181877],
			[37.416098998,
			0.181855],
			[37.416068,
			0.181771],
			[37.416047,
			0.181693999],
			[37.416048000999979,
			0.181640001],
			[37.416059,
			0.18156],
			[37.416067,
			0.181474],
			[37.416092,
			0.181396001],
			[37.416138,
			0.181282],
			[37.416173,
			0.181176],
			[37.416239,
			0.181111999],
			[37.416257,
			0.181048998999984],
			[37.416257001000019,
			0.180952],
			[37.41625,
			0.180829],
			[37.416214,
			0.180737],
			[37.416176998000026,
			0.180665998999984],
			[37.416164001000027,
			0.180602001000011],
			[37.416117000999975,
			0.180535],
			[37.415709,
			0.18000899899999],
			[37.415694,
			0.17996800100002],
			[37.415648001000022,
			0.179912],
			[37.415632,
			0.17989000099999],
			[37.415602001000025,
			0.179866],
			[37.415573999,
			0.179845],
			[37.415506,
			0.179802999],
			[37.415465,
			0.179755999],
			[37.415441,
			0.179679],
			[37.41543,
			0.179602],
			[37.415421,
			0.17955600099998],
			[37.415405001000011,
			0.179517998999984],
			[37.415371,
			0.17947],
			[37.415363,
			0.179453],
			[37.415276998000024,
			0.179383],
			[37.415229,
			0.179315],
			[37.415209,
			0.179272],
			[37.4152,
			0.17922],
			[37.415158,
			0.179117],
			[37.415066,
			0.179015],
			[37.41497499899998,
			0.17889800099999],
			[37.414928,
			0.178817],
			[37.414864,
			0.178716],
			[37.414778,
			0.178641],
			[37.414751997999986,
			0.17859],
			[37.414716,
			0.178524],
			[37.414665001,
			0.178413],
			[37.414653,
			0.178302],
			[37.414624,
			0.178198],
			[37.414603,
			0.178023],
			[37.414565,
			0.177893],
			[37.414550001,
			0.177839001],
			[37.414507,
			0.177699],
			[37.414463001,
			0.177598],
			[37.414439001,
			0.177518],
			[37.414394,
			0.177449],
			[37.414368998999976,
			0.177401],
			[37.414308,
			0.177316001],
			[37.414262,
			0.177269001000013],
			[37.414227,
			0.177206],
			[37.414195001,
			0.177128001000028],
			[37.414148,
			0.17706099899999],
			[37.414124,
			0.17703099900001],
			[37.414087,
			0.176980001],
			[37.414011,
			0.176893999000015],
			[37.413935,
			0.176814],
			[37.413892997999987,
			0.176764],
			[37.413846,
			0.17672],
			[37.413800001000027,
			0.17665999899998],
			[37.413717,
			0.176611],
			[37.413655,
			0.176562],
			[37.413588000999987,
			0.176519],
			[37.413475,
			0.176465],
			[37.413419,
			0.176455],
			[37.413331001000017,
			0.176422],
			[37.413254,
			0.176411],
			[37.413203,
			0.176409001000025],
			[37.413137,
			0.176406],
			[37.413042,
			0.176392],
			[37.413007,
			0.176369],
			[37.412953,
			0.176341],
			[37.412895,
			0.176311999],
			[37.412826,
			0.176288],
			[37.412769,
			0.176249],
			[37.412721,
			0.176227],
			[37.412654001000021,
			0.176193],
			[37.412594,
			0.176149],
			[37.412519,
			0.176096],
			[37.412450001000025,
			0.176052998999978],
			[37.412408,
			0.176022],
			[37.412367001,
			0.17599],
			[37.412332,
			0.175954],
			[37.412273,
			0.175908],
			[37.41222799799999,
			0.175887],
			[37.412188,
			0.175856],
			[37.412125,
			0.175815],
			[37.412086,
			0.17578],
			[37.412047,
			0.17575],
			[37.412014,
			0.175655999000014],
			[37.411945,
			0.175554],
			[37.411905,
			0.175501000999986],
			[37.411868,
			0.175453],
			[37.411798,
			0.17543],
			[37.411756998999977,
			0.175378],
			[37.411700000999986,
			0.175321],
			[37.411633,
			0.17527499900001],
			[37.411615000999973,
			0.175238],
			[37.411567,
			0.175187],
			[37.411491,
			0.175151],
			[37.411417,
			0.175106],
			[37.411359000999987,
			0.175056],
			[37.411309001,
			0.174998],
			[37.411272000999986,
			0.174962],
			[37.411226,
			0.174921],
			[37.41118,
			0.174895],
			[37.411153,
			0.174859],
			[37.411096000999976,
			0.174842],
			[37.41102300099999,
			0.174812],
			[37.410989,
			0.174777],
			[37.410935000999984,
			0.174743],
			[37.410868000999983,
			0.174718],
			[37.410819,
			0.17468800099999],
			[37.410762,
			0.174672],
			[37.410718,
			0.174638],
			[37.410674,
			0.174595999000019],
			[37.410627,
			0.174567],
			[37.410575,
			0.174547001],
			[37.410531,
			0.174544001000015],
			[37.410436000999987,
			0.174537],
			[37.410393,
			0.174525],
			[37.41035,
			0.174499998999977],
			[37.410278001,
			0.174472001000026],
			[37.410252001,
			0.17443799900002],
			[37.410215,
			0.174392],
			[37.410194,
			0.174354],
			[37.410186,
			0.174306999],
			[37.41017,
			0.174226998999984],
			[37.410141,
			0.174152],
			[37.410120998000025,
			0.17411],
			[37.410113,
			0.174047],
			[37.41008100099998,
			0.17399000099999],
			[37.410027,
			0.173924000999989],
			[37.409982,
			0.173851],
			[37.409929,
			0.17381100099999],
			[37.409909,
			0.17376600099999],
			[37.409868,
			0.173731001000021],
			[37.409836,
			0.17369899900001],
			[37.409817,
			0.173651001],
			[37.409781001,
			0.173602],
			[37.409429000999978,
			0.173098],
			[37.409399,
			0.173031],
			[37.409379,
			0.172951],
			[37.409369001000016,
			0.172897],
			[37.409365001000026,
			0.172794],
			[37.409348,
			0.17275200099999],
			[37.409351,
			0.17267],
			[37.409346001000017,
			0.172605],
			[37.409347001000015,
			0.17258],
			[37.40934900100001,
			0.172535],
			[37.409352,
			0.172466000999975],
			[37.409355,
			0.172398],
			[37.409371001000011,
			0.172325],
			[37.40942300099999,
			0.172261],
			[37.40943,
			0.172221],
			[37.409478001000025,
			0.172158],
			[37.409520000999976,
			0.172114],
			[37.409554001,
			0.172079],
			[37.40960400099999,
			0.172074],
			[37.409684001000016,
			0.172072001],
			[37.409734,
			0.172079],
			[37.40980600099999,
			0.172117],
			[37.409851,
			0.17214],
			[37.409871001,
			0.172144],
			[37.409929,
			0.172155],
			[37.410004001,
			0.172169],
			[37.410058,
			0.172193],
			[37.410113,
			0.172228],
			[37.410172,
			0.172259999],
			[37.410203,
			0.172305],
			[37.410263,
			0.172329],
			[37.410307,
			0.172353],
			[37.410364,
			0.172386],
			[37.410413,
			0.17241],
			[37.41048,
			0.172418000999983],
			[37.410521,
			0.172422],
			[37.410572,
			0.172422000999973],
			[37.410614001,
			0.172426],
			[37.410685,
			0.172417],
			[37.410741001000019,
			0.172379],
			[37.410775,
			0.172350000999984],
			[37.41084200099999,
			0.172299],
			[37.410880999000028,
			0.172257],
			[37.410957,
			0.17223500099999],
			[37.410995001,
			0.17223500099999],
			[37.411042001,
			0.172235],
			[37.41110100100002,
			0.172243],
			[37.411157,
			0.172268],
			[37.411209000999975,
			0.172325999],
			[37.411256,
			0.172363999000027],
			[37.411329,
			0.172381],
			[37.411458001000028,
			0.172454],
			[37.411527001000024,
			0.172484],
			[37.411583,
			0.172475001],
			[37.411634000999982,
			0.172454],
			[37.411676,
			0.172428001000014],
			[37.411730998999985,
			0.172407],
			[37.411795,
			0.172368999000014],
			[37.411823,
			0.172326],
			[37.411838,
			0.172259],
			[37.411837,
			0.172225],
			[37.411847,
			0.172145999],
			[37.411824001000014,
			0.172075001],
			[37.411818,
			0.172034],
			[37.411816,
			0.171956],
			[37.411815,
			0.17192699899999],
			[37.411825001000011,
			0.17187],
			[37.41184,
			0.171796001000018],
			[37.411842001000025,
			0.171752],
			[37.411839000999976,
			0.171655],
			[37.411817,
			0.17160300099999],
			[37.411769,
			0.171525],
			[37.411767,
			0.171468],
			[37.411791,
			0.171426],
			[37.411811,
			0.171361],
			[37.411835,
			0.171323],
			[37.411841,
			0.171262999000021],
			[37.411861000999977,
			0.171225],
			[37.41186000099998,
			0.171186],
			[37.411837000999981,
			0.171105001],
			[37.411819001000026,
			0.171029],
			[37.411818000999972,
			0.170995],
			[37.411817,
			0.170941],
			[37.411856998000019,
			0.170887000999983],
			[37.411856,
			0.170817],
			[37.41185500099999,
			0.170775],
			[37.411854,
			0.17068],
			[37.411852001,
			0.170606],
			[37.411847001000012,
			0.170564999000021],
			[37.411834000999988,
			0.170515998999974],
			[37.41183300099999,
			0.170459],
			[37.411832,
			0.170376998999984],
			[37.411807,
			0.170324000999983],
			[37.411777,
			0.170255],
			[37.41178,
			0.17021],
			[37.411783,
			0.170174],
			[37.411792000999981,
			0.170101],
			[37.411823,
			0.170045],
			[37.411857,
			0.170001],
			[37.411874001,
			0.169925],
			[37.411876001,
			0.169881],
			[37.411875001,
			0.169838],
			[37.411868,
			0.169771],
			[37.411847,
			0.169712],
			[37.411796,
			0.169603],
			[37.411769999,
			0.169556999],
			[37.411756,
			0.169523],
			[37.411743,
			0.169481001],
			[37.411739,
			0.169413],
			[37.411756,
			0.169364],
			[37.411789000999988,
			0.169342],
			[37.411822,
			0.169324],
			[37.41189,
			0.169321],
			[37.411943,
			0.169341],
			[37.411969,
			0.169334],
			[37.412026,
			0.169309],
			[37.41206900100002,
			0.169307],
			[37.412112,
			0.16929],
			[37.412204001000021,
			0.16927],
			[37.412267000999975,
			0.169247000999974],
			[37.412304999000014,
			0.169233],
			[37.412352,
			0.16921],
			[37.412442,
			0.169193999000015],
			[37.412499,
			0.169203],
			[37.412553,
			0.169187001000012],
			[37.412596,
			0.169164],
			[37.412619999000015,
			0.169137],
			[37.412659,
			0.169089],
			[37.412653001000024,
			0.169037],
			[37.412655001000019,
			0.168989],
			[37.412707,
			0.168949],
			[37.412734,
			0.168925],
			[37.41279099799999,
			0.168897],
			[37.412801,
			0.168863999],
			[37.412838,
			0.168823],
			[37.412873,
			0.168785001],
			[37.412937,
			0.168754001000025],
			[37.413025,
			0.168731],
			[37.413099000999978,
			0.168725],
			[37.413177001,
			0.168702999],
			[37.413272,
			0.168687],
			[37.413346,
			0.168663],
			[37.413399,
			0.168652999000017],
			[37.413466,
			0.168625],
			[37.413505,
			0.168608],
			[37.413583,
			0.168568],
			[37.413657,
			0.168554],
			[37.413692001000015,
			0.168544],
			[37.413745,
			0.16852000099999],
			[37.413802001000022,
			0.16851900099999],
			[37.413851001000012,
			0.168535],
			[37.413897001,
			0.16855],
			[37.413962,
			0.168566000999988],
			[37.414004,
			0.168562001],
			[37.414060999000014,
			0.168555],
			[37.414121,
			0.168534],
			[37.414184001000024,
			0.168517],
			[37.414284001,
			0.168526],
			[37.414327,
			0.168532001000017],
			[37.41437,
			0.168542],
			[37.414413001000014,
			0.168541999000013],
			[37.414466,
			0.168542],
			[37.414526,
			0.168542],
			[37.414583000999983,
			0.168541999000013],
			[37.41465,
			0.168542],
			[37.414720999,
			0.168536],
			[37.414762,
			0.168525999],
			[37.414804,
			0.168513],
			[37.414838,
			0.16849],
			[37.414886,
			0.168484],
			[37.414928,
			0.168471],
			[37.414981,
			0.168436],
			[37.415035000999978,
			0.16841],
			[37.415085,
			0.16842],
			[37.415129001000025,
			0.168439],
			[37.41516500099999,
			0.168439],
			[37.415226001,
			0.168416001000026],
			[37.415249,
			0.168407],
			[37.415284,
			0.168369],
			[37.415311,
			0.168359],
			[37.415367,
			0.168337999000016],
			[37.415442000999974,
			0.168322],
			[37.415487,
			0.168321999],
			[37.415536001000021,
			0.168326],
			[37.415585,
			0.168329],
			[37.415637,
			0.168337],
			[37.41571,
			0.168343999],
			[37.415783,
			0.168344],
			[37.415827998,
			0.168355],
			[37.415859,
			0.168378],
			[37.415929,
			0.168385],
			[37.415985001000024,
			0.168377998999972],
			[37.416031,
			0.168364000999986],
			[37.416094,
			0.168335],
			[37.416136,
			0.168303],
			[37.416192,
			0.168264],
			[37.416238,
			0.168217],
			[37.416266,
			0.168184999],
			[37.416308,
			0.168150998999977],
			[37.416343000999973,
			0.168119],
			[37.416377001,
			0.168088001],
			[37.416423,
			0.168064],
			[37.416493,
			0.16803],
			[37.416538,
			0.168021999000018],
			[37.416590000999975,
			0.168004],
			[37.416663,
			0.167975],
			[37.416694529999972,
			0.167950952000012],
			[37.416722,
			0.16793],
			[37.416769,
			0.167924],
			[37.416821789999972,
			0.167908063000027],
			[37.416822,
			0.167907999000022]],
			[[37.463288,
			0.213708],
			[37.463102,
			0.213691000999972],
			[37.462998001000017,
			0.213705],
			[37.4628,
			0.213789],
			[37.462707001000012,
			0.213849],
			[37.462579,
			0.213909],
			[37.462428,
			0.213968],
			[37.462275,
			0.214025000999982],
			[37.462097001000018,
			0.214127],
			[37.461881001,
			0.214273],
			[37.461648001000015,
			0.214439],
			[37.461465001000022,
			0.21453900099999],
			[37.461408998000024,
			0.214549],
			[37.45972,
			0.21599299899998],
			[37.456695,
			0.219292],
			[37.45349,
			0.222735],
			[37.448923,
			0.227622],
			[37.448210001,
			0.22831],
			[37.446709,
			0.229799],
			[37.446498,
			0.229871],
			[37.446075001,
			0.230079],
			[37.444673,
			0.230618000999982],
			[37.444338999000024,
			0.230740998999977],
			[37.442172,
			0.231672999000011],
			[37.441782,
			0.231804],
			[37.441454,
			0.231892],
			[37.441025001000014,
			0.231915001],
			[37.440662,
			0.23191],
			[37.4402,
			0.231873001],
			[37.439832001000013,
			0.231852],
			[37.439427,
			0.231797],
			[37.439189000999988,
			0.231712],
			[37.438984,
			0.231611],
			[37.438881,
			0.23143],
			[37.438752,
			0.231212],
			[37.438749961999974,
			0.231163673000026],
			[37.438745,
			0.231046],
			[37.438854998000011,
			0.230798],
			[37.439093,
			0.23041100099999],
			[37.439403,
			0.229896],
			[37.439459000999989,
			0.229836998999986],
			[37.43932,
			0.229387],
			[37.439185001,
			0.228944],
			[37.439092,
			0.228690001000018],
			[37.438896000999989,
			0.22843000099999],
			[37.43878,
			0.228218],
			[37.438663,
			0.228052],
			[37.438561998000011,
			0.227887],
			[37.43846,
			0.227736],
			[37.438375,
			0.227586998999982],
			[37.438238,
			0.227402000999973],
			[37.438117,
			0.22728],
			[37.437997,
			0.227096001],
			[37.437896,
			0.226954],
			[37.43777000099999,
			0.226824],
			[37.437384001,
			0.22679],
			[37.437179,
			0.226822],
			[37.437052,
			0.226936],
			[37.436989,
			0.227034],
			[37.436846,
			0.227229],
			[37.436685,
			0.227311],
			[37.436383,
			0.227327],
			[37.436264,
			0.227344],
			[37.435932001000026,
			0.22736],
			[37.435612999,
			0.22736],
			[37.435467001,
			0.22736],
			[37.435225,
			0.22736],
			[37.434947,
			0.227359998999987],
			[37.434686000999989,
			0.227376],
			[37.434442,
			0.227474001000019],
			[37.434179,
			0.22749],
			[37.433837000999972,
			0.22767],
			[37.433641,
			0.227735],
			[37.433396001,
			0.227881],
			[37.43319999900001,
			0.227995],
			[37.433020000999988,
			0.228044],
			[37.432824,
			0.228092],
			[37.432611,
			0.228237],
			[37.432399001000022,
			0.228284],
			[37.432171000999972,
			0.228346],
			[37.431993001000023,
			0.228456999],
			[37.431751,
			0.228536001],
			[37.431606,
			0.228583],
			[37.431446,
			0.228678],
			[37.431254,
			0.228707000999975],
			[37.431047,
			0.228737],
			[37.430681,
			0.228796999],
			[37.430381,
			0.228809],
			[37.430003,
			0.228853],
			[37.42969,
			0.228944999000021],
			[37.429503,
			0.229021999],
			[37.429363,
			0.229130999],
			[37.429084,
			0.229173999000011],
			[37.428761,
			0.229216],
			[37.428469001,
			0.229228],
			[37.428165,
			0.229222],
			[37.427848,
			0.229263],
			[37.427681,
			0.229339],
			[37.427264,
			0.229397999000014],
			[37.427123000999984,
			0.229396],
			[37.426841,
			0.229439999000022],
			[37.426576001,
			0.229531],
			[37.426279,
			0.229571998999972],
			[37.426000000999977,
			0.229674],
			[37.425691,
			0.229807],
			[37.425399,
			0.229923],
			[37.42513800099999,
			0.229933],
			[37.424773,
			0.230018],
			[37.424392,
			0.23009],
			[37.424073,
			0.230134],
			[37.423858000999985,
			0.230289],
			[37.423596998999983,
			0.230383],
			[37.423323,
			0.230410999000014],
			[37.423021999000014,
			0.230467],
			[37.422658001,
			0.230465],
			[37.422386,
			0.230462],
			[37.422129,
			0.230461],
			[37.421869,
			0.230447],
			[37.421643,
			0.230429999000023],
			[37.421416998999973,
			0.230428999000026],
			[37.421092000999977,
			0.230432],
			[37.420578,
			0.230439],
			[37.420228,
			0.230463000999976],
			[37.419771001000015,
			0.230424],
			[37.419460999000023,
			0.230348999],
			[37.418134,
			0.229995],
			[37.41788,
			0.229997],
			[37.417611001000012,
			0.23],
			[37.41732700099999,
			0.229955],
			[37.416989,
			0.229938999000012],
			[37.416762,
			0.229953],
			[37.416503,
			0.230018],
			[37.416202,
			0.229992],
			[37.415983,
			0.229928998999981],
			[37.415797,
			0.229912999000021],
			[37.415532000999974,
			0.229957],
			[37.415268001000015,
			0.230002999000021],
			[37.414961001,
			0.230007],
			[37.414743,
			0.229833],
			[37.414463,
			0.229754001],
			[37.414231001000019,
			0.229705998999975],
			[37.414060001,
			0.229641999000023],
			[37.413828,
			0.229577],
			[37.413627001,
			0.229575],
			[37.413319,
			0.229525],
			[37.413028000999986,
			0.22941],
			[37.412814001000015,
			0.229406],
			[37.41251,
			0.229402],
			[37.412313,
			0.229399],
			[37.412042,
			0.229395],
			[37.411726000999977,
			0.229405],
			[37.411457,
			0.22933899899999],
			[37.411266001,
			0.229122],
			[37.411062,
			0.228920999000024],
			[37.410888,
			0.228782],
			[37.410628001000021,
			0.228537],
			[37.4105,
			0.228385],
			[37.410301,
			0.228218],
			[37.410145,
			0.228053000999978],
			[37.409864,
			0.227902],
			[37.409668001,
			0.227738],
			[37.409288,
			0.227487],
			[37.408015,
			0.22703],
			[37.406096,
			0.225685],
			[37.404460001000018,
			0.22481],
			[37.404261997999981,
			0.224732001],
			[37.404033,
			0.224713],
			[37.403788,
			0.224707],
			[37.40349500100001,
			0.224685],
			[37.403264001000025,
			0.224652999],
			[37.403004,
			0.224702001000026],
			[37.40273,
			0.224813],
			[37.402608,
			0.224846],
			[37.402351001,
			0.224912],
			[37.40215299800002,
			0.224989999],
			[37.401935,
			0.225064],
			[37.401739,
			0.225128],
			[37.401553,
			0.225148],
			[37.401347000999976,
			0.225156],
			[37.40118300099999,
			0.225156],
			[37.401001,
			0.225164],
			[37.400762000999975,
			0.225205],
			[37.400653,
			0.225264],
			[37.40056,
			0.225314],
			[37.400493,
			0.225347],
			[37.400383,
			0.225414],
			[37.400254,
			0.225535],
			[37.400211001,
			0.225578],
			[37.400119001,
			0.225653998999974],
			[37.400001,
			0.225729],
			[37.399923,
			0.225781],
			[37.399853,
			0.22584200099999],
			[37.399757001000012,
			0.225912000999983],
			[37.39968,
			0.225962998999989],
			[37.399611,
			0.226014998999972],
			[37.399500000999979,
			0.226092000999984],
			[37.39939,
			0.226142],
			[37.399235998999984,
			0.226252],
			[37.39915,
			0.226312999000015],
			[37.399071,
			0.226365],
			[37.398966,
			0.226452999],
			[37.398887,
			0.226523],
			[37.398755,
			0.226680999],
			[37.398683,
			0.226816],
			[37.39677500099998,
			0.230815],
			[37.396718,
			0.231040999000015],
			[37.396676,
			0.231114],
			[37.39658300100001,
			0.23127],
			[37.396478,
			0.231444],
			[37.396025,
			0.232332000999975],
			[37.395819,
			0.232787],
			[37.39571,
			0.233061],
			[37.395646,
			0.233247],
			[37.395518,
			0.233462],
			[37.395335,
			0.233815],
			[37.395084000999987,
			0.234379],
			[37.39477800100002,
			0.235013],
			[37.394593000999976,
			0.235301000999982],
			[37.394575,
			0.235347999],
			[37.394501,
			0.235496],
			[37.394419,
			0.235625],
			[37.394373001000019,
			0.235735998999985],
			[37.394346,
			0.235838],
			[37.39431799800002,
			0.235921001],
			[37.394254,
			0.236032],
			[37.393667,
			0.237351],
			[37.392677,
			0.239293],
			[37.391856,
			0.241018],
			[37.391247001000011,
			0.240951],
			[37.390958,
			0.240917],
			[37.39066900099999,
			0.240891],
			[37.390359,
			0.240869998999983],
			[37.390023000999975,
			0.240875001],
			[37.389860000999988,
			0.240857],
			[37.389534,
			0.240817],
			[37.389034998999989,
			0.240747000999988],
			[37.388682,
			0.240738],
			[37.388294,
			0.240737998999975],
			[37.387982001000012,
			0.240733],
			[37.387678000999983,
			0.240719],
			[37.387219,
			0.240816],
			[37.387029000999974,
			0.24085],
			[37.386684,
			0.241023],
			[37.386492,
			0.241068],
			[37.381102,
			0.237082],
			[37.38090900100002,
			0.23696],
			[37.380786,
			0.236846],
			[37.380697000999987,
			0.236793001000024],
			[37.38053,
			0.236731],
			[37.380415,
			0.236678],
			[37.380256,
			0.23662500099999],
			[37.376459999000019,
			0.235435],
			[37.376242999,
			0.233902],
			[37.376242,
			0.233722],
			[37.376189001,
			0.233559],
			[37.376128000999984,
			0.233448],
			[37.375989,
			0.233312],
			[37.371695,
			0.230156],
			[37.371576,
			0.230071001],
			[37.371381,
			0.229912],
			[37.371263000999988,
			0.229804],
			[37.371178,
			0.229745],
			[37.371122,
			0.229589001000022],
			[37.371042000999978,
			0.229376],
			[37.370985001,
			0.228986],
			[37.370938,
			0.228828],
			[37.370883000999982,
			0.228694999000027],
			[37.370827001,
			0.228587],
			[37.370748,
			0.22846400100002],
			[37.370661,
			0.22832499899999],
			[37.370590000999982,
			0.228228],
			[37.370504000999972,
			0.228098999],
			[37.370392,
			0.22800999899999],
			[37.370263,
			0.227914000999988],
			[37.370149,
			0.227841],
			[37.370017999000027,
			0.227801],
			[37.369962,
			0.227745],
			[37.369875,
			0.227648000999977],
			[37.369802998000011,
			0.227607998999986],
			[37.369680001,
			0.227568],
			[37.369566,
			0.227561],
			[37.369454,
			0.227539],
			[37.369341001,
			0.227492000999973],
			[37.369247,
			0.227422],
			[37.368969,
			0.227214],
			[37.368818001000022,
			0.227147],
			[37.368593001000022,
			0.227003001000014],
			[37.368494,
			0.226959],
			[37.36830500100001,
			0.226912001000017],
			[37.368207,
			0.226914998999973],
			[37.368077,
			0.226951],
			[37.36802,
			0.22697599899999],
			[37.367939001000025,
			0.227041],
			[37.367858,
			0.227098],
			[37.367793,
			0.227146999000013],
			[37.367704,
			0.227244],
			[37.367607,
			0.227357000999973],
			[37.367494001000011,
			0.227399],
			[37.367397,
			0.22741],
			[37.367268001000014,
			0.227413],
			[37.367212,
			0.227397999],
			[37.365947,
			0.227558],
			[37.365836,
			0.227511],
			[37.365764001,
			0.227487999],
			[37.36566700100002,
			0.227488],
			[37.365539,
			0.227488],
			[37.365418998,
			0.227511],
			[37.359625000999984,
			0.228021],
			[37.359463,
			0.227996],
			[37.359336,
			0.227954001],
			[37.359231,
			0.228005],
			[37.359237,
			0.228099],
			[37.359287,
			0.228185],
			[37.359292,
			0.228296],
			[37.359320998999976,
			0.228434],
			[37.359413999000026,
			0.228528],
			[37.359489,
			0.228614],
			[37.359503,
			0.228735],
			[37.359475,
			0.228813],
			[37.359455,
			0.228926],
			[37.35954,
			0.229047],
			[37.359609,
			0.229063],
			[37.359756,
			0.229130999],
			[37.359824,
			0.229165],
			[37.359918000999983,
			0.229207],
			[37.360012,
			0.229275998999981],
			[37.360079998,
			0.229328],
			[37.360198,
			0.229466],
			[37.36024,
			0.229535],
			[37.360255998000014,
			0.229631],
			[37.360288998999977,
			0.229727],
			[37.360364,
			0.229893],
			[37.360406,
			0.229945000999976],
			[37.360465,
			0.230094],
			[37.360436,
			0.230210999],
			[37.360417,
			0.230265998999982],
			[37.360271001,
			0.23099799900001],
			[37.360241,
			0.231176],
			[37.360239,
			0.231282],
			[37.360326,
			0.231370001000016],
			[37.360432,
			0.231377001],
			[37.360548000999984,
			0.231357],
			[37.360655,
			0.231337999],
			[37.360762,
			0.231275],
			[37.360816000999989,
			0.231195],
			[37.360965001000011,
			0.231263],
			[37.361078,
			0.231357],
			[37.361077001000012,
			0.231444],
			[37.361051998999983,
			0.231633],
			[37.361105,
			0.231727],
			[37.361165,
			0.231873],
			[37.361285001,
			0.232343],
			[37.36131,
			0.232509],
			[37.361327,
			0.232597],
			[37.361412,
			0.232766],
			[37.361421,
			0.23282],
			[37.361325001000012,
			0.23289],
			[37.36123,
			0.232896],
			[37.361090999,
			0.232958],
			[37.360994,
			0.233015],
			[37.360862000999987,
			0.233026999],
			[37.360729,
			0.233059],
			[37.360622,
			0.233106998999972],
			[37.36055,
			0.233208],
			[37.36047700099999,
			0.233328],
			[37.360348000999977,
			0.233479],
			[37.360187000999986,
			0.233598],
			[37.360017,
			0.233679999],
			[37.359875000999978,
			0.233764999000016],
			[37.359687001,
			0.233859],
			[37.359532,
			0.233968],
			[37.359407,
			0.234033],
			[37.359301999000024,
			0.234068001000026],
			[37.359137,
			0.234156],
			[37.358984,
			0.234183998999981],
			[37.358835,
			0.234233999000026],
			[37.358734,
			0.234236],
			[37.358613,
			0.234238],
			[37.358486,
			0.234174],
			[37.358389,
			0.234068998999987],
			[37.358308001000012,
			0.23406],
			[37.358173001000011,
			0.233994],
			[37.357935,
			0.23396900099999],
			[37.357909082999981,
			0.233961634000025],
			[37.357745001000012,
			0.233915],
			[37.357646000999978,
			0.233924],
			[37.357563,
			0.233855],
			[37.357462000999988,
			0.233776001000024],
			[37.357329,
			0.233659],
			[37.357262000999981,
			0.233611000999986],
			[37.357163001,
			0.233524],
			[37.357072001,
			0.233447001],
			[37.356997,
			0.23338],
			[37.356877,
			0.233226],
			[37.356836000999976,
			0.233149],
			[37.356709,
			0.232995001],
			[37.356612,
			0.232871],
			[37.356540999,
			0.23273],
			[37.356491999000013,
			0.232627998999988],
			[37.356451998000011,
			0.232545],
			[37.356419,
			0.232398],
			[37.356363,
			0.23213400100002],
			[37.356411,
			0.232044],
			[37.356445,
			0.23199900100002],
			[37.356484,
			0.231909],
			[37.356601001,
			0.231776],
			[37.356759001,
			0.231617],
			[37.35694799800001,
			0.231388001000028],
			[37.357067,
			0.231317999],
			[37.357193,
			0.231214],
			[37.357301,
			0.231109],
			[37.357496997999988,
			0.23104],
			[37.357648,
			0.230919001000018],
			[37.357778,
			0.230834],
			[37.357913,
			0.230757],
			[37.358011,
			0.230663],
			[37.358073,
			0.230542999000022],
			[37.358071,
			0.230396],
			[37.358081,
			0.230345],
			[37.35809,
			0.23025],
			[37.358089999000015,
			0.230164],
			[37.358034,
			0.229923],
			[37.357997001,
			0.229786],
			[37.357969,
			0.229691],
			[37.357913000999986,
			0.229597],
			[37.357867000999988,
			0.229521],
			[37.357821,
			0.229452001000027],
			[37.357765001000018,
			0.229299],
			[37.35767,
			0.22913],
			[37.357613,
			0.229028998999979],
			[37.357556000999978,
			0.228904],
			[37.357509,
			0.228845001000025],
			[37.357416,
			0.228696],
			[37.357342,
			0.228605],
			[37.357323,
			0.228597],
			[37.357212,
			0.228415],
			[37.35704800100001,
			0.228226],
			[37.357011,
			0.22815],
			[37.356929,
			0.228039],
			[37.356875,
			0.22798],
			[37.356802001,
			0.227903],
			[37.356693001,
			0.227776],
			[37.356548,
			0.2276],
			[37.356343,
			0.227393],
			[37.35607,
			0.227097999000023],
			[37.355862,
			0.226904],
			[37.355623001000026,
			0.226745],
			[37.355395,
			0.226588],
			[37.355254,
			0.22649400099999],
			[37.355105,
			0.22641],
			[37.354974001000016,
			0.226317],
			[37.354885,
			0.226215998999976],
			[37.354755,
			0.226117],
			[37.354689999000016,
			0.226072000999977],
			[37.354578,
			0.226012001000015],
			[37.35446600099999,
			0.225976],
			[37.354268,
			0.225896998999986],
			[37.353901,
			0.225754000999984],
			[37.353738,
			0.22566999899999],
			[37.353644,
			0.22561600099999],
			[37.353575,
			0.225555],
			[37.353459,
			0.225434],
			[37.35339000099998,
			0.225306],
			[37.353383001,
			0.225231],
			[37.353383,
			0.225146000999985],
			[37.353383001,
			0.225023],
			[37.353407000999987,
			0.22488],
			[37.353477,
			0.224805],
			[37.353499998000018,
			0.224722],
			[37.353516001,
			0.22461],
			[37.353554,
			0.224455],
			[37.35361500099998,
			0.224359],
			[37.353654,
			0.224224],
			[37.353707,
			0.224087999],
			[37.353738,
			0.224],
			[37.353815,
			0.223877999000024],
			[37.35387,
			0.223765001],
			[37.353963,
			0.22369],
			[37.353986,
			0.223629],
			[37.354026,
			0.223491998999975],
			[37.354033997999977,
			0.223408],
			[37.354042,
			0.223293],
			[37.354081,
			0.223163],
			[37.354097001000014,
			0.222999],
			[37.354112000999976,
			0.222818],
			[37.35415100099999,
			0.222638],
			[37.354167001,
			0.222488999],
			[37.354228998999986,
			0.222317],
			[37.354307001,
			0.222161],
			[37.354417,
			0.221981],
			[37.354527,
			0.221809],
			[37.35462,
			0.221645],
			[37.354698000999974,
			0.221496],
			[37.354926,
			0.221316],
			[37.35514600099998,
			0.221151],
			[37.355184001,
			0.22105],
			[37.355270001,
			0.220909001],
			[37.355301000999987,
			0.220816],
			[37.355409001,
			0.220698998999978],
			[37.355498001,
			0.220446],
			[37.355511,
			0.220307999],
			[37.355553,
			0.220132998999986],
			[37.355595000999983,
			0.219936],
			[37.355670001000021,
			0.21980800099999],
			[37.355674,
			0.21967200099999],
			[37.355679001,
			0.219491],
			[37.355645,
			0.219322001000023],
			[37.354588001000025,
			0.217394001],
			[37.353869001000021,
			0.216165],
			[37.353458000999979,
			0.215613],
			[37.353171,
			0.215231],
			[37.352996,
			0.214962001],
			[37.352888001,
			0.214759],
			[37.352816,
			0.2146],
			[37.352774,
			0.214412],
			[37.352732,
			0.214269],
			[37.352631,
			0.214148],
			[37.352545,
			0.214041],
			[37.35246700099998,
			0.213921],
			[37.352389,
			0.213770999000019],
			[37.352275,
			0.213616],
			[37.352233,
			0.213552999],
			[37.352198,
			0.213483],
			[37.352142,
			0.213356],
			[37.352135001000022,
			0.213291001000016],
			[37.352037,
			0.213145],
			[37.351956,
			0.213077],
			[37.351847,
			0.21301499899999],
			[37.351781001,
			0.212934],
			[37.351701,
			0.212888],
			[37.351650001,
			0.21283599899999],
			[37.351599,
			0.212777],
			[37.351549001000024,
			0.212703001000023],
			[37.351505001000021,
			0.212658998999984],
			[37.351454,
			0.21252],
			[37.35140400099999,
			0.212388998999984],
			[37.351360998000018,
			0.212194],
			[37.351368,
			0.211979],
			[37.351389,
			0.211784998999974],
			[37.351417,
			0.211614],
			[37.351496,
			0.211456999],
			[37.351654,
			0.211279],
			[37.351808,
			0.21104900099999],
			[37.351884000999974,
			0.210842],
			[37.351973000999976,
			0.210615999000026],
			[37.352055,
			0.210432998999977],
			[37.352144,
			0.210237],
			[37.352143001,
			0.210174],
			[37.352128,
			0.210084000999984],
			[37.352099,
			0.210000001000026],
			[37.352036,
			0.209874],
			[37.352027998999972,
			0.20977],
			[37.351985,
			0.209631],
			[37.351956,
			0.209576],
			[37.351859,
			0.209513],
			[37.351796,
			0.209505],
			[37.351698,
			0.209443],
			[37.351607,
			0.209401],
			[37.35151600099999,
			0.209358999000017],
			[37.351425,
			0.209317],
			[37.351347998999984,
			0.20929],
			[37.351327001000016,
			0.209275999],
			[37.351096,
			0.209173001000011],
			[37.351047,
			0.209139],
			[37.350978,
			0.209139],
			[37.350866,
			0.209092],
			[37.350818,
			0.209065001],
			[37.350741,
			0.20906],
			[37.350603,
			0.209020999000018],
			[37.350513,
			0.209022999000013],
			[37.350403001000018,
			0.209005],
			[37.35032800099998,
			0.208972],
			[37.350197001000026,
			0.208960999],
			[37.350114001,
			0.208961],
			[37.350011,
			0.208967],
			[37.3499,
			0.208981],
			[37.349789,
			0.208994],
			[37.349706001000015,
			0.208988],
			[37.34961,
			0.208975],
			[37.349549001000014,
			0.208914],
			[37.349475000999973,
			0.208896],
			[37.349368,
			0.208851],
			[37.349295,
			0.208799],
			[37.34928800099999,
			0.208744],
			[37.349166,
			0.208608001000016],
			[37.34912,
			0.208554],
			[37.349047000999974,
			0.208491],
			[37.348948,
			0.208391],
			[37.348839000999988,
			0.208274],
			[37.348731000999976,
			0.208093],
			[37.348722001,
			0.207967],
			[37.348722,
			0.207778],
			[37.348725328,
			0.20774472],
			[37.34874,
			0.207598],
			[37.348767,
			0.207418],
			[37.348767001,
			0.207283],
			[37.348767,
			0.207166],
			[37.348767001,
			0.207057999000028],
			[37.348794,
			0.206932],
			[37.34892,
			0.206859],
			[37.348983,
			0.206768999000019],
			[37.349018999,
			0.206634001],
			[37.349000000999979,
			0.206376],
			[37.348944999000025,
			0.20630599899999],
			[37.348801,
			0.206201],
			[37.348648001000015,
			0.206116],
			[37.348513,
			0.205997],
			[37.348388,
			0.205829],
			[37.348360997999976,
			0.205708999000024],
			[37.348273,
			0.20561],
			[37.348106001000019,
			0.20554],
			[37.347958,
			0.205506],
			[37.347855001000028,
			0.205471999],
			[37.347743,
			0.205446999],
			[37.347652,
			0.205193],
			[37.347661,
			0.205117],
			[37.347704,
			0.204986],
			[37.347731,
			0.204818],
			[37.347808000999976,
			0.204754],
			[37.347817,
			0.204654],
			[37.347818,
			0.204478],
			[37.347785000999977,
			0.204356999000026],
			[37.347693,
			0.204209999],
			[37.347602,
			0.204042],
			[37.347468,
			0.20402],
			[37.34734400100001,
			0.203972],
			[37.347221,
			0.203957],
			[37.347108000999981,
			0.203951],
			[37.346963,
			0.203935],
			[37.346828,
			0.20392],
			[37.346685,
			0.203895999],
			[37.346528,
			0.203871999],
			[37.346395,
			0.203792],
			[37.346240001000012,
			0.203745001000016],
			[37.346109,
			0.203666],
			[37.345956,
			0.203579],
			[37.345841,
			0.203527],
			[37.345788,
			0.20346100099999],
			[37.34572,
			0.20339500099999],
			[37.345583001000023,
			0.203253999000026],
			[37.345506,
			0.203138],
			[37.345457001,
			0.203072],
			[37.345408,
			0.202983],
			[37.345293,
			0.202856],
			[37.345236,
			0.202818],
			[37.345185001,
			0.202762],
			[37.345135,
			0.202688998999975],
			[37.345068,
			0.202592],
			[37.34499599899999,
			0.202513],
			[37.344929001000025,
			0.20246],
			[37.344862,
			0.202394],
			[37.344791000999976,
			0.202283],
			[37.344697998000015,
			0.202213],
			[37.344676000999982,
			0.202184],
			[37.344639,
			0.202138],
			[37.344579,
			0.202091],
			[37.344524,
			0.202051000999973],
			[37.34448,
			0.202006],
			[37.344437001000017,
			0.201954],
			[37.344383000999983,
			0.201887000999989],
			[37.344309001,
			0.201813],
			[37.344236,
			0.201739],
			[37.344174001,
			0.20166100099999],
			[37.344113,
			0.201583],
			[37.344019,
			0.201533],
			[37.343953,
			0.201472998999975],
			[37.343918,
			0.201429],
			[37.343856,
			0.20139100099999],
			[37.343771,
			0.201309998999989],
			[37.34311800099999,
			0.200696],
			[37.34297,
			0.200559],
			[37.342875000999982,
			0.200496],
			[37.342834001000028,
			0.200439],
			[37.342813,
			0.200389],
			[37.342746,
			0.200339],
			[37.342725001000019,
			0.200305],
			[37.342669,
			0.200239],
			[37.342638001000012,
			0.200189],
			[37.342603,
			0.20014500100001],
			[37.342557,
			0.200074001000019],
			[37.342507,
			0.20002],
			[37.342462,
			0.199935],
			[37.342422000999989,
			0.199876999000026],
			[37.342403,
			0.19981900099998],
			[37.34235800099998,
			0.199761001000013],
			[37.342323,
			0.199708],
			[37.342299,
			0.19964],
			[37.34226,
			0.199588],
			[37.342211,
			0.199520999000015],
			[37.34205,
			0.199311],
			[37.341997,
			0.199224],
			[37.341938997999989,
			0.199179],
			[37.341896,
			0.199128],
			[37.34183,
			0.199043],
			[37.341807,
			0.199007999],
			[37.341771000999984,
			0.198932999000021],
			[37.341775,
			0.19883900100001],
			[37.341754,
			0.19876],
			[37.34174,
			0.198638001],
			[37.341743001,
			0.198575],
			[37.341736998999977,
			0.198493],
			[37.341707000999975,
			0.198412],
			[37.341687001000025,
			0.198312],
			[37.34167,
			0.19826],
			[37.341631001,
			0.198175],
			[37.34155,
			0.197853],
			[37.341502,
			0.197666001000016],
			[37.341504,
			0.197617001000026],
			[37.341495,
			0.197513],
			[37.341493,
			0.197453],
			[37.341496001,
			0.197395],
			[37.341499,
			0.197341],
			[37.341493,
			0.19726300100001],
			[37.341482,
			0.197215001000018],
			[37.341475,
			0.197157],
			[37.341474,
			0.197089],
			[37.341463998,
			0.197008],
			[37.341454000999988,
			0.196922],
			[37.341454000999988,
			0.196836999000027],
			[37.341453,
			0.196762],
			[37.341448,
			0.196687],
			[37.341432000999987,
			0.196636],
			[37.341426001,
			0.196557],
			[37.341429,
			0.196484000999988],
			[37.341430999000011,
			0.196424001000025],
			[37.341435,
			0.196324],
			[37.341441001000021,
			0.196201],
			[37.341435000999979,
			0.196062000999973],
			[37.341436000999977,
			0.19594999899999],
			[37.341444,
			0.195804],
			[37.341456,
			0.195738],
			[37.34146,
			0.195651],
			[37.341464,
			0.195564],
			[37.341477998000016,
			0.195464999000023],
			[37.341482,
			0.195379],
			[37.341478000999984,
			0.195281],
			[37.341454,
			0.195124],
			[37.341491,
			0.195033998999975],
			[37.341501,
			0.194992],
			[37.341504,
			0.194926],
			[37.341508,
			0.194843],
			[37.341513997999982,
			0.194731],
			[37.341533001000016,
			0.194576000999973],
			[37.341564,
			0.194442],
			[37.341583,
			0.194316999000023],
			[37.341593000999978,
			0.194145],
			[37.341618,
			0.194006],
			[37.341631,
			0.193929001000015],
			[37.341651001,
			0.193877],
			[37.341659,
			0.193757999000013],
			[37.341667001000019,
			0.193648999],
			[37.341677,
			0.193524],
			[37.341678,
			0.19341300100001],
			[37.341665,
			0.19328],
			[37.341659,
			0.193168999000022],
			[37.341669,
			0.192998],
			[37.34166399899999,
			0.19288],
			[37.341647,
			0.192265],
			[37.341651001,
			0.19218999899999],
			[37.341663000999972,
			0.192073],
			[37.341672,
			0.191969],
			[37.341679000999989,
			0.191851],
			[37.341665,
			0.19177700099999],
			[37.34167,
			0.191722],
			[37.341658999,
			0.191659],
			[37.341657000999987,
			0.191644],
			[37.341657000999987,
			0.191519],
			[37.341663,
			0.191452998999978],
			[37.341667,
			0.191366],
			[37.341658,
			0.191262],
			[37.341666997999987,
			0.191179001000023],
			[37.341656,
			0.191135001000021],
			[37.341636,
			0.191113],
			[37.341613999,
			0.191059],
			[37.341619,
			0.191014],
			[37.341631,
			0.190962001],
			[37.341687,
			0.190871]],
			[[37.469621001,
			0.228107],
			[37.469742,
			0.228281],
			[37.469801,
			0.228412],
			[37.469909,
			0.228626],
			[37.469965,
			0.228713],
			[37.470043,
			0.228769],
			[37.470173000999978,
			0.228788],
			[37.470394000999988,
			0.228921],
			[37.470567001,
			0.229100001],
			[37.470713,
			0.229242],
			[37.470823,
			0.229348],
			[37.470970001000012,
			0.229455],
			[37.471097,
			0.229438],
			[37.471321,
			0.229340001000026],
			[37.47149,
			0.229347],
			[37.471714001,
			0.22943],
			[37.471859999,
			0.229452],
			[37.472014,
			0.229463999000018],
			[37.472192,
			0.229623],
			[37.472198,
			0.229758],
			[37.472249998999985,
			0.229962],
			[37.472249,
			0.230107],
			[37.472249,
			0.23025300099999],
			[37.472279001,
			0.230380998999976],
			[37.472438,
			0.230516],
			[37.472528001,
			0.230678],
			[37.472706,
			0.230878],
			[37.472864001,
			0.231038],
			[37.473003,
			0.231179000999987],
			[37.473062,
			0.231286],
			[37.473181,
			0.231425],
			[37.473218,
			0.231578],
			[37.473285,
			0.23179],
			[37.473414000999981,
			0.231971],
			[37.473443001000021,
			0.232086001000027],
			[37.473495,
			0.232213],
			[37.473537,
			0.232337998999981],
			[37.473584,
			0.232468],
			[37.47364,
			0.232652001000019],
			[37.473686,
			0.232793999000023],
			[37.473704000999987,
			0.232893],
			[37.473718001,
			0.23303099899999],
			[37.47374,
			0.233209],
			[37.473762001000011,
			0.23335],
			[37.473749,
			0.233478],
			[37.473755000999972,
			0.233637000999977],
			[37.473807,
			0.233835999],
			[37.473901,
			0.234019000999979],
			[37.473953000999984,
			0.234165999000027],
			[37.474015,
			0.234337],
			[37.474069000999975,
			0.234472],
			[37.47411200099998,
			0.234586],
			[37.474195001,
			0.234768],
			[37.474281,
			0.234958],
			[37.474374,
			0.235106],
			[37.474454001000026,
			0.235181],
			[37.474480001000018,
			0.23521599899999],
			[37.474531,
			0.235248],
			[37.474544,
			0.235256999],
			[37.474599,
			0.235289],
			[37.47473,
			0.235379998999974],
			[37.474832,
			0.235494],
			[37.474893001,
			0.235625],
			[37.474965000999987,
			0.235747],
			[37.475064,
			0.235926],
			[37.475085,
			0.235983]],
			[[37.466275,
			0.235336],
			[37.466356,
			0.235414],
			[37.466377,
			0.235461],
			[37.466406,
			0.235508],
			[37.466414,
			0.235562001],
			[37.466449,
			0.235666998999989],
			[37.466449,
			0.235722],
			[37.466457,
			0.235777],
			[37.466466001000015,
			0.235837],
			[37.466473001,
			0.23592],
			[37.46649,
			0.235998],
			[37.466534,
			0.2361],
			[37.466608,
			0.236183],
			[37.466674,
			0.236239001],
			[37.466745,
			0.23632],
			[37.466788,
			0.236368],
			[37.466821,
			0.236415001000012],
			[37.466844,
			0.236472],
			[37.466877001,
			0.236558],
			[37.466877001,
			0.236712],
			[37.466877,
			0.236789],
			[37.466876001,
			0.236847001],
			[37.466862,
			0.236924],
			[37.466862000999981,
			0.236996],
			[37.466871001000015,
			0.237068],
			[37.466871001000015,
			0.237122],
			[37.466871,
			0.237184],
			[37.466918,
			0.23767],
			[37.466941001,
			0.237841999000011],
			[37.466945001,
			0.237912],
			[37.466954,
			0.238002],
			[37.466963,
			0.238087],
			[37.467002001000026,
			0.238167],
			[37.46700599799999,
			0.238228],
			[37.467021,
			0.238297000999978],
			[37.467041000999984,
			0.238346001000025],
			[37.467094,
			0.238978],
			[37.467108000999986,
			0.239142999000023],
			[37.467138,
			0.23919700099998],
			[37.467152998000017,
			0.239251],
			[37.467167,
			0.239335],
			[37.467285,
			0.239689],
			[37.467374,
			0.24002],
			[37.467413998999973,
			0.240194998999982],
			[37.467434,
			0.240409000999989],
			[37.467454,
			0.240624],
			[37.467469,
			0.24092],
			[37.467504,
			0.241566],
			[37.467509001,
			0.241608000999975],
			[37.467464001,
			0.241642],
			[37.46739,
			0.241697],
			[37.467355,
			0.241726001000018],
			[37.467315,
			0.241776],
			[37.467275,
			0.241811],
			[37.467235001,
			0.241836],
			[37.4672,
			0.241881],
			[37.467165001000012,
			0.24191600099999],
			[37.467114001000027,
			0.242007],
			[37.467074,
			0.242067],
			[37.467028,
			0.242113],
			[37.466992000999987,
			0.242178],
			[37.466899997999974,
			0.242306],
			[37.466854,
			0.24236700099999],
			[37.466829,
			0.242433],
			[37.466787,
			0.24251],
			[37.466751000999977,
			0.24260300100002],
			[37.46672,
			0.24268999899999],
			[37.466694,
			0.242788],
			[37.466439,
			0.243972],
			[37.466422,
			0.244085],
			[37.466368,
			0.244173],
			[37.466341,
			0.244245],
			[37.466299,
			0.244374],
			[37.466244,
			0.244484000999989],
			[37.46620500099999,
			0.244567],
			[37.466168001000028,
			0.244662],
			[37.46609,
			0.244764],
			[37.466052999,
			0.244866],
			[37.46605,
			0.244968],
			[37.466071,
			0.245043],
			[37.466069,
			0.245427],
			[37.466144000999975,
			0.245732001000022],
			[37.466114000999987,
			0.245924],
			[37.466120999,
			0.246026],
			[37.466141,
			0.246109999],
			[37.466155,
			0.246189],
			[37.466168,
			0.246298],
			[37.466223,
			0.246378],
			[37.466268001,
			0.246431],
			[37.466355,
			0.246544001000018],
			[37.466418,
			0.246641],
			[37.466449001,
			0.246706],
			[37.466485,
			0.246783000999983],
			[37.466499,
			0.246852],
			[37.466536001,
			0.246929001000012],
			[37.466561,
			0.247002],
			[37.466604999000026,
			0.247053],
			[37.466852001,
			0.247521],
			[37.466856001,
			0.247596999],
			[37.466874,
			0.248343],
			[37.46686,
			0.248432001000026],
			[37.466822001000025,
			0.24851],
			[37.466480999,
			0.249143],
			[37.466411,
			0.249312998999983],
			[37.466368,
			0.249418],
			[37.466390000999979,
			0.249777],
			[37.466346000999977,
			0.250188],
			[37.466327,
			0.250394],
			[37.466331,
			0.250494],
			[37.466328,
			0.250602],
			[37.466338,
			0.250676999],
			[37.46633300100001,
			0.250774],
			[37.466323,
			0.250858999],
			[37.466279000999975,
			0.250938],
			[37.466188,
			0.251112],
			[37.466107001000012,
			0.25121],
			[37.466012,
			0.2513],
			[37.465952999000024,
			0.251368],
			[37.465789,
			0.251537000999974],
			[37.46563,
			0.251720001000024],
			[37.465485,
			0.251897],
			[37.465427,
			0.252005999],
			[37.465378,
			0.252071],
			[37.465279,
			0.252203999000017],
			[37.465163,
			0.252338999000017],
			[37.465139997999984,
			0.252348],
			[37.464995,
			0.252454],
			[37.464961997999978,
			0.252481],
			[37.464826001,
			0.252629999000021],
			[37.464775,
			0.252728],
			[37.464734,
			0.252825],
			[37.464765000999989,
			0.253018],
			[37.464819001000023,
			0.253071],
			[37.464869001000011,
			0.253209001000016],
			[37.464836,
			0.253313],
			[37.464790000999983,
			0.253438],
			[37.464753,
			0.253527999000028],
			[37.464762,
			0.253643],
			[37.464813,
			0.253842],
			[37.464832,
			0.25391700099999],
			[37.464849,
			0.254001],
			[37.464842001000022,
			0.254085],
			[37.464875001,
			0.254164],
			[37.46487,
			0.254315001],
			[37.464862,
			0.254483999],
			[37.46488800100002,
			0.254532],
			[37.464927,
			0.254591],
			[37.464968,
			0.254639],
			[37.465007,
			0.254704],
			[37.465013,
			0.254762],
			[37.465034,
			0.254818],
			[37.465045,
			0.254899998999974],
			[37.465081000999987,
			0.254967001000011],
			[37.465120997999975,
			0.255039],
			[37.46519200099999,
			0.255117000999974],
			[37.465243000999976,
			0.255196],
			[37.46533,
			0.25526700099999],
			[37.465383001000021,
			0.255300998999985],
			[37.465435,
			0.255366998999989],
			[37.465498,
			0.255405],
			[37.465546001,
			0.255429999],
			[37.465633001000015,
			0.255451],
			[37.465723997999987,
			0.255482001000019],
			[37.465814,
			0.255522],
			[37.465900001000023,
			0.255552],
			[37.465971001000014,
			0.255581],
			[37.466047,
			0.255657],
			[37.466137,
			0.255724],
			[37.466176,
			0.255771001000028],
			[37.46627,
			0.255805],
			[37.46633,
			0.25582],
			[37.46641900100002,
			0.25586800100001],
			[37.466528,
			0.255883000999972],
			[37.466609001,
			0.255903],
			[37.466704000999982,
			0.255932],
			[37.466825,
			0.255946],
			[37.466966,
			0.255977998999981],
			[37.467091,
			0.255983],
			[37.467186001000016,
			0.255969],
			[37.467266,
			0.255954001000021],
			[37.467401000999985,
			0.255954],
			[37.467449999,
			0.255954],
			[37.46756,
			0.255953],
			[37.467740000999981,
			0.255952],
			[37.467861001000017,
			0.255956],
			[37.468045001,
			0.255974],
			[37.468186,
			0.255973],
			[37.468315,
			0.255991999],
			[37.468514,
			0.256030001],
			[37.468630999000027,
			0.256038999],
			[37.468687000999978,
			0.256039],
			[37.468774,
			0.256039],
			[37.468869,
			0.256063],
			[37.468913000999976,
			0.256103],
			[37.468946999000025,
			0.256169000999989],
			[37.468991,
			0.256235],
			[37.469029,
			0.256337998999982],
			[37.469052001000023,
			0.256463],
			[37.469076,
			0.256596],
			[37.469096,
			0.256747],
			[37.469112,
			0.256834001000016],
			[37.469128,
			0.257002],
			[37.469099,
			0.257073],
			[37.469036,
			0.257152],
			[37.468971001,
			0.257221],
			[37.46888400099999,
			0.257297],
			[37.468837,
			0.257347],
			[37.468812001,
			0.257398001000013],
			[37.468766001,
			0.257495001],
			[37.468715001000021,
			0.257604],
			[37.468697,
			0.257677],
			[37.46868,
			0.257765],
			[37.468657001,
			0.257811],
			[37.468623001000026,
			0.257913],
			[37.468597,
			0.257986001],
			[37.468541,
			0.258091998999987],
			[37.468505,
			0.258174],
			[37.468456,
			0.258231],
			[37.468362001,
			0.258364],
			[37.468341001,
			0.258441],
			[37.468315,
			0.25851],
			[37.468283,
			0.258595],
			[37.468245,
			0.258678],
			[37.468213,
			0.258781],
			[37.468192,
			0.25882500099999],
			[37.468181,
			0.258879],
			[37.468126,
			0.258981],
			[37.468088,
			0.259055],
			[37.468045001,
			0.25913],
			[37.467996,
			0.25922],
			[37.467948,
			0.25928799899998],
			[37.46790500100002,
			0.25937],
			[37.467889,
			0.259442001000025],
			[37.467839,
			0.259515],
			[37.46779,
			0.259576998999989],
			[37.467726001000017,
			0.259663],
			[37.467650000999981,
			0.259782],
			[37.467639,
			0.259794],
			[37.467572001,
			0.259876001],
			[37.467493,
			0.259953],
			[37.467467,
			0.260011],
			[37.467425,
			0.260135999],
			[37.467397001,
			0.260192001],
			[37.467392,
			0.260248000999979],
			[37.467394,
			0.260312000999988],
			[37.467401,
			0.26037],
			[37.467431,
			0.260446],
			[37.46745,
			0.260517],
			[37.46746299900002,
			0.260579],
			[37.467498,
			0.260681001000023],
			[37.467507,
			0.260773],
			[37.467509,
			0.260852000999989],
			[37.46749,
			0.260946],
			[37.467456001000016,
			0.261101],
			[37.46743,
			0.261158001000013],
			[37.467426,
			0.26121],
			[37.467401000999985,
			0.261282],
			[37.467397,
			0.261338],
			[37.467383,
			0.261403998999981],
			[37.467363,
			0.261470001000021],
			[37.467348001,
			0.261536],
			[37.467320001000019,
			0.261708],
			[37.467306,
			0.261813999000026],
			[37.467297,
			0.261903],
			[37.467294001000027,
			0.261983],
			[37.467295,
			0.262051000999975],
			[37.467297,
			0.26211],
			[37.46726300099999,
			0.262213001000021],
			[37.467166,
			0.262508001000015],
			[37.467130000999987,
			0.262641],
			[37.467073,
			0.262744000999987],
			[37.467043,
			0.26282],
			[37.467017000999988,
			0.262867],
			[37.466986,
			0.26295299899999],
			[37.466960001000018,
			0.26301],
			[37.466923998000027,
			0.263084],
			[37.466879001,
			0.263194],
			[37.466853997999976,
			0.263251001000015],
			[37.466638999,
			0.263731],
			[37.466564001,
			0.263988],
			[37.466525,
			0.264067],
			[37.4665,
			0.264128],
			[37.466458,
			0.264201],
			[37.466399001000013,
			0.264294],
			[37.46634000099999,
			0.264367999],
			[37.466308,
			0.264416],
			[37.466264001000013,
			0.264468998999973],
			[37.466223,
			0.264515],
			[37.466153,
			0.264601],
			[37.465501,
			0.265521],
			[37.465337,
			0.265716],
			[37.464679,
			0.266813],
			[37.464633000999982,
			0.26696],
			[37.464616,
			0.267096],
			[37.464617001000022,
			0.267203],
			[37.464713,
			0.26779399899999],
			[37.464848,
			0.268908999000018],
			[37.464903,
			0.269015],
			[37.46493700100001,
			0.269089],
			[37.465023,
			0.269167001000028],
			[37.465076,
			0.26921500100002],
			[37.465161,
			0.269306001000018],
			[37.465251,
			0.26936999899999],
			[37.465801,
			0.269856],
			[37.466087,
			0.270162],
			[37.466806,
			0.27074],
			[37.466879,
			0.270889],
			[37.466903,
			0.270969],
			[37.466922,
			0.271000001],
			[37.467533998000022,
			0.272325],
			[37.467622,
			0.272494],
			[37.467653,
			0.272543000999974],
			[37.467721,
			0.272661001000017],
			[37.467727,
			0.272679],
			[37.467764,
			0.272747],
			[37.467800999000019,
			0.272877],
			[37.467851,
			0.272938999000019],
			[37.467881001000023,
			0.273031],
			[37.467888001,
			0.273081],
			[37.468153,
			0.273832],
			[37.468233000999987,
			0.27406700099999],
			[37.46824,
			0.274117000999979],
			[37.468252001,
			0.274186],
			[37.468258000999981,
			0.274255],
			[37.468296,
			0.274375],
			[37.468302,
			0.274438],
			[37.468327000999977,
			0.274545],
			[37.468334001000017,
			0.274608999],
			[37.468353001000025,
			0.274737],
			[37.468378001000019,
			0.274807],
			[37.468422,
			0.274923],
			[37.468454,
			0.275050998999973],
			[37.468492,
			0.275206],
			[37.468492,
			0.275219],
			[37.468518,
			0.275419],
			[37.468511,
			0.275538000999973]],
			[[37.365764001,
			0.227487999],
			[37.367052,
			0.232052],
			[37.367192999,
			0.23221],
			[37.367405,
			0.232278],
			[37.36767,
			0.23239999899999],
			[37.368993000999978,
			0.232748001],
			[37.369084,
			0.232979],
			[37.369103999,
			0.233301],
			[37.369178,
			0.233641],
			[37.369178998999985,
			0.233910998999988],
			[37.369198,
			0.234128],
			[37.369254,
			0.234381],
			[37.369255,
			0.234688999000014],
			[37.369312,
			0.234998],
			[37.369313,
			0.235181],
			[37.36928,
			0.235512],
			[37.369246001000022,
			0.235844],
			[37.369248001000017,
			0.235992],
			[37.369514,
			0.238988],
			[37.369333000999973,
			0.239219],
			[37.369115,
			0.239421],
			[37.370405001,
			0.24411999900002],
			[37.370484,
			0.244362],
			[37.370526000999973,
			0.244590999000025],
			[37.370609,
			0.24480599899999],
			[37.370643,
			0.245124],
			[37.370773,
			0.245483001000025],
			[37.370886,
			0.245805],
			[37.371065,
			0.246145],
			[37.371191,
			0.246528001],
			[37.371206,
			0.246693999],
			[37.371229,
			0.246852],
			[37.371239,
			0.246915],
			[37.37116,
			0.247221],
			[37.371072001000016,
			0.247308],
			[37.37085,
			0.247304],
			[37.370745,
			0.247267],
			[37.370464998999978,
			0.247184],
			[37.370225,
			0.24707999899999],
			[37.369964,
			0.247051],
			[37.369795,
			0.247039],
			[37.369394,
			0.246938],
			[37.369073,
			0.246917000999986],
			[37.368888,
			0.24693800099999],
			[37.368695,
			0.247399001000019],
			[37.368618997999988,
			0.24748599899999],
			[37.368502,
			0.247708],
			[37.368462997999984,
			0.24777500099998],
			[37.368447,
			0.247932],
			[37.368463,
			0.247994],
			[37.368517000999987,
			0.248065],
			[37.368486,
			0.248112],
			[37.368439,
			0.248120001000018],
			[37.3684,
			0.248160000999974],
			[37.368349,
			0.248261999000022],
			[37.36813200099999,
			0.248669],
			[37.36802,
			0.248658],
			[37.367573,
			0.248541000999978],
			[37.367238,
			0.248457],
			[37.366987,
			0.248497],
			[37.366817001000015,
			0.248525001000019],
			[37.366567001000021,
			0.248612],
			[37.366321,
			0.24874],
			[37.366024998,
			0.248961],
			[37.365704000999983,
			0.249234],
			[37.365560001,
			0.24952600099999],
			[37.365524000999983,
			0.249773],
			[37.365569,
			0.250028],
			[37.365673001,
			0.250156],
			[37.365713,
			0.250344],
			[37.365842,
			0.250456],
			[37.365947001,
			0.250588],
			[37.366039,
			0.250698000999989],
			[37.366158,
			0.25082100100002],
			[37.366253001000018,
			0.251109],
			[37.366281,
			0.251275],
			[37.366283,
			0.251429],
			[37.366286,
			0.251625],
			[37.366293,
			0.25198799899999],
			[37.366298001000018,
			0.252237],
			[37.366207001000021,
			0.252415000999974],
			[37.366359,
			0.252653],
			[37.366471000999979,
			0.252811001],
			[37.36656100099998,
			0.252946],
			[37.366684,
			0.253128],
			[37.366801,
			0.25327500100002],
			[37.36705100099999,
			0.253519],
			[37.367274,
			0.253807],
			[37.367545001,
			0.254238],
			[37.367695001000016,
			0.25461900099998],
			[37.367736001000026,
			0.254989],
			[37.367751,
			0.255407],
			[37.367733998,
			0.255727001000025],
			[37.367917001000023,
			0.256139],
			[37.368010001000016,
			0.256389],
			[37.368024000999981,
			0.256806],
			[37.368106,
			0.257163],
			[37.36816600100002,
			0.257268],
			[37.368272,
			0.257477999],
			[37.368393001000015,
			0.257703],
			[37.368573,
			0.25793],
			[37.368668001,
			0.258026],
			[37.368766998000012,
			0.258140998999977],
			[37.368910001000017,
			0.25828500099999],
			[37.369111,
			0.25842799899999],
			[37.369269001000021,
			0.258457],
			[37.369498,
			0.258529],
			[37.369711,
			0.258659],
			[37.369941000999972,
			0.258731],
			[37.370098,
			0.258861001000014],
			[37.370285001000013,
			0.258905],
			[37.37050100099998,
			0.25905],
			[37.370718,
			0.259123000999978],
			[37.370978001000026,
			0.259285],
			[37.370997000999978,
			0.25928799899998],
			[37.371209,
			0.259211000999983],
			[37.371648000999983,
			0.259143],
			[37.371809,
			0.259143999],
			[37.372059001000025,
			0.259116],
			[37.372196,
			0.259065],
			[37.372368,
			0.259015],
			[37.372440000999973,
			0.25881],
			[37.372643,
			0.258655998999984],
			[37.372811001,
			0.258656],
			[37.372939,
			0.258649],
			[37.373100001000012,
			0.258635],
			[37.37322000099999,
			0.258752],
			[37.37345700100002,
			0.258914],
			[37.373656,
			0.259014998999987],
			[37.373867001,
			0.259115],
			[37.37398,
			0.259167],
			[37.37418900099999,
			0.259203],
			[37.374554,
			0.259211],
			[37.374865,
			0.259249],
			[37.375039,
			0.259437],
			[37.375216997999985,
			0.259596],
			[37.375599,
			0.259902001],
			[37.375736001,
			0.260034],
			[37.375825,
			0.260243],
			[37.375912001000017,
			0.260480998999981],
			[37.375930000999972,
			0.260723],
			[37.376027,
			0.260902999],
			[37.37617,
			0.260989],
			[37.37628700099998,
			0.26115],
			[37.376314,
			0.261479],
			[37.376266000999976,
			0.261676],
			[37.376144,
			0.261987998999984],
			[37.376076,
			0.262284001000012],
			[37.37601200099999,
			0.2625],
			[37.376029999000025,
			0.262636],
			[37.375925999,
			0.262903],
			[37.375854,
			0.263218],
			[37.375792,
			0.263607],
			[37.375726,
			0.263906],
			[37.375757,
			0.264091],
			[37.37576,
			0.264102998999988],
			[37.375773001000027,
			0.264177],
			[37.375799,
			0.26427],
			[37.375853,
			0.264331001000016],
			[37.375862,
			0.264462],
			[37.375872,
			0.264589],
			[37.375928999,
			0.264721],
			[37.37601300099999,
			0.264893],
			[37.376043,
			0.265069],
			[37.376131,
			0.26522],
			[37.376248,
			0.265408001000026],
			[37.376264,
			0.265567],
			[37.376259000999987,
			0.265707],
			[37.376255,
			0.265794],
			[37.376234001,
			0.265936],
			[37.376147,
			0.26605200099999],
			[37.376141,
			0.266148],
			[37.376135,
			0.266244],
			[37.376137,
			0.266348],
			[37.37613,
			0.26646],
			[37.376128,
			0.266602001000024],
			[37.376202001000024,
			0.266634],
			[37.377088997999977,
			0.266114],
			[37.377831,
			0.265648000999988],
			[37.379026001,
			0.266438],
			[37.379162,
			0.26656],
			[37.379197,
			0.266588],
			[37.379286001000025,
			0.266629],
			[37.379354,
			0.26665],
			[37.380037,
			0.267159999],
			[37.381237000999988,
			0.264261],
			[37.382188000999975,
			0.262047],
			[37.38232,
			0.261711000999981],
			[37.382353,
			0.261591001]],
			[[37.461465001000022,
			0.21453900099999],
			[37.461264001000018,
			0.214741999000012],
			[37.461222998999972,
			0.214928],
			[37.461217001000023,
			0.215074],
			[37.461223001,
			0.21522],
			[37.461186000999987,
			0.215521],
			[37.461191000999975,
			0.215676],
			[37.461152,
			0.215868],
			[37.461161,
			0.216035001000023],
			[37.461167000999978,
			0.216154],
			[37.461133,
			0.21629400099999],
			[37.461141,
			0.216447],
			[37.461153,
			0.216659],
			[37.461175,
			0.216845],
			[37.46122,
			0.217041000999984],
			[37.461259000999974,
			0.217191],
			[37.461336001,
			0.217328001],
			[37.46139,
			0.217442],
			[37.461495,
			0.217611],
			[37.461648997999987,
			0.217686],
			[37.46183800099999,
			0.217805],
			[37.462103,
			0.217942999],
			[37.462152,
			0.217974],
			[37.462295,
			0.218156998999973],
			[37.462427,
			0.21825],
			[37.462615998999979,
			0.218317],
			[37.462788,
			0.218363],
			[37.462888,
			0.218415000999983],
			[37.463053,
			0.218564],
			[37.463140001,
			0.218626],
			[37.463259,
			0.218777],
			[37.46336800099999,
			0.21885],
			[37.46354100100001,
			0.218848],
			[37.463789,
			0.218824000999973],
			[37.463982,
			0.218818],
			[37.46411,
			0.218735001000027],
			[37.464304997999989,
			0.218683000999988],
			[37.464424001,
			0.218664999],
			[37.464710001000014,
			0.21868100099999],
			[37.464898,
			0.218697],
			[37.465064,
			0.218701],
			[37.46514,
			0.218787],
			[37.465249,
			0.218862],
			[37.465327,
			0.218876001000012],
			[37.465481001,
			0.218964],
			[37.465556,
			0.219049],
			[37.465644,
			0.219168998999976],
			[37.465732,
			0.219258],
			[37.465752001,
			0.219343001000027],
			[37.466071,
			0.219952001000024],
			[37.466125,
			0.220048],
			[37.46618,
			0.220147],
			[37.466246,
			0.220247],
			[37.466431000999989,
			0.220489],
			[37.466528,
			0.220608],
			[37.466663,
			0.220724],
			[37.466788001,
			0.220818999000016],
			[37.466901,
			0.220836],
			[37.467032001,
			0.220912000999988],
			[37.467115,
			0.221037001000013],
			[37.467237001,
			0.221125],
			[37.467366,
			0.221178999000017],
			[37.467468000999986,
			0.221313],
			[37.467542,
			0.221481000999972],
			[37.467567,
			0.22156],
			[37.467669,
			0.221703],
			[37.46771300099999,
			0.221735998999975],
			[37.467913,
			0.22194],
			[37.468131998999979,
			0.222167],
			[37.468195,
			0.222276],
			[37.468236999,
			0.222341],
			[37.468319001,
			0.222539],
			[37.468339001,
			0.22265],
			[37.46840000100002,
			0.222805],
			[37.468494,
			0.222951],
			[37.468547,
			0.223063],
			[37.468672001000016,
			0.223267],
			[37.468851001000019,
			0.223463],
			[37.468887,
			0.223559],
			[37.468929,
			0.223627],
			[37.468986,
			0.223659000999987],
			[37.46905,
			0.223721001],
			[37.469143,
			0.223821000999976],
			[37.469188,
			0.223918],
			[37.469217997999976,
			0.224022],
			[37.469233,
			0.224059],
			[37.469299,
			0.224172001],
			[37.469329,
			0.224239],
			[37.469351001,
			0.224269],
			[37.469558,
			0.22453],
			[37.469596,
			0.224619],
			[37.469611,
			0.224656],
			[37.469656,
			0.224723],
			[37.469724,
			0.224828],
			[37.469821,
			0.224920000999987],
			[37.469865997999989,
			0.225001999000028]],
			[[37.421194001,
			0.294883],
			[37.421310001,
			0.294778001],
			[37.42131881099999,
			0.294743064999977],
			[37.421338999,
			0.294663],
			[37.421398001,
			0.294462],
			[37.421487001,
			0.294377],
			[37.421573,
			0.294268],
			[37.421597,
			0.294099],
			[37.421533001,
			0.293975],
			[37.421471,
			0.293898999000021],
			[37.421427,
			0.293663],
			[37.421374,
			0.293462],
			[37.42137,
			0.293217],
			[37.421393001000013,
			0.293067001],
			[37.421383,
			0.292877998999984],
			[37.421375,
			0.292678],
			[37.421337,
			0.29249699899998],
			[37.421284001,
			0.29232],
			[37.421278,
			0.292217],
			[37.421197,
			0.291995],
			[37.421108,
			0.291838000999974],
			[37.421041,
			0.29172],
			[37.420977,
			0.291468],
			[37.420908,
			0.291327],
			[37.420825,
			0.291138],
			[37.420711,
			0.290959000999976],
			[37.420582,
			0.290792001],
			[37.420525,
			0.290659],
			[37.420416998,
			0.290617],
			[37.420362001,
			0.290600000999973],
			[37.420348,
			0.290571000999989],
			[37.420292,
			0.290524],
			[37.420199,
			0.290416],
			[37.420167,
			0.29033099899999],
			[37.42014,
			0.290214000999981],
			[37.420135,
			0.290112],
			[37.42018600099999,
			0.290009],
			[37.420203,
			0.28994],
			[37.420213,
			0.28984900099999],
			[37.420182,
			0.289746],
			[37.420108,
			0.289730999000028],
			[37.420023,
			0.289714],
			[37.419885,
			0.289757],
			[37.419812,
			0.289786000999982],
			[37.419716,
			0.289768998999989],
			[37.419634998999982,
			0.289775],
			[37.419476001000021,
			0.289787],
			[37.419448,
			0.289786],
			[37.419341001000021,
			0.289794001000018],
			[37.419248,
			0.289824],
			[37.419142001000012,
			0.289802],
			[37.419014,
			0.289787],
			[37.418929,
			0.289765],
			[37.418836,
			0.289765],
			[37.418772,
			0.289648],
			[37.418777001000024,
			0.289562],
			[37.418761,
			0.289478],
			[37.418687,
			0.289423],
			[37.418578,
			0.289354],
			[37.418438998,
			0.289292],
			[37.418345998,
			0.289271],
			[37.418174,
			0.289229001000024],
			[37.418061001000012,
			0.289194],
			[37.417984,
			0.289193],
			[37.417895,
			0.289157],
			[37.417784000999973,
			0.28910700099999],
			[37.417636999000024,
			0.289048],
			[37.41755,
			0.28901],
			[37.417453,
			0.288965],
			[37.417331,
			0.288996],
			[37.417242,
			0.289015001],
			[37.4171,
			0.288981001000025],
			[37.417019001000028,
			0.288963],
			[37.416882,
			0.288929],
			[37.41674,
			0.288923],
			[37.416658,
			0.288959],
			[37.416586000999985,
			0.288997],
			[37.416477000999976,
			0.289027998999984],
			[37.416414001000021,
			0.289066],
			[37.416329,
			0.289104001],
			[37.416181999,
			0.289119],
			[37.416036001,
			0.289126999000018],
			[37.415950001,
			0.289126999000018],
			[37.415841,
			0.289151],
			[37.415761,
			0.289174],
			[37.415549998000017,
			0.289253998999982],
			[37.415363,
			0.28925],
			[37.415382001000012,
			0.289065],
			[37.415517001000012,
			0.288955],
			[37.415677,
			0.288924],
			[37.415864,
			0.288867],
			[37.416104,
			0.288859],
			[37.416373001000011,
			0.288819999],
			[37.416567,
			0.28876900099999],
			[37.416758,
			0.288683999],
			[37.416911,
			0.288595],
			[37.417037000999983,
			0.288519999000016],
			[37.417256999000017,
			0.288377],
			[37.417342,
			0.288334],
			[37.417519001000016,
			0.288248],
			[37.417549,
			0.28823],
			[37.417682,
			0.288132999000027],
			[37.417773,
			0.288102],
			[37.417839,
			0.288087001],
			[37.417940000999977,
			0.288041],
			[37.418103,
			0.288019],
			[37.418264001000011,
			0.287997999000027],
			[37.41841,
			0.287978],
			[37.418602,
			0.287945],
			[37.418665,
			0.287925],
			[37.418767998000021,
			0.28782400099999],
			[37.418811,
			0.287672],
			[37.418904000999987,
			0.28758],
			[37.419037,
			0.287425],
			[37.419133000999977,
			0.287258],
			[37.41923,
			0.287227],
			[37.419286,
			0.28720199899999],
			[37.419355,
			0.287154],
			[37.419440001,
			0.287101],
			[37.41949900100002,
			0.287025],
			[37.41954,
			0.286979],
			[37.419569,
			0.286898],
			[37.419633,
			0.286811],
			[37.419661001,
			0.286771],
			[37.419719,
			0.286679],
			[37.419805,
			0.28661200099998],
			[37.419867,
			0.286591000999977],
			[37.4199,
			0.286543],
			[37.41993800099999,
			0.2865],
			[37.419969,
			0.286436],
			[37.42005500099998,
			0.286358],
			[37.420137001,
			0.286422],
			[37.420197,
			0.286514],
			[37.420268001000011,
			0.286602],
			[37.420317,
			0.286663],
			[37.420374,
			0.286692],
			[37.420438,
			0.286748],
			[37.420509001000028,
			0.286799],
			[37.420582,
			0.286828],
			[37.420633,
			0.286845],
			[37.42072,
			0.286852],
			[37.420806,
			0.286853],
			[37.420865000999981,
			0.286849],
			[37.420990001,
			0.286817],
			[37.421077,
			0.286797],
			[37.421127999000021,
			0.286749],
			[37.421170001,
			0.286717999000018],
			[37.42123,
			0.286703],
			[37.421290999,
			0.286693],
			[37.421368,
			0.286662998999986],
			[37.421423,
			0.286659],
			[37.421551,
			0.28663],
			[37.421613,
			0.286631],
			[37.421708,
			0.286616998999989],
			[37.421712001,
			0.286612],
			[37.421745000999977,
			0.286577],
			[37.421802001,
			0.286552],
			[37.421876,
			0.286537999000018],
			[37.421932,
			0.286533],
			[37.422004001,
			0.286514],
			[37.422081,
			0.286514],
			[37.422137,
			0.286515001],
			[37.422255,
			0.286546],
			[37.422354000999974,
			0.28655299899998],
			[37.422408001,
			0.286554],
			[37.422475999000028,
			0.286599],
			[37.422529000999987,
			0.286655],
			[37.422571,
			0.286707],
			[37.422638998000025,
			0.286804999000026],
			[37.422644,
			0.286811],
			[37.422741,
			0.286887],
			[37.422796001,
			0.286899],
			[37.422891000999982,
			0.286952],
			[37.422927,
			0.286983],
			[37.423053001000028,
			0.287027],
			[37.423094,
			0.287100999000018],
			[37.423136,
			0.287167999000019],
			[37.423191,
			0.287243],
			[37.423234,
			0.287292001000026],
			[37.423260001000017,
			0.287422],
			[37.423269000999987,
			0.287471],
			[37.423345,
			0.287602],
			[37.423386,
			0.287684],
			[37.42341,
			0.287747],
			[37.423477,
			0.287791],
			[37.423523000999978,
			0.287834998999983],
			[37.423575,
			0.287892],
			[37.423660000999973,
			0.28796599899999],
			[37.423738001,
			0.288028],
			[37.423796,
			0.288064001],
			[37.423849,
			0.28802],
			[37.423914001000014,
			0.287883],
			[37.42392,
			0.287845999000012],
			[37.423959001000014,
			0.287722998999982],
			[37.423997,
			0.287668],
			[37.424010999000018,
			0.287607001000026],
			[37.42405,
			0.287504999000021],
			[37.424064,
			0.28735500099998],
			[37.424102,
			0.287272],
			[37.424121,
			0.287189],
			[37.424146,
			0.287136998999983],
			[37.424189,
			0.287085],
			[37.424262000999988,
			0.286993],
			[37.424298001000011,
			0.286928999],
			[37.424358000999973,
			0.286858000999985],
			[37.424417,
			0.286757],
			[37.424494001000028,
			0.286668999000028],
			[37.424541,
			0.286578],
			[37.424599,
			0.286510998999972],
			[37.424703,
			0.286475],
			[37.42473800099998,
			0.286546],
			[37.424768001000018,
			0.286635],
			[37.424786000999973,
			0.286707],
			[37.424868,
			0.286753998999984],
			[37.424944000999972,
			0.286790000999986],
			[37.425073000999987,
			0.286834],
			[37.425186000999986,
			0.28688900100002],
			[37.425316,
			0.286914998999976],
			[37.425488,
			0.286947000999987],
			[37.425525000999983,
			0.286953]],
			[[37.489378,
			0.244075],
			[37.489398,
			0.244114],
			[37.489437,
			0.244856001000016],
			[37.489447000999974,
			0.24508],
			[37.489457,
			0.245288],
			[37.489446000999976,
			0.245797001000028],
			[37.489299001,
			0.245911],
			[37.489214,
			0.245963],
			[37.489202001000024,
			0.246040999],
			[37.489068,
			0.246330999],
			[37.488978001000021,
			0.246467],
			[37.488918,
			0.246706],
			[37.488902,
			0.246924998999987],
			[37.488863998999989,
			0.247113],
			[37.488847,
			0.247365],
			[37.488783,
			0.247647],
			[37.488746000999981,
			0.247739],
			[37.488636000999975,
			0.247941998999977],
			[37.488526001000025,
			0.248081],
			[37.48838,
			0.248224],
			[37.488194,
			0.248434001000021],
			[37.488067,
			0.248614],
			[37.487917,
			0.248742],
			[37.487754,
			0.248872],
			[37.487642,
			0.248943],
			[37.487401,
			0.249153],
			[37.487184,
			0.24930999899999],
			[37.487017,
			0.249391999000011],
			[37.486934,
			0.249599],
			[37.486984,
			0.249730999],
			[37.487046,
			0.249877],
			[37.486967,
			0.250072],
			[37.486882,
			0.250306001000013],
			[37.48682100100001,
			0.25048],
			[37.486746000999972,
			0.250718],
			[37.486694,
			0.25083],
			[37.486604,
			0.250992],
			[37.486565,
			0.251055],
			[37.486204000999976,
			0.251702001000012],
			[37.486119,
			0.251958],
			[37.486115,
			0.252136],
			[37.486087000999987,
			0.252239],
			[37.486044000999982,
			0.252380999000025],
			[37.485978000999978,
			0.252936],
			[37.485895,
			0.253093998999987],
			[37.485810001,
			0.25328],
			[37.485725,
			0.253428],
			[37.485614,
			0.253601],
			[37.485476,
			0.253776999000024],
			[37.485272,
			0.253903],
			[37.485149001000025,
			0.253987],
			[37.484991998,
			0.254143],
			[37.484901,
			0.254388],
			[37.484881,
			0.254564],
			[37.484878001000027,
			0.254631],
			[37.484788,
			0.25485100100002],
			[37.484736,
			0.25514099899999],
			[37.484733,
			0.255221],
			[37.484687,
			0.255355],
			[37.484586001000025,
			0.255608999],
			[37.484487,
			0.25581],
			[37.484428,
			0.255984],
			[37.484328,
			0.256213],
			[37.484216,
			0.256349],
			[37.484141001000012,
			0.256487],
			[37.483976,
			0.256805],
			[37.484061000999986,
			0.257035998999982],
			[37.484136,
			0.257185],
			[37.48421,
			0.257376],
			[37.484227,
			0.257637],
			[37.484219,
			0.257858000999988],
			[37.484157001000028,
			0.258066],
			[37.484157,
			0.258254001000012],
			[37.484159001000023,
			0.258424],
			[37.484057001,
			0.258688],
			[37.484046,
			0.25879],
			[37.484045001000027,
			0.258897],
			[37.484046,
			0.259132],
			[37.484094,
			0.259344999],
			[37.484179000999973,
			0.259471],
			[37.484407,
			0.259477],
			[37.484562,
			0.259526000999983],
			[37.484733,
			0.259701999000015],
			[37.484728001,
			0.25982000099998],
			[37.484629,
			0.25993],
			[37.484504,
			0.260137],
			[37.484447000999978,
			0.260213001000011],
			[37.484338,
			0.260292],
			[37.484133000999975,
			0.260375001],
			[37.483909000999972,
			0.260554],
			[37.483732,
			0.260689],
			[37.483674001,
			0.260756],
			[37.483636,
			0.260888],
			[37.483546,
			0.261045],
			[37.483478,
			0.261215],
			[37.48347,
			0.261266],
			[37.48346,
			0.261387],
			[37.483494,
			0.261528000999988],
			[37.48351900099999,
			0.261592],
			[37.483525,
			0.261669000999973],
			[37.483538,
			0.261764],
			[37.483512,
			0.261847],
			[37.483532,
			0.261917],
			[37.483583,
			0.262011],
			[37.483589,
			0.262094],
			[37.483583001,
			0.262190001000022],
			[37.483582,
			0.262312],
			[37.483582,
			0.262466],
			[37.483581001,
			0.26258199900002],
			[37.483580999000026,
			0.262706],
			[37.48358,
			0.262843],
			[37.483644,
			0.262988],
			[37.483643,
			0.263106],
			[37.483643,
			0.263152],
			[37.483584,
			0.263223],
			[37.483543,
			0.263294],
			[37.483543,
			0.263368],
			[37.483540998000024,
			0.263476],
			[37.483540000999987,
			0.263598],
			[37.483557,
			0.263973001000011],
			[37.48360900099999,
			0.264123],
			[37.483655,
			0.264203999000017],
			[37.483688,
			0.264249],
			[37.483787,
			0.26437099899999],
			[37.483832,
			0.26446099899999],
			[37.483838000999981,
			0.264542001],
			[37.48389,
			0.264652],
			[37.48390200099999,
			0.264766],
			[37.483922,
			0.264804998999978],
			[37.483954000999972,
			0.264914],
			[37.483914,
			0.265033],
			[37.483906,
			0.265122],
			[37.483898997999972,
			0.265186],
			[37.483932,
			0.265245],
			[37.483965001,
			0.265374999000016],
			[37.48392400099999,
			0.265518],
			[37.48391,
			0.265616001000012],
			[37.48391,
			0.265695],
			[37.483943,
			0.265776001],
			[37.483997,
			0.265821999000025],
			[37.484104,
			0.26591],
			[37.484117,
			0.266023],
			[37.484117,
			0.26613],
			[37.484117001000016,
			0.26621],
			[37.484143001,
			0.266337],
			[37.484137001000022,
			0.266417999],
			[37.484103,
			0.266452],
			[37.484096,
			0.266636],
			[37.48409,
			0.266738],
			[37.484083,
			0.266821],
			[37.484090001000027,
			0.266903],
			[37.484089,
			0.267039999000019],
			[37.484076001,
			0.267109999000013],
			[37.48407599799998,
			0.26719300100001],
			[37.484076001,
			0.26738],
			[37.484117,
			0.267458998999984],
			[37.48413,
			0.267548],
			[37.484123001,
			0.267604],
			[37.484103000999987,
			0.267732001000013],
			[37.484055,
			0.267820001000018],
			[37.484020000999976,
			0.267964001],
			[37.483944001,
			0.268065998999987],
			[37.483875,
			0.268125],
			[37.483827001,
			0.268193],
			[37.483772000999977,
			0.268289],
			[37.48371000100002,
			0.268379],
			[37.483655,
			0.268447],
			[37.483613,
			0.268509999],
			[37.483585,
			0.26863000100002],
			[37.483564,
			0.268723001000012],
			[37.483516001,
			0.268911],
			[37.483479,
			0.268971001000011],
			[37.483426001,
			0.269042],
			[37.483351,
			0.269122001000028],
			[37.483285,
			0.269174],
			[37.483205,
			0.269272],
			[37.483151,
			0.269361],
			[37.483105,
			0.269407],
			[37.483001,
			0.269477],
			[37.482956,
			0.269502],
			[37.482913000999986,
			0.269663],
			[37.482852,
			0.26978],
			[37.482806000999972,
			0.269896],
			[37.482783,
			0.270039],
			[37.482762998,
			0.270138],
			[37.482723,
			0.270235999000022],
			[37.482683,
			0.270326999000019],
			[37.482621000999984,
			0.270433],
			[37.482603,
			0.27051],
			[37.482562,
			0.270613001000015],
			[37.482569001,
			0.270739],
			[37.482563,
			0.270877000999974],
			[37.482486000999984,
			0.271022],
			[37.482482000999987,
			0.271115],
			[37.482493,
			0.271203],
			[37.482507,
			0.271297],
			[37.482502,
			0.271400001000018],
			[37.482522,
			0.271527999],
			[37.482548001,
			0.271652],
			[37.482556999,
			0.271738001000017],
			[37.482551,
			0.271860999000012],
			[37.482507998000017,
			0.272001],
			[37.482486,
			0.272020999],
			[37.4824,
			0.272132],
			[37.482315001000018,
			0.272226000999979],
			[37.482251001,
			0.272318],
			[37.482163001,
			0.272425],
			[37.482025,
			0.272559],
			[37.481938001,
			0.27263],
			[37.481815,
			0.272729998999978],
			[37.481733,
			0.272766],
			[37.481605,
			0.272864],
			[37.481504001000019,
			0.272918999000012],
			[37.48143,
			0.272982],
			[37.481261,
			0.273084000999972],
			[37.48117,
			0.273129000999973],
			[37.481034001000012,
			0.273247],
			[37.480941,
			0.273309],
			[37.480907,
			0.273343999000019],
			[37.480809,
			0.273447],
			[37.480763001000014,
			0.273502001],
			[37.480701001,
			0.273621999],
			[37.480580001000021,
			0.273808],
			[37.480496,
			0.273893],
			[37.480419,
			0.27405],
			[37.480365999000014,
			0.274149],
			[37.480341001,
			0.27425599899999],
			[37.480274,
			0.274354],
			[37.480138001,
			0.274479000999975],
			[37.480092,
			0.274597],
			[37.479964000999985,
			0.274744],
			[37.479839,
			0.274858999],
			[37.4798,
			0.274943],
			[37.479658001000018,
			0.275024998999982],
			[37.479598,
			0.275101],
			[37.479497,
			0.275192],
			[37.479387,
			0.275284],
			[37.47928,
			0.275364],
			[37.479150000999987,
			0.275438],
			[37.479086000999985,
			0.275519],
			[37.479009,
			0.275614],
			[37.478901001,
			0.275716],
			[37.478853999000023,
			0.275818999000023],
			[37.47881,
			0.27591],
			[37.478793,
			0.276020999000025],
			[37.478730000999974,
			0.276101],
			[37.47870100099999,
			0.276162],
			[37.478654,
			0.276225],
			[37.478593000999979,
			0.276342],
			[37.478528000999972,
			0.276439],
			[37.478475999000011,
			0.276577],
			[37.478462,
			0.276622],
			[37.478440001000024,
			0.276711998999986],
			[37.47841900100002,
			0.276749],
			[37.478420001000018,
			0.276849],
			[37.478455,
			0.276897],
			[37.478485,
			0.276955],
			[37.478575,
			0.277061],
			[37.478680999,
			0.277127],
			[37.478736062,
			0.277149408000014],
			[37.478767,
			0.277162],
			[37.478884422000021,
			0.277111777000016],
			[37.478933000999973,
			0.277091],
			[37.479023000999973,
			0.27707],
			[37.479277001000014,
			0.276959998999985],
			[37.479453001000024,
			0.276860000999989],
			[37.479566,
			0.276813],
			[37.479777,
			0.276722],
			[37.4799,
			0.276637],
			[37.480011,
			0.276577],
			[37.48009700099999,
			0.276571],
			[37.480355001000021,
			0.276467998999976],
			[37.480465,
			0.276412],
			[37.480627,
			0.276289001],
			[37.480672001000016,
			0.276243],
			[37.480858,
			0.276045],
			[37.481063,
			0.275838],
			[37.481197,
			0.275709],
			[37.481352,
			0.275570001],
			[37.481416001000014,
			0.275519],
			[37.48169,
			0.275414],
			[37.481916,
			0.275281],
			[37.482105,
			0.275130999],
			[37.482314,
			0.274912],
			[37.48242299899999,
			0.274767],
			[37.482497001000013,
			0.274682],
			[37.482703,
			0.274483001000021],
			[37.482821,
			0.274437],
			[37.482925,
			0.274379],
			[37.482999001,
			0.274378001],
			[37.483143000999974,
			0.274456],
			[37.483335,
			0.27455500100001],
			[37.48341399899999,
			0.274742],
			[37.483424,
			0.274863],
			[37.483401001,
			0.275027],
			[37.48341,
			0.275146],
			[37.483436,
			0.275316001000022],
			[37.483597,
			0.27546300099999],
			[37.483716,
			0.275515],
			[37.483871,
			0.275607],
			[37.48410400099999,
			0.27562],
			[37.484301,
			0.275632],
			[37.484428,
			0.275615],
			[37.484565001000021,
			0.275608],
			[37.484633,
			0.275584],
			[37.484836001000019,
			0.275469],
			[37.484972,
			0.27546300099999],
			[37.485174,
			0.275400999],
			[37.485364,
			0.275372],
			[37.485486,
			0.275342],
			[37.485630001,
			0.275271],
			[37.485762,
			0.275221999],
			[37.485904,
			0.275171],
			[37.486141,
			0.275068],
			[37.486363,
			0.274955],
			[37.486465,
			0.27494500099999],
			[37.486690001,
			0.274799],
			[37.486782,
			0.27471900099999],
			[37.48686,
			0.274722],
			[37.487033,
			0.274789],
			[37.487220001000026,
			0.274779],
			[37.487294001,
			0.274812000999987],
			[37.487509,
			0.274824998999975],
			[37.487594,
			0.27482],
			[37.487747,
			0.274776],
			[37.487924,
			0.274689001000013],
			[37.48807,
			0.274555],
			[37.488164000999973,
			0.274458],
			[37.488317,
			0.274401],
			[37.488444,
			0.274396],
			[37.488576997999985,
			0.274309],
			[37.488663,
			0.274125998999978],
			[37.488761,
			0.274073],
			[37.488918,
			0.27407],
			[37.489044001000025,
			0.27409799899999],
			[37.489152,
			0.274096],
			[37.489247,
			0.27392],
			[37.489251,
			0.273805001000028],
			[37.489312,
			0.273727999000016],
			[37.489413,
			0.273585],
			[37.489448001000028,
			0.273416000999987],
			[37.489494,
			0.27321100099999],
			[37.489498,
			0.27311],
			[37.489501,
			0.273037],
			[37.489443,
			0.272882001000028],
			[37.48943,
			0.272765],
			[37.489437001,
			0.272622001],
			[37.489562,
			0.272499001000028],
			[37.489629,
			0.272430000999975],
			[37.489708001,
			0.272283],
			[37.489757998000016,
			0.272136999],
			[37.489814,
			0.272036],
			[37.48999,
			0.272064],
			[37.490104,
			0.272073],
			[37.490201,
			0.272073],
			[37.490396001000022,
			0.272053],
			[37.490502,
			0.272033],
			[37.490669,
			0.271995],
			[37.490819,
			0.271975999],
			[37.491011,
			0.27193],
			[37.491152,
			0.271877],
			[37.491248,
			0.271842],
			[37.491361,
			0.271789],
			[37.49145,
			0.271738],
			[37.491622,
			0.27159],
			[37.491699,
			0.271535],
			[37.491824999000016,
			0.271415999],
			[37.491891001,
			0.271346999],
			[37.491915,
			0.271272],
			[37.492024,
			0.271137],
			[37.492071,
			0.270964],
			[37.492078,
			0.270871],
			[37.492075,
			0.270777],
			[37.492079,
			0.270563001000028],
			[37.492049,
			0.270405000999972],
			[37.491978,
			0.270278],
			[37.491898000999981,
			0.270165999000028],
			[37.491845,
			0.270075],
			[37.491774,
			0.269965001],
			[37.491704001000016,
			0.269854],
			[37.491664,
			0.26975],
			[37.491642,
			0.269627999000022],
			[37.491594,
			0.269514],
			[37.491555999000013,
			0.269384],
			[37.49154500100002,
			0.26921],
			[37.491598997999972,
			0.269026],
			[37.491665001,
			0.268926],
			[37.491731001,
			0.268826],
			[37.491773,
			0.268699],
			[37.491824,
			0.268581],
			[37.491911,
			0.268437999000014],
			[37.491953001000013,
			0.268296],
			[37.492001001,
			0.268191],
			[37.492057999,
			0.268086000999972],
			[37.492122000999984,
			0.267983],
			[37.492194,
			0.267888],
			[37.492299,
			0.267811],
			[37.492311,
			0.267726],
			[37.492205,
			0.267666999000028],
			[37.492131,
			0.267625],
			[37.492002001,
			0.267532001],
			[37.49192100099998,
			0.267491],
			[37.491867999000021,
			0.267416001000015],
			[37.491815,
			0.267326],
			[37.491691,
			0.267203000999984],
			[37.491615001000014,
			0.267122001000018],
			[37.491566,
			0.266985],
			[37.49150400100001,
			0.266904],
			[37.491419,
			0.266784],
			[37.491297,
			0.266616],
			[37.491256,
			0.266481000999988],
			[37.49121,
			0.26641],
			[37.491114,
			0.266321],
			[37.49105,
			0.266241001000026],
			[37.490954,
			0.266136001],
			[37.490860000999987,
			0.266],
			[37.490753000999973,
			0.265886],
			[37.490711,
			0.265845],
			[37.490602,
			0.265757],
			[37.49053200100002,
			0.265639001000011],
			[37.490568,
			0.265566],
			[37.490651,
			0.265493],
			[37.490739,
			0.265386001000024],
			[37.490826001000016,
			0.265287],
			[37.490885,
			0.26523],
			[37.491059999000015,
			0.265092001000028],
			[37.491086,
			0.26506],
			[37.491218,
			0.264971],
			[37.491377000999989,
			0.264914001000022],
			[37.491473000999974,
			0.264866],
			[37.491585,
			0.264834],
			[37.491661,
			0.264763],
			[37.491836,
			0.264684],
			[37.491947001000028,
			0.264575],
			[37.492015001000027,
			0.264497],
			[37.492091,
			0.264396],
			[37.492141,
			0.264327],
			[37.492266001000019,
			0.264175],
			[37.492348,
			0.264083998999979],
			[37.492412,
			0.264024],
			[37.492501000999987,
			0.263934001],
			[37.492567001,
			0.263845999000011],
			[37.492656,
			0.263767],
			[37.49272,
			0.263717],
			[37.492832,
			0.263582],
			[37.492888000999983,
			0.2635],
			[37.493011001000013,
			0.263446],
			[37.493102,
			0.263391001],
			[37.493171,
			0.263315],
			[37.493239,
			0.26326],
			[37.493366,
			0.263135998999985],
			[37.493433,
			0.263026001000014],
			[37.493477,
			0.262965],
			[37.49358,
			0.262829],
			[37.494134,
			0.262015],
			[37.494139,
			0.26189399899999],
			[37.494123,
			0.261803],
			[37.49410799899999,
			0.261712],
			[37.494099,
			0.261614],
			[37.4941,
			0.261473],
			[37.494099001,
			0.261385],
			[37.494112,
			0.261296],
			[37.494118001,
			0.2612],
			[37.494159001000014,
			0.261125999],
			[37.4942,
			0.261052],
			[37.494255,
			0.260934],
			[37.494317,
			0.260811],
			[37.494316,
			0.260768],
			[37.494334,
			0.260560999],
			[37.494333,
			0.26046100100001],
			[37.494331,
			0.260341000999972],
			[37.494323001,
			0.26027],
			[37.494295001000012,
			0.260199],
			[37.494267001000026,
			0.260144],
			[37.494246001000022,
			0.260046],
			[37.494198,
			0.259935000999974],
			[37.494171,
			0.259817],
			[37.494164,
			0.25974],
			[37.494122998000023,
			0.259641999],
			[37.494123,
			0.259497],
			[37.494130000999974,
			0.259415],
			[37.494151,
			0.259336],
			[37.494171,
			0.259258],
			[37.494185001,
			0.259187],
			[37.494199001000027,
			0.259117],
			[37.49422,
			0.259025],
			[37.494233999000016,
			0.258898999],
			[37.494233,
			0.258779],
			[37.494232001,
			0.258687],
			[37.494212,
			0.258582],
			[37.494204001000014,
			0.258434],
			[37.494034000999989,
			0.257166],
			[37.494026,
			0.25709100099999],
			[37.494012,
			0.256995],
			[37.493991000999983,
			0.256899001000022],
			[37.49392100099999,
			0.256519],
			[37.493907,
			0.256415],
			[37.493907,
			0.256339],
			[37.493906,
			0.256256],
			[37.493892001,
			0.256132],
			[37.493872,
			0.256001],
			[37.493851001,
			0.255869999000026],
			[37.493850999000017,
			0.255794],
			[37.493824,
			0.25572699899999],
			[37.493803001,
			0.255645],
			[37.493790000999979,
			0.25557],
			[37.493528,
			0.254938001000028],
			[37.493521,
			0.254884],
			[37.493521,
			0.254760998999984],
			[37.493528001000016,
			0.254618999],
			[37.493555,
			0.254551],
			[37.493575001000011,
			0.254483],
			[37.493575,
			0.254402],
			[37.493602001,
			0.254334],
			[37.493629,
			0.254267],
			[37.493655999,
			0.254172],
			[37.493662,
			0.254071],
			[37.493716,
			0.253937],
			[37.493722000999981,
			0.253843],
			[37.493722,
			0.253756],
			[37.493722,
			0.253655],
			[37.493729,
			0.253588],
			[37.493756,
			0.253407],
			[37.493901000999983,
			0.252432],
			[37.49391499799998,
			0.252384],
			[37.493923,
			0.252264],
			[37.493971,
			0.25219],
			[37.494026,
			0.252096000999984],
			[37.494,
			0.252062],
			[37.493878,
			0.252017],
			[37.493810000999986,
			0.251984],
			[37.493721000999983,
			0.251944],
			[37.493646001,
			0.251898],
			[37.493597001000012,
			0.251836],
			[37.493507001000012,
			0.251762],
			[37.493430000999979,
			0.25168],
			[37.493401,
			0.25161],
			[37.493351,
			0.251427001000025],
			[37.493329,
			0.25135],
			[37.493328,
			0.251277],
			[37.493364,
			0.2512],
			[37.493414,
			0.251115],
			[37.493463997999982,
			0.251024],
			[37.493485,
			0.25095600100002],
			[37.4935,
			0.250854999000012],
			[37.493564000999982,
			0.250735],
			[37.493607999,
			0.250671999000019],
			[37.493622,
			0.250592000999973],
			[37.493616,
			0.250493999000014],
			[37.493609,
			0.250387],
			[37.493602,
			0.2503],
			[37.493573001000016,
			0.250212],
			[37.493514,
			0.250139],
			[37.493432000999974,
			0.250086],
			[37.493342000999974,
			0.250033],
			[37.49322,
			0.24996],
			[37.493151,
			0.249918998999988],
			[37.493004,
			0.249827],
			[37.492902,
			0.249756],
			[37.492831,
			0.24969099899999],
			[37.492711000999975,
			0.249605],
			[37.492645001000028,
			0.249531],
			[37.492571000999988,
			0.249465],
			[37.492513,
			0.249382],
			[37.492478,
			0.249305000999982],
			[37.492398001000026,
			0.249153],
			[37.492359,
			0.24906],
			[37.492354,
			0.248973],
			[37.492347,
			0.248854],
			[37.492368,
			0.248774],
			[37.492422,
			0.248677],
			[37.492484,
			0.24858],
			[37.492565999000021,
			0.248483],
			[37.492656,
			0.248394],
			[37.492795999,
			0.24829],
			[37.492885,
			0.248194],
			[37.492965,
			0.248072],
			[37.493013,
			0.247965998999973],
			[37.493036,
			0.247842],
			[37.493027000999973,
			0.247743001],
			[37.492969001,
			0.247618999],
			[37.492943,
			0.247519],
			[37.492934,
			0.247403001],
			[37.492917,
			0.247277999],
			[37.492916,
			0.247137],
			[37.492892,
			0.24700599900001],
			[37.492892,
			0.246901001000026],
			[37.49298,
			0.24673]],
			[[37.462682,
			0.191687],
			[37.462625,
			0.19196999899998],
			[37.46262500099999,
			0.192109],
			[37.46270800100001,
			0.192262],
			[37.462809,
			0.192392],
			[37.462924000999976,
			0.192537],
			[37.463024001,
			0.192693],
			[37.463218,
			0.192942],
			[37.463496,
			0.193205],
			[37.463564,
			0.193399],
			[37.463534,
			0.193621],
			[37.463393,
			0.193873000999986],
			[37.463392,
			0.194027],
			[37.463349000999983,
			0.194293],
			[37.463347,
			0.19439],
			[37.463358,
			0.194544],
			[37.463438000999986,
			0.194782],
			[37.46355,
			0.194923999000025],
			[37.463748,
			0.195122001000016],
			[37.463862,
			0.195347998999978],
			[37.464061001,
			0.195673000999989],
			[37.464244,
			0.195886],
			[37.464272000999983,
			0.195985],
			[37.464343,
			0.196198],
			[37.464413,
			0.196439999],
			[37.464428000999987,
			0.19661],
			[37.46447,
			0.19678],
			[37.464427,
			0.197079],
			[37.464328,
			0.197237],
			[37.464383998000017,
			0.197422],
			[37.464455,
			0.197593],
			[37.464441,
			0.197823],
			[37.464312,
			0.198028001000012],
			[37.464210998999988,
			0.198234],
			[37.464152,
			0.198383],
			[37.464008001000025,
			0.19866],
			[37.463979,
			0.198819001],
			[37.463979000999984,
			0.199034],
			[37.463993,
			0.199267],
			[37.464049,
			0.199458],
			[37.464206,
			0.199651],
			[37.464450000999989,
			0.199935],
			[37.464536,
			0.200091],
			[37.464536001,
			0.200346],
			[37.464492,
			0.200488],
			[37.46444900099999,
			0.200646],
			[37.464333,
			0.200948],
			[37.464333,
			0.201106],
			[37.464245,
			0.201351],
			[37.46420100099999,
			0.201536],
			[37.464085001,
			0.20179500099999],
			[37.464041,
			0.201968998999973],
			[37.463954,
			0.2022],
			[37.463938,
			0.20246],
			[37.463982,
			0.202633999],
			[37.464156,
			0.202808],
			[37.464344000999972,
			0.202922999],
			[37.464475000999983,
			0.203053001],
			[37.464575998999976,
			0.203197],
			[37.464664,
			0.203314],
			[37.464766,
			0.203445],
			[37.465000001000021,
			0.203708],
			[37.465073001,
			0.204],
			[37.465073,
			0.204146001000026],
			[37.464971,
			0.204350998999985],
			[37.464971000999981,
			0.204526],
			[37.464971,
			0.204774],
			[37.464927,
			0.204964999000026],
			[37.464912,
			0.205286999],
			[37.464912001000016,
			0.205520998999987],
			[37.46481,
			0.205683],
			[37.464781001,
			0.205844],
			[37.464722000999984,
			0.206153],
			[37.464517,
			0.206434],
			[37.464179,
			0.206641],
			[37.463901,
			0.206802001000028],
			[37.463739001000022,
			0.207007],
			[37.463549,
			0.207198],
			[37.463343,
			0.207228],
			[37.463033000999985,
			0.207304001000011],
			[37.462738,
			0.207455],
			[37.462411001000021,
			0.207592],
			[37.462084999000012,
			0.207639],
			[37.46179200099999,
			0.20778400099999],
			[37.461572,
			0.207916],
			[37.461511,
			0.208095],
			[37.461432,
			0.208412],
			[37.461382,
			0.20867],
			[37.46123,
			0.208942],
			[37.461199,
			0.209151],
			[37.462097,
			0.211583],
			[37.462354,
			0.211938],
			[37.462534,
			0.212266],
			[37.462535,
			0.212516999],
			[37.462967,
			0.212827],
			[37.463118001,
			0.213094],
			[37.46334500099999,
			0.213548999000011],
			[37.463288,
			0.213708],
			[37.463709999,
			0.21374799900002],
			[37.463906,
			0.213922],
			[37.464102,
			0.214197],
			[37.464298,
			0.21449300099999],
			[37.464318,
			0.214811],
			[37.464493999000013,
			0.215022998999984],
			[37.464670001,
			0.215136001000019],
			[37.464925,
			0.215173],
			[37.465103,
			0.215267],
			[37.465339001000018,
			0.215343],
			[37.465715000999978,
			0.215516001000026],
			[37.465932,
			0.215694000999974],
			[37.466246,
			0.215853],
			[37.466465,
			0.216067999000018],
			[37.466683000999979,
			0.216245],
			[37.46688,
			0.216462],
			[37.467098,
			0.21658],
			[37.467296,
			0.216738],
			[37.467533,
			0.216857],
			[37.467827,
			0.216936],
			[37.468062,
			0.216976],
			[37.468274,
			0.217273],
			[37.468369,
			0.217568],
			[37.468586,
			0.217667],
			[37.468826,
			0.217883001000018],
			[37.469112,
			0.21816],
			[37.469272,
			0.218297999000015],
			[37.471297,
			0.220412999000018],
			[37.471591000999979,
			0.220718],
			[37.472481,
			0.221622001000014],
			[37.472715000999983,
			0.221851],
			[37.473092,
			0.22203],
			[37.47327,
			0.22217],
			[37.473508001000027,
			0.222231],
			[37.473766,
			0.222332],
			[37.474244,
			0.222537],
			[37.478326,
			0.224374],
			[37.477933001,
			0.225168999],
			[37.478131,
			0.225306000999979],
			[37.478207,
			0.225382],
			[37.478388000999985,
			0.225564999000028],
			[37.478555,
			0.225779],
			[37.4786,
			0.225887],
			[37.478829,
			0.226071999],
			[37.479109000999983,
			0.226258],
			[37.479793,
			0.226677999],
			[37.47999500100002,
			0.226880000999984],
			[37.480166000999986,
			0.227129999],
			[37.480447001000016,
			0.227255],
			[37.480526,
			0.227318],
			[37.480698001,
			0.227426998999988],
			[37.480886000999988,
			0.227615999000022],
			[37.481012001000011,
			0.227789],
			[37.481075,
			0.227947],
			[37.481249000999981,
			0.22818300099999],
			[37.48136,
			0.228357],
			[37.481630000999985,
			0.228549],
			[37.48179,
			0.228678],
			[37.481870001,
			0.228695],
			[37.482174,
			0.228748],
			[37.482433,
			0.228832],
			[37.482626,
			0.228739],
			[37.482769997999981,
			0.228629],
			[37.483236998,
			0.228633],
			[37.48347899800001,
			0.22865],
			[37.483707,
			0.228844],
			[37.483999,
			0.229087],
			[37.484081,
			0.229184001000021],
			[37.484151000999987,
			0.229396],
			[37.484354,
			0.229547],
			[37.484521,
			0.229744],
			[37.484703001000014,
			0.229967000999977],
			[37.485027,
			0.230152001000022],
			[37.485137,
			0.230263],
			[37.485291999000026,
			0.230338999000026],
			[37.485546,
			0.230466],
			[37.485723001,
			0.230611],
			[37.485852,
			0.230805],
			[37.485919,
			0.231017],
			[37.486081,
			0.231179000999987],
			[37.486257,
			0.231227],
			[37.486628,
			0.231307],
			[37.486743000999979,
			0.231322998999985],
			[37.486985,
			0.231322001000024],
			[37.487163001,
			0.231322],
			[37.487407,
			0.231224],
			[37.487716,
			0.231045999],
			[37.488072,
			0.230944],
			[37.488153,
			0.230863],
			[37.488462,
			0.230941],
			[37.488543,
			0.231103],
			[37.488673,
			0.231232],
			[37.488901999,
			0.231328],
			[37.489082,
			0.231376001],
			[37.489361,
			0.23139100100002],
			[37.489592001,
			0.231521],
			[37.489789,
			0.231718],
			[37.490218,
			0.232095],
			[37.490499,
			0.232161],
			[37.490714,
			0.232276],
			[37.491047,
			0.232357],
			[37.491364,
			0.23244],
			[37.491532,
			0.232572],
			[37.49175,
			0.232853],
			[37.491886,
			0.233101998999985],
			[37.492848,
			0.234413],
			[37.493114,
			0.234678],
			[37.493247,
			0.234861],
			[37.493265001,
			0.235045001],
			[37.493285,
			0.235296],
			[37.493438001000015,
			0.235613999],
			[37.493325001000017,
			0.235948],
			[37.493244,
			0.2362],
			[37.493296,
			0.23658500099998],
			[37.493434,
			0.236756],
			[37.49362,
			0.237025],
			[37.493721,
			0.237142],
			[37.493856998000012,
			0.237278],
			[37.494082999,
			0.237387001],
			[37.494321,
			0.237641999],
			[37.494413001,
			0.237717001000021],
			[37.494516001000022,
			0.2375],
			[37.494663,
			0.237348000999987],
			[37.494762,
			0.237196],
			[37.495011,
			0.237194],
			[37.495297,
			0.237195],
			[37.495690001000014,
			0.237199],
			[37.49599100099999,
			0.237067998999976],
			[37.496243,
			0.23697099899999],
			[37.49636,
			0.236972],
			[37.496563,
			0.236960999000019],
			[37.496703,
			0.236936],
			[37.496894,
			0.236899],
			[37.497086,
			0.236826001],
			[37.497255,
			0.236703],
			[37.497430999000017,
			0.236616],
			[37.497857,
			0.236402999],
			[37.498071001000028,
			0.236304001],
			[37.498309999000014,
			0.23623],
			[37.498449000999983,
			0.23618000099998],
			[37.498588,
			0.236144],
			[37.498752001000014,
			0.236096],
			[37.498991,
			0.236010998999973],
			[37.499204,
			0.235925],
			[37.499378001000025,
			0.235923],
			[37.49959,
			0.235921],
			[37.499739,
			0.23592],
			[37.499876,
			0.235894],
			[37.500039,
			0.235854999000026],
			[37.500289,
			0.23581500099999],
			[37.500389000999974,
			0.235765],
			[37.50053900099999,
			0.23570300099999],
			[37.500639,
			0.235679],
			[37.50076500099999,
			0.235631],
			[37.501666,
			0.235091],
			[37.501992,
			0.234976],
			[37.502156001,
			0.23503],
			[37.50216899899999,
			0.23503],
			[37.502704,
			0.235379],
			[37.502897001,
			0.235504],
			[37.503129,
			0.235718],
			[37.503347,
			0.235971],
			[37.503431,
			0.236163],
			[37.503502,
			0.236392998999975],
			[37.503971,
			0.236768],
			[37.504131001000019,
			0.237003],
			[37.504277,
			0.237319],
			[37.504350000999978,
			0.23753],
			[37.504426001000013,
			0.237622],
			[37.504515,
			0.237728],
			[37.504604,
			0.237913],
			[37.504706,
			0.238019],
			[37.504795,
			0.238177999000015],
			[37.504885,
			0.238351],
			[37.504962001000024,
			0.238485001000015],
			[37.505089,
			0.238690001],
			[37.505232,
			0.23876],
			[37.505479998999988,
			0.238830001],
			[37.505544000999976,
			0.239008],
			[37.505544000999976,
			0.239035],
			[37.505559,
			0.238818],
			[37.505599,
			0.238697],
			[37.505849,
			0.237934000999985],
			[37.506045,
			0.237792],
			[37.506072001,
			0.237621],
			[37.506019,
			0.237436],
			[37.505940001,
			0.237251],
			[37.505783001,
			0.236803],
			[37.505874001,
			0.23616],
			[37.50586400100002,
			0.235399998999981],
			[37.506059998000012,
			0.23534700099998],
			[37.506255999000018,
			0.235346],
			[37.506427,
			0.235371],
			[37.506598,
			0.23541],
			[37.506823,
			0.235475],
			[37.506996,
			0.235435],
			[37.507075,
			0.235395],
			[37.50816,
			0.234979],
			[37.508377,
			0.23495],
			[37.508513000999983,
			0.234883],
			[37.508605,
			0.234789998999986],
			[37.508684001,
			0.234669999],
			[37.508708,
			0.234605],
			[37.509052,
			0.234188],
			[37.509145,
			0.233803998999974],
			[37.509349,
			0.233322],
			[37.509552,
			0.232522],
			[37.509571,
			0.232265],
			[37.50974,
			0.232096],
			[37.509914,
			0.231987999000012],
			[37.510129001,
			0.231932],
			[37.51046800099999,
			0.231923000999984],
			[37.510683,
			0.231815000999973],
			[37.510999,
			0.231752],
			[37.511434,
			0.231824999000025],
			[37.511723001,
			0.231818001000022],
			[37.511905001,
			0.231852],
			[37.512142000999972,
			0.231884],
			[37.512477000999979,
			0.231889],
			[37.512801,
			0.23192],
			[37.51297200099998,
			0.231901],
			[37.513085999,
			0.231884],
			[37.513385,
			0.231951],
			[37.513713000999985,
			0.231918],
			[37.513888,
			0.231903],
			[37.513969001000021,
			0.231903],
			[37.514693001000012,
			0.233491],
			[37.514878,
			0.23383300099999],
			[37.51497100099999,
			0.233997999],
			[37.515064,
			0.23414999900001],
			[37.515144,
			0.234274],
			[37.515251001000024,
			0.234411001000012],
			[37.515386001000024,
			0.234535],
			[37.515560000999983,
			0.234617],
			[37.515806000999987,
			0.234727],
			[37.515971,
			0.234852],
			[37.516312,
			0.23492],
			[37.516477,
			0.235128998999983],
			[37.516738,
			0.235156],
			[37.516848,
			0.235226],
			[37.516958,
			0.235324],
			[37.517161,
			0.235548],
			[37.51727,
			0.235674],
			[37.517421,
			0.235730999],
			[37.517792,
			0.235744],
			[37.517875,
			0.235815],
			[37.518096001,
			0.235900999000023],
			[37.51825100100001,
			0.236158],
			[37.518266,
			0.236272],
			[37.51833899899998,
			0.236513],
			[37.518396,
			0.23657],
			[37.518636999000023,
			0.236828],
			[37.518681,
			0.237027],
			[37.518808,
			0.237284000999978],
			[37.518893000999981,
			0.237513001000025],
			[37.519018,
			0.23779],
			[37.519101001000024,
			0.238055],
			[37.519255,
			0.238368],
			[37.5196,
			0.238494999000011],
			[37.519831,
			0.238517],
			[37.519859999,
			0.23872799899999],
			[37.519844,
			0.238924],
			[37.519684000999973,
			0.23913],
			[37.519536997999978,
			0.239399999],
			[37.519404001,
			0.23961],
			[37.519256,
			0.239884],
			[37.519225,
			0.240078],
			[37.519122001000028,
			0.240302],
			[37.519177999000021,
			0.240685],
			[37.519235,
			0.240874001],
			[37.519151,
			0.24113],
			[37.519156001,
			0.241407],
			[37.519515,
			0.241638],
			[37.519599001000017,
			0.24156100099998]],
			[[37.460972,
			0.237562001000015],
			[37.461016,
			0.237751],
			[37.461130001000015,
			0.238013],
			[37.461156001,
			0.238080998999976],
			[37.461174001000018,
			0.238191],
			[37.461244,
			0.238328],
			[37.461279,
			0.238413],
			[37.461332,
			0.238489],
			[37.46136,
			0.238642],
			[37.461475,
			0.238744],
			[37.461510001000022,
			0.238829],
			[37.46151199799999,
			0.238983],
			[37.461559,
			0.239231],
			[37.461525,
			0.239351],
			[37.461499,
			0.23943699900002],
			[37.461456,
			0.239541],
			[37.461449,
			0.239671],
			[37.461433,
			0.239844],
			[37.461444,
			0.239958],
			[37.461390999,
			0.24009],
			[37.461384,
			0.240232000999981],
			[37.46126700100001,
			0.240347],
			[37.461151,
			0.240489],
			[37.461079,
			0.240587],
			[37.461016,
			0.240695],
			[37.46095200100001,
			0.240795000999981],
			[37.460906001000012,
			0.240905],
			[37.460878,
			0.241007],
			[37.460748,
			0.241212],
			[37.460729,
			0.241276998999979],
			[37.460672000999978,
			0.241362],
			[37.460548,
			0.241515],
			[37.460443,
			0.241583],
			[37.460241000999986,
			0.24168],
			[37.460105000999988,
			0.241740000999982],
			[37.45996900099999,
			0.24178],
			[37.459855000999987,
			0.241798],
			[37.459759,
			0.241875000999983],
			[37.459615000999975,
			0.241981],
			[37.459490001,
			0.242066998999974],
			[37.459411000999978,
			0.242213000999982],
			[37.459368,
			0.24238],
			[37.459345000999974,
			0.242508000999976],
			[37.459288001,
			0.242653],
			[37.459266,
			0.24282],
			[37.459262,
			0.242941],
			[37.459215001000018,
			0.243173],
			[37.459128,
			0.243269000999987],
			[37.459059,
			0.243368],
			[37.458972,
			0.243475],
			[37.45891,
			0.243594998999981],
			[37.45881300100001,
			0.243712],
			[37.458677,
			0.243867],
			[37.458661,
			0.2441],
			[37.458676,
			0.244205],
			[37.458698,
			0.244402],
			[37.458696,
			0.244494],
			[37.458702001,
			0.244743],
			[37.458703,
			0.244851],
			[37.458741,
			0.245068],
			[37.458768,
			0.245198],
			[37.458858,
			0.245303],
			[37.458857001000013,
			0.245462],
			[37.458862,
			0.245706000999974],
			[37.458851,
			0.245845],
			[37.45879899900001,
			0.245966001],
			[37.458764,
			0.246069],
			[37.458712,
			0.246265],
			[37.458652,
			0.246383],
			[37.458584,
			0.246553],
			[37.458556,
			0.246659],
			[37.458545,
			0.246784],
			[37.458517001000018,
			0.246919],
			[37.458506,
			0.247045],
			[37.458506000999989,
			0.247151],
			[37.458469001000026,
			0.247286],
			[37.458457,
			0.247441],
			[37.458454,
			0.247626],
			[37.458451,
			0.247762],
			[37.458448,
			0.247929],
			[37.458444,
			0.248056],
			[37.458411001,
			0.248205],
			[37.458389,
			0.248314],
			[37.458364001,
			0.248474],
			[37.458294,
			0.248651],
			[37.458199,
			0.248755],
			[37.45812,
			0.248845],
			[37.458081999,
			0.248958999000024],
			[37.458009,
			0.249071],
			[37.457972000999973,
			0.249175],
			[37.457897,
			0.249329],
			[37.457735,
			0.24955],
			[37.457683001000021,
			0.24968099900002],
			[37.457632,
			0.249781],
			[37.457444,
			0.250168],
			[37.457395001,
			0.25025599899999],
			[37.457361,
			0.250356001],
			[37.457235,
			0.250585999],
			[37.457162,
			0.250726],
			[37.457109,
			0.250846998999975],
			[37.457028,
			0.250976],
			[37.456966001000012,
			0.251087000999974],
			[37.456905,
			0.251196999],
			[37.456834,
			0.251316998999982],
			[37.456671,
			0.251652],
			[37.456596,
			0.251805],
			[37.4564,
			0.251983],
			[37.456356,
			0.252095],
			[37.456362,
			0.252264],
			[37.456361,
			0.252382],
			[37.456421001000024,
			0.252541],
			[37.456431,
			0.252647],
			[37.456438,
			0.252844],
			[37.456443,
			0.25295300099998],
			[37.456482000999983,
			0.253091],
			[37.456547,
			0.253308999000012],
			[37.456541001,
			0.25343],
			[37.456581001000018,
			0.253591001000018],
			[37.456583,
			0.253762999],
			[37.456651,
			0.253946],
			[37.456655,
			0.254068],
			[37.456668,
			0.254212],
			[37.456763001000013,
			0.254438],
			[37.456792,
			0.254656],
			[37.456741,
			0.254781],
			[37.456660000999989,
			0.25499],
			[37.456657001,
			0.255073],
			[37.456632,
			0.255189],
			[37.456618,
			0.255304],
			[37.456569,
			0.25548299899998],
			[37.456541001,
			0.255631],
			[37.45653500100002,
			0.255768000999979],
			[37.456528,
			0.255917],
			[37.456482000999983,
			0.256034],
			[37.456412,
			0.256214999],
			[37.456367,
			0.256301],
			[37.45636,
			0.25644],
			[37.456355,
			0.25654799900002],
			[37.456305000999976,
			0.256730999000013],
			[37.456288,
			0.256872000999977],
			[37.456248001,
			0.256971],
			[37.456221,
			0.257278],
			[37.456231,
			0.257381],
			[37.456251,
			0.257496],
			[37.456295001,
			0.257703000999982],
			[37.456299,
			0.257852],
			[37.456303999,
			0.257967001],
			[37.456301,
			0.258153],
			[37.456294001,
			0.25831],
			[37.456287,
			0.258445000999984],
			[37.456268001000012,
			0.258593],
			[37.456245,
			0.25880999899999],
			[37.456239000999972,
			0.258924],
			[37.456221,
			0.259237],
			[37.456219,
			0.259325],
			[37.456218001000025,
			0.2594],
			[37.456134001,
			0.259551000999977],
			[37.45613,
			0.259725],
			[37.456183,
			0.259856999000021],
			[37.45617900100001,
			0.260033],
			[37.456174001000022,
			0.260277],
			[37.456189,
			0.260398],
			[37.456215,
			0.260552],
			[37.456333001000019,
			0.260716],
			[37.456439000999978,
			0.260911],
			[37.456531,
			0.261094001],
			[37.456651,
			0.261247001000015],
			[37.456676001,
			0.261441],
			[37.456678,
			0.261581],
			[37.456661000999986,
			0.261815],
			[37.456441,
			0.262099],
			[37.456284,
			0.262256],
			[37.45611900099999,
			0.262442],
			[37.455933,
			0.262617],
			[37.455687,
			0.262874001],
			[37.45551,
			0.263075001],
			[37.455242,
			0.263281001],
			[37.455125,
			0.263521],
			[37.455044,
			0.263681999000028],
			[37.454929,
			0.263888],
			[37.45490300099999,
			0.263936],
			[37.454685000999973,
			0.264317],
			[37.45464800100001,
			0.264378],
			[37.454583001,
			0.264623],
			[37.454549,
			0.264804],
			[37.454498,
			0.26497999899999],
			[37.454569,
			0.265212],
			[37.454536,
			0.265391],
			[37.454544,
			0.265480001000014],
			[37.454472001,
			0.265839],
			[37.454459,
			0.265998001000014],
			[37.454472998000028,
			0.266179],
			[37.454521,
			0.266313998999976],
			[37.454613998000013,
			0.266413],
			[37.454735001000017,
			0.26650999899999],
			[37.45479000099999,
			0.266733],
			[37.454798000999972,
			0.266808],
			[37.45479000099999,
			0.266921],
			[37.454774,
			0.267148],
			[37.454753000999972,
			0.267441],
			[37.454733998999984,
			0.26767200099999],
			[37.454736,
			0.267925],
			[37.454729,
			0.268138],
			[37.454694001,
			0.268362],
			[37.454594,
			0.268622],
			[37.454586001,
			0.268687],
			[37.454489,
			0.268847000999983],
			[37.454471001,
			0.269002],
			[37.454435,
			0.269205],
			[37.454378001,
			0.269411],
			[37.454339,
			0.269562],
			[37.45423999799999,
			0.269759],
			[37.454221001,
			0.269996999],
			[37.454204,
			0.27020199899999],
			[37.454076000999976,
			0.270564998999987],
			[37.454072000999986,
			0.270615],
			[37.453975001,
			0.270762],
			[37.453865001,
			0.270873],
			[37.453554,
			0.270908],
			[37.453362001000016,
			0.271021],
			[37.453164999000023,
			0.271162],
			[37.45298599900002,
			0.271281000999977],
			[37.452841998,
			0.271427],
			[37.452758,
			0.271546999],
			[37.452624,
			0.271870001000025],
			[37.452335000999987,
			0.272161],
			[37.452304,
			0.272431000999973],
			[37.452292000999989,
			0.272566000999973],
			[37.452225000999988,
			0.272798998999974],
			[37.452288001,
			0.273017],
			[37.452336,
			0.273223001000019],
			[37.452363,
			0.273404],
			[37.452386000999979,
			0.273588],
			[37.45244800099999,
			0.273761],
			[37.452483,
			0.273934],
			[37.452658000999975,
			0.274067],
			[37.452841,
			0.274141],
			[37.453051,
			0.274285999000028],
			[37.453220000999977,
			0.274418001000015],
			[37.453368,
			0.274611],
			[37.453517,
			0.274819],
			[37.453599,
			0.275001],
			[37.45380099800002,
			0.275147999000012],
			[37.453996,
			0.275388998999972],
			[37.454050000999985,
			0.275518998999985],
			[37.454164000999981,
			0.275748],
			[37.454344000999981,
			0.275738],
			[37.454415,
			0.275648999],
			[37.454701,
			0.275660001],
			[37.454773,
			0.275777999000013],
			[37.455015,
			0.276048],
			[37.455125001,
			0.276223],
			[37.45526300099999,
			0.276050000999987],
			[37.455397,
			0.275928],
			[37.455523,
			0.27598799899999],
			[37.455677001000026,
			0.276085],
			[37.455866001,
			0.276147],
			[37.455987000999983,
			0.276292],
			[37.45611900099999,
			0.27651],
			[37.456207,
			0.276794],
			[37.456257,
			0.277065],
			[37.456296001,
			0.277281],
			[37.456363,
			0.277538],
			[37.456358,
			0.277709],
			[37.456351998,
			0.277916],
			[37.456403,
			0.278307],
			[37.45637,
			0.278648],
			[37.456305000999976,
			0.278821],
			[37.456167000999983,
			0.27897400099999],
			[37.45588200100002,
			0.279214001000014],
			[37.455701,
			0.27938000099999],
			[37.455472,
			0.279621999000028],
			[37.455437,
			0.279934],
			[37.455318,
			0.280098999000018],
			[37.455183001000023,
			0.280279001],
			[37.455167,
			0.280512999],
			[37.455258,
			0.280754],
			[37.455301,
			0.281007],
			[37.45529,
			0.281304],
			[37.455283001,
			0.281551],
			[37.455281,
			0.281772],
			[37.455212,
			0.282220999],
			[37.454927,
			0.282712],
			[37.454805,
			0.282846],
			[37.454684,
			0.283074],
			[37.454509,
			0.283359999000027],
			[37.454448,
			0.283419],
			[37.454349,
			0.283556998999984],
			[37.454194,
			0.283776],
			[37.454142,
			0.28400399899999],
			[37.453938,
			0.284306001],
			[37.453880001000016,
			0.284381],
			[37.453742,
			0.284498],
			[37.453611001000013,
			0.28461],
			[37.453468,
			0.284635],
			[37.453305,
			0.284701],
			[37.453059,
			0.284729],
			[37.452843998999981,
			0.28479],
			[37.452579,
			0.284813],
			[37.452421,
			0.284907],
			[37.452162,
			0.285012],
			[37.451937,
			0.285044],
			[37.451589,
			0.28505499900001],
			[37.451324,
			0.284994],
			[37.451168,
			0.285082],
			[37.45112000099999,
			0.285109001000023],
			[37.451093001,
			0.285227],
			[37.450952,
			0.28533],
			[37.450769001000026,
			0.285429],
			[37.450542000999974,
			0.285501],
			[37.450315,
			0.285589],
			[37.450091000999976,
			0.285636001],
			[37.449953,
			0.28573],
			[37.449796000999982,
			0.285842],
			[37.449625,
			0.285934],
			[37.44942,
			0.28594],
			[37.449094,
			0.286183],
			[37.448872,
			0.286424],
			[37.448721001000024,
			0.286566],
			[37.448462001,
			0.286712],
			[37.44816,
			0.286973000999978],
			[37.447945,
			0.287071],
			[37.447868,
			0.287164],
			[37.447816999,
			0.287346],
			[37.447774,
			0.28757],
			[37.447750000999974,
			0.287777],
			[37.447743,
			0.288000999000019],
			[37.447739999000021,
			0.288014001000022],
			[37.447738,
			0.28802],
			[37.447734,
			0.288028],
			[37.447728,
			0.288040998999975]],
			[[37.438754,
			0.231164],
			[37.438749961999974,
			0.231163673000026],
			[37.438717,
			0.231160999],
			[37.438665999000023,
			0.231161000999975],
			[37.438627000999986,
			0.231161],
			[37.438571,
			0.231161],
			[37.438504001000013,
			0.231183],
			[37.438452000999973,
			0.23119],
			[37.43841500100001,
			0.231207],
			[37.43837800099999,
			0.231219],
			[37.438340000999972,
			0.231227],
			[37.438293,
			0.231244],
			[37.438255,
			0.231248999],
			[37.438172001,
			0.231291],
			[37.438113,
			0.231294000999981],
			[37.438073,
			0.231314000999987],
			[37.438048,
			0.231339],
			[37.438015,
			0.231374],
			[37.437982,
			0.231404],
			[37.437928000999989,
			0.231467001],
			[37.437887000999979,
			0.231526],
			[37.437854001,
			0.231554001],
			[37.43780700100001,
			0.231598999000028],
			[37.437760998999977,
			0.231655000999979],
			[37.437735001000021,
			0.231701],
			[37.437730999,
			0.231749],
			[37.437716001000013,
			0.231804],
			[37.437717,
			0.231877],
			[37.437718,
			0.231910998999979],
			[37.437719,
			0.231963],
			[37.437726,
			0.232015],
			[37.437727000999985,
			0.232071],
			[37.437753000999976,
			0.232128000999978],
			[37.437755,
			0.232191],
			[37.437754000999973,
			0.232242],
			[37.437756,
			0.232277999000019],
			[37.437768,
			0.23232600099999],
			[37.437763001,
			0.232367],
			[37.437749,
			0.232403001000023],
			[37.437731000999975,
			0.23244],
			[37.437720999000021,
			0.232505],
			[37.437669001000017,
			0.23257],
			[37.437662,
			0.232626],
			[37.43763,
			0.232691999],
			[37.437602,
			0.232767],
			[37.437593,
			0.232826000999978],
			[37.43759000099999,
			0.232884001],
			[37.437588001,
			0.232942998999988],
			[37.437585,
			0.233009],
			[37.43761,
			0.233089001],
			[37.437641,
			0.23317],
			[37.437683999,
			0.233238001000018],
			[37.437703000999988,
			0.233302],
			[37.437724,
			0.233387],
			[37.437724,
			0.233493001],
			[37.437718,
			0.233548],
			[37.437726,
			0.233604],
			[37.437727000999985,
			0.233656],
			[37.437761001000013,
			0.233695],
			[37.43779200099999,
			0.233741],
			[37.437822,
			0.233797],
			[37.437855,
			0.233854],
			[37.437878001,
			0.233908],
			[37.437899001,
			0.233951],
			[37.437922,
			0.233996999],
			[37.437921001,
			0.234037],
			[37.437952,
			0.234088000999975],
			[37.437976,
			0.234143],
			[37.43799400099999,
			0.234203],
			[37.438026,
			0.234303],
			[37.438026,
			0.234355999],
			[37.438052,
			0.234413],
			[37.438055001,
			0.234474],
			[37.438055001,
			0.234526999000025],
			[37.438055,
			0.234588],
			[37.438055001,
			0.234656],
			[37.438059001,
			0.234715999],
			[37.438066,
			0.234784],
			[37.438077001000011,
			0.234841001],
			[37.43808400099999,
			0.234902998999985],
			[37.438112,
			0.23496],
			[37.438123,
			0.235007],
			[37.438123001,
			0.235050999],
			[37.438158,
			0.235114],
			[37.438187,
			0.23517099899999],
			[37.438208001000021,
			0.235228],
			[37.438239999000018,
			0.235306998999988],
			[37.438265,
			0.235382],
			[37.438308,
			0.235447],
			[37.438369001000012,
			0.235522],
			[37.438409,
			0.235589],
			[37.438426,
			0.235646],
			[37.438437,
			0.235716998999976],
			[37.438469000999987,
			0.235785],
			[37.438484,
			0.235845],
			[37.438484,
			0.235902999000018],
			[37.438484,
			0.235964],
			[37.438502001000018,
			0.236025],
			[37.438502001000018,
			0.236105001],
			[37.438513,
			0.236178],
			[37.438502,
			0.236225],
			[37.438502,
			0.236287],
			[37.438502,
			0.236357],
			[37.438516,
			0.236412001000019],
			[37.438524,
			0.236485001],
			[37.438534998000023,
			0.236563],
			[37.43854600100002,
			0.236637],
			[37.438549001000013,
			0.236685],
			[37.438549,
			0.236752],
			[37.438549001000013,
			0.236812000999976],
			[37.43855,
			0.236863998999979],
			[37.43855000100001,
			0.236924000999977],
			[37.43855,
			0.236965],
			[37.43854600100002,
			0.237022],
			[37.43854600100002,
			0.237131],
			[37.438554001,
			0.237169],
			[37.438531001,
			0.237207],
			[37.438494,
			0.237238],
			[37.438464001,
			0.237261],
			[37.438409001000025,
			0.23731],
			[37.438371,
			0.237334],
			[37.438334000999987,
			0.237357],
			[37.438273001000027,
			0.237475],
			[37.438234998999974,
			0.237523],
			[37.438209001000018,
			0.237565999000026],
			[37.438186,
			0.237618],
			[37.438153000999989,
			0.23765400100001],
			[37.438097,
			0.237694],
			[37.43803900099999,
			0.237756],
			[37.437993,
			0.237791],
			[37.437913,
			0.237840001],
			[37.437868,
			0.23787],
			[37.437835,
			0.2379],
			[37.437785997999981,
			0.237923],
			[37.437719,
			0.237987],
			[37.43767200100001,
			0.238035001000014],
			[37.437624001000017,
			0.238083],
			[37.437563,
			0.238130001],
			[37.437518,
			0.238182],
			[37.437469001000011,
			0.238226999],
			[37.437405,
			0.238272],
			[37.437344,
			0.238310999000021],
			[37.437276,
			0.238349],
			[37.437231,
			0.238372],
			[37.437165,
			0.238406999],
			[37.437105,
			0.238422],
			[37.437024001,
			0.238468],
			[37.436973,
			0.23851],
			[37.436911001,
			0.238586],
			[37.436882,
			0.238616998999987],
			[37.436812001000021,
			0.238689998999973],
			[37.436715,
			0.238733],
			[37.436647,
			0.238733],
			[37.436593001,
			0.238733001000014],
			[37.436542,
			0.238732998999978],
			[37.436483,
			0.238732],
			[37.436413,
			0.238738],
			[37.436355,
			0.238761],
			[37.436282,
			0.238764],
			[37.436256,
			0.238768],
			[37.436187001,
			0.238796998999987],
			[37.436145997999972,
			0.238816000999975],
			[37.436112,
			0.238850001],
			[37.436085000999981,
			0.238887998999985],
			[37.436059,
			0.23893],
			[37.436029,
			0.238982998999973],
			[37.43600200100002,
			0.239035999],
			[37.435968,
			0.23909],
			[37.435933001000024,
			0.239152],
			[37.435903,
			0.239214],
			[37.435884,
			0.239274998999974],
			[37.435835000999987,
			0.239327],
			[37.435804001,
			0.239376],
			[37.435767000999988,
			0.239425000999972],
			[37.435736001,
			0.239489],
			[37.435714,
			0.239534999],
			[37.435672,
			0.239606],
			[37.435627,
			0.239685001],
			[37.43560800099999,
			0.239741998999989],
			[37.435585,
			0.239799],
			[37.435566,
			0.239887001],
			[37.435543,
			0.239931999000021],
			[37.43552699899999,
			0.239987],
			[37.435526,
			0.240073],
			[37.435525000999974,
			0.240121000999977],
			[37.43552,
			0.240185],
			[37.435518,
			0.240233],
			[37.435543,
			0.240318],
			[37.435542,
			0.24039],
			[37.435556001,
			0.240478],
			[37.435578,
			0.240558],
			[37.43557800100001,
			0.240631999000016],
			[37.435581,
			0.240701],
			[37.435587,
			0.240759001000015],
			[37.435605,
			0.240809],
			[37.43562300100001,
			0.240875],
			[37.435628998000027,
			0.240957],
			[37.435631999,
			0.241047998999989],
			[37.435601,
			0.241095],
			[37.435562,
			0.241127],
			[37.435520000999986,
			0.241162],
			[37.435459,
			0.241199999],
			[37.435411,
			0.241236],
			[37.43537,
			0.241276],
			[37.435299,
			0.241333],
			[37.435236,
			0.24139],
			[37.435157998000022,
			0.241449],
			[37.435123,
			0.241471999],
			[37.435088,
			0.241508],
			[37.435044,
			0.241551],
			[37.435032,
			0.241644],
			[37.435043001,
			0.241735],
			[37.435009,
			0.241762000999984],
			[37.434934998000017,
			0.241792],
			[37.434908,
			0.241808],
			[37.43484300099999,
			0.241821999000024],
			[37.434793001,
			0.241844],
			[37.434733,
			0.241865001],
			[37.434663,
			0.241899],
			[37.434602000999973,
			0.241931],
			[37.434559,
			0.241934],
			[37.434514,
			0.241935],
			[37.434452,
			0.241943999],
			[37.434386,
			0.241964],
			[37.434345001,
			0.241982999000015],
			[37.434259999,
			0.242015],
			[37.43418,
			0.242053],
			[37.434134,
			0.242075000999989],
			[37.434064,
			0.2421],
			[37.434025,
			0.242122],
			[37.433994,
			0.242147],
			[37.433951,
			0.242184],
			[37.433913,
			0.242227],
			[37.43387,
			0.242281999],
			[37.433838,
			0.242331],
			[37.433811,
			0.242375],
			[37.433771,
			0.242421998999987],
			[37.433718,
			0.242474],
			[37.433634000999973,
			0.24255],
			[37.433569001000023,
			0.242622],
			[37.433529,
			0.242678],
			[37.433484,
			0.242746],
			[37.433435,
			0.242805001000022],
			[37.433385,
			0.242869],
			[37.43336,
			0.242924001],
			[37.433314,
			0.242985],
			[37.433272000999978,
			0.243048999],
			[37.433223,
			0.243111],
			[37.433168,
			0.24318],
			[37.43313,
			0.243242],
			[37.433092,
			0.243308],
			[37.43303,
			0.243352999000024],
			[37.432984001000023,
			0.243394],
			[37.432942001000015,
			0.243444],
			[37.432894998,
			0.243502],
			[37.432847,
			0.243548],
			[37.432788001,
			0.243616],
			[37.432754000999978,
			0.243714],
			[37.43272600099999,
			0.243766],
			[37.432723001,
			0.243824],
			[37.432685,
			0.243896001],
			[37.432669,
			0.243959],
			[37.43263600099999,
			0.244016],
			[37.432599,
			0.24406000099998],
			[37.432544001,
			0.244101],
			[37.432483,
			0.244134],
			[37.432416000999979,
			0.24418],
			[37.432387001,
			0.244219],
			[37.432337001,
			0.244252],
			[37.432295001,
			0.24428100099999],
			[37.432252001,
			0.244311],
			[37.432202,
			0.244353],
			[37.432164,
			0.244378],
			[37.432126000999972,
			0.244407],
			[37.432092001,
			0.244441],
			[37.432032,
			0.244489],
			[37.431980001,
			0.244528],
			[37.431932001,
			0.244572],
			[37.431882,
			0.244612],
			[37.431833,
			0.244648000999973],
			[37.431769,
			0.244702],
			[37.431722001000026,
			0.244758],
			[37.431619,
			0.24482],
			[37.431576,
			0.244847],
			[37.431495000999973,
			0.244893],
			[37.431448,
			0.244909],
			[37.431406,
			0.244941000999972],
			[37.431363001000022,
			0.244981],
			[37.431325001,
			0.245038],
			[37.431326,
			0.245103],
			[37.431295,
			0.245141],
			[37.431274,
			0.245175999000026],
			[37.431243,
			0.245232],
			[37.431217,
			0.245270999000013],
			[37.431169001,
			0.245317000999989],
			[37.431142,
			0.245376],
			[37.431133000999978,
			0.245419],
			[37.431071001000021,
			0.24548500100002],
			[37.431006,
			0.245498],
			[37.430966,
			0.245499],
			[37.430914,
			0.2455],
			[37.430842000999974,
			0.245466],
			[37.430765,
			0.245441],
			[37.43071,
			0.245442],
			[37.430645,
			0.245446],
			[37.430592,
			0.245464],
			[37.43054300099999,
			0.245485],
			[37.430450999000016,
			0.245515001],
			[37.430415,
			0.245541],
			[37.430357,
			0.245592999],
			[37.430332,
			0.245662],
			[37.430311,
			0.245719],
			[37.430309231000024,
			0.245742012999983],
			[37.430309001000012,
			0.245745]],
			[[37.41925,
			0.16524],
			[37.41915,
			0.165271999000026],
			[37.41905,
			0.165298],
			[37.418725,
			0.165385],
			[37.418636999,
			0.165431],
			[37.41855,
			0.165499],
			[37.418478000999983,
			0.165555],
			[37.418383,
			0.165605998999979],
			[37.418282,
			0.165666],
			[37.418207000999985,
			0.165707],
			[37.418107,
			0.165750999000011],
			[37.418015,
			0.165823000999978],
			[37.417957,
			0.165886],
			[37.417945,
			0.165971],
			[37.417966001000025,
			0.166021],
			[37.417995001,
			0.166099],
			[37.418039,
			0.166172999000025],
			[37.418067,
			0.166245],
			[37.418069,
			0.166327],
			[37.418065,
			0.16643],
			[37.418071,
			0.166552001000014],
			[37.418038,
			0.166649],
			[37.417981000999987,
			0.166699999],
			[37.417894000999979,
			0.166766],
			[37.4178,
			0.166759],
			[37.417725001,
			0.16677099899999],
			[37.417654,
			0.16681],
			[37.417575,
			0.166832],
			[37.417487,
			0.166847],
			[37.417396,
			0.166918],
			[37.417296,
			0.167018],
			[37.417245,
			0.16709000100002],
			[37.417209,
			0.167168],
			[37.417163,
			0.16725],
			[37.417117001,
			0.167311000999973],
			[37.41706,
			0.167378],
			[37.417008001,
			0.167496001000018],
			[37.416987,
			0.167593],
			[37.416961001,
			0.167643],
			[37.416911001000017,
			0.16772],
			[37.416864,
			0.167786001000025],
			[37.416827,
			0.167847],
			[37.416818,
			0.167898],
			[37.416821789999972,
			0.167908063000027],
			[37.416847,
			0.167975],
			[37.416875000999987,
			0.168047],
			[37.416941001,
			0.168135],
			[37.417021001000023,
			0.168251],
			[37.417104999,
			0.168319999],
			[37.417150000999982,
			0.168394998999986],
			[37.417234001,
			0.168481000999975],
			[37.417311000999973,
			0.168703999],
			[37.417318,
			0.168757998999979],
			[37.41736000100002,
			0.168836],
			[37.417410001,
			0.168931],
			[37.417436,
			0.169019999],
			[37.417446000999973,
			0.169115001000023],
			[37.417446000999973,
			0.16922200099998],
			[37.417452,
			0.169318],
			[37.417487,
			0.169428],
			[37.417518,
			0.169532],
			[37.41755100099999,
			0.169603],
			[37.417644,
			0.169730999000024],
			[37.417682001,
			0.169827],
			[37.417721,
			0.169911999000021],
			[37.417759000999979,
			0.170015],
			[37.417789,
			0.170071],
			[37.417906,
			0.170097999],
			[37.417955,
			0.170102],
			[37.418064,
			0.170079999],
			[37.418113001,
			0.170062],
			[37.418185,
			0.169979],
			[37.418192,
			0.16993700099999],
			[37.418281001000025,
			0.169832],
			[37.418310001,
			0.169785999],
			[37.418378,
			0.1697],
			[37.418451,
			0.169662999000025],
			[37.418485,
			0.169618001],
			[37.418536001,
			0.16958499899999],
			[37.418597,
			0.169553],
			[37.418654,
			0.16950900099999],
			[37.41871,
			0.169494],
			[37.418761,
			0.169461],
			[37.418932,
			0.169399],
			[37.41901199900002,
			0.16935],
			[37.419069,
			0.169341001000021],
			[37.419178,
			0.169347],
			[37.419277,
			0.169372],
			[37.419411998999976,
			0.169424],
			[37.419537,
			0.169461999000021],
			[37.419633001000022,
			0.169498],
			[37.41972400100002,
			0.169533],
			[37.419804,
			0.169594],
			[37.419866,
			0.169673000999978],
			[37.419917,
			0.16974],
			[37.419974001000014,
			0.169827],
			[37.420076,
			0.169904998999982],
			[37.420222,
			0.169979001],
			[37.420323,
			0.169991],
			[37.420418,
			0.169996001000015],
			[37.420592000999989,
			0.170013],
			[37.420729,
			0.170035],
			[37.420873,
			0.170058],
			[37.420952,
			0.170062],
			[37.42107500100002,
			0.170022],
			[37.421205998,
			0.170009],
			[37.421386,
			0.170012],
			[37.421566,
			0.170027],
			[37.421702,
			0.170003001],
			[37.421805,
			0.169972998999981],
			[37.421914001,
			0.169935],
			[37.421969,
			0.16987000099999],
			[37.42204,
			0.169851],
			[37.422108998999988,
			0.169793001000016],
			[37.422178998999982,
			0.169665],
			[37.422230999000021,
			0.169536],
			[37.42223500099999,
			0.169461],
			[37.422241000999975,
			0.169344],
			[37.422245,
			0.169251998999982],
			[37.422307,
			0.169155],
			[37.422417,
			0.169132],
			[37.422458001,
			0.16908999899999],
			[37.422563,
			0.169056],
			[37.422690000999978,
			0.169089],
			[37.422887,
			0.169123],
			[37.42301,
			0.169184],
			[37.423179,
			0.169222],
			[37.423321,
			0.169302],
			[37.423555,
			0.169329],
			[37.423659998,
			0.169322998999974],
			[37.423792,
			0.169280001],
			[37.42401485,
			0.169276722],
			[37.424064,
			0.169276],
			[37.424131999,
			0.169299],
			[37.424280997999972,
			0.169346],
			[37.424399000999983,
			0.169437],
			[37.424537,
			0.169528],
			[37.424618001,
			0.16959],
			[37.424744,
			0.169664],
			[37.424795,
			0.169701],
			[37.424858,
			0.169745],
			[37.42501,
			0.169782],
			[37.425188,
			0.169788],
			[37.425327,
			0.169788],
			[37.42546,
			0.169782],
			[37.425631,
			0.169782],
			[37.42587099799999,
			0.169776],
			[37.426109000999986,
			0.169771],
			[37.426222000999985,
			0.169772],
			[37.426336,
			0.169772],
			[37.426424,
			0.169728],
			[37.426525,
			0.169703],
			[37.426628000999983,
			0.169714],
			[37.426727001000017,
			0.169665001],
			[37.426855000999979,
			0.169664],
			[37.426982001,
			0.169639],
			[37.427069,
			0.169594],
			[37.427213,
			0.169545998999979],
			[37.42727800099999,
			0.169538],
			[37.427397000999974,
			0.169529],
			[37.427495,
			0.169482999000024],
			[37.427611,
			0.169467000999987],
			[37.427718,
			0.169441001],
			[37.427893,
			0.169372],
			[37.428045,
			0.16935300099999],
			[37.428169001000015,
			0.169322001000012],
			[37.428267,
			0.169311],
			[37.428383999,
			0.1693],
			[37.428502001000027,
			0.169298],
			[37.42862,
			0.169308],
			[37.42871900099999,
			0.169324],
			[37.428886,
			0.169332],
			[37.429022001000021,
			0.169365],
			[37.429081817,
			0.16936583099999],
			[37.429166001,
			0.169367],
			[37.429208,
			0.169435001000011],
			[37.429282,
			0.169508],
			[37.429292,
			0.16959],
			[37.429226,
			0.1697],
			[37.429172,
			0.169802999000012],
			[37.429073,
			0.169995],
			[37.429019,
			0.170047],
			[37.428936,
			0.170177],
			[37.428921,
			0.170242],
			[37.428897,
			0.170341],
			[37.428875,
			0.17042],
			[37.428839,
			0.170506],
			[37.428836,
			0.170598],
			[37.428830999000013,
			0.170745],
			[37.428826999000023,
			0.170879],
			[37.42883,
			0.171],
			[37.428833,
			0.171102],
			[37.428877,
			0.171184],
			[37.428952,
			0.171294],
			[37.428957,
			0.171342],
			[37.429021001000024,
			0.171412],
			[37.429155001000026,
			0.171495000999982],
			[37.429299,
			0.171508],
			[37.42934,
			0.17152199899999],
			[37.429470001000027,
			0.171535],
			[37.429593,
			0.171521],
			[37.429764,
			0.17143099899999],
			[37.429813,
			0.17134099899999],
			[37.429869,
			0.171259],
			[37.429917,
			0.171177],
			[37.429992,
			0.171109],
			[37.430073000999982,
			0.171014],
			[37.430147,
			0.171054],
			[37.430234000999974,
			0.171182000999977],
			[37.430342,
			0.171269],
			[37.430408999,
			0.17135],
			[37.430476000999988,
			0.171444],
			[37.430650999000022,
			0.171572],
			[37.430739,
			0.171721],
			[37.430833,
			0.171789],
			[37.430948,
			0.171924],
			[37.431056001,
			0.172047],
			[37.431246,
			0.172223],
			[37.431466,
			0.1725],
			[37.431632001000025,
			0.172647],
			[37.431784,
			0.172794],
			[37.431973,
			0.172916],
			[37.43221,
			0.173081],
			[37.43233,
			0.173215001000017],
			[37.432414,
			0.173292],
			[37.43252,
			0.17342],
			[37.432577001000027,
			0.173457],
			[37.432774,
			0.173495999000011],
			[37.432829,
			0.173551001000021],
			[37.432891,
			0.173592000999975],
			[37.433015001,
			0.173627],
			[37.433146001000011,
			0.173676],
			[37.433291,
			0.173738],
			[37.43343,
			0.173738],
			[37.433555001,
			0.173738999000022],
			[37.433646,
			0.173767],
			[37.4338,
			0.173809],
			[37.433982,
			0.173822998999981],
			[37.434094,
			0.173816],
			[37.434248,
			0.173796001000028],
			[37.434366,
			0.173747],
			[37.434442,
			0.173684],
			[37.434552,
			0.173621],
			[37.434594000999986,
			0.173599998999975],
			[37.434755,
			0.173461],
			[37.434888,
			0.173397998999974],
			[37.434944,
			0.17335],
			[37.435007,
			0.173293999],
			[37.435132001,
			0.173204000999988],
			[37.435181,
			0.173176],
			[37.435244,
			0.17312099899999],
			[37.43539,
			0.173038],
			[37.435563,
			0.172947],
			[37.435619,
			0.172892],
			[37.43575,
			0.172823000999983],
			[37.435848,
			0.172768],
			[37.436028001000011,
			0.172652],
			[37.436111,
			0.172638],
			[37.436214001,
			0.172537],
			[37.436262,
			0.172496],
			[37.436317,
			0.172449],
			[37.436377998000012,
			0.172395000999984],
			[37.436487,
			0.172341999000025],
			[37.436555,
			0.172295001],
			[37.43663,
			0.172255999000015],
			[37.436723,
			0.172191],
			[37.43677,
			0.172159],
			[37.436884,
			0.172108],
			[37.436943,
			0.172050001],
			[37.437062001000015,
			0.171979],
			[37.437294001,
			0.17185],
			[37.437326000999974,
			0.17181800100002],
			[37.437390000999983,
			0.171762],
			[37.437501000999987,
			0.171705],
			[37.43759799899999,
			0.171628],
			[37.437631,
			0.171609999],
			[37.437767,
			0.171534001],
			[37.437817000999985,
			0.171484],
			[37.437842,
			0.171466],
			[37.437936,
			0.171405],
			[37.437993001,
			0.171375],
			[37.438075,
			0.17128],
			[37.438128998000025,
			0.171246],
			[37.438249,
			0.171192001],
			[37.438302001000011,
			0.17116500100002],
			[37.438362000999973,
			0.171131999000011],
			[37.438468,
			0.171065],
			[37.43858,
			0.170959],
			[37.438677000999974,
			0.170894],
			[37.438748,
			0.170848],
			[37.438813,
			0.17081],
			[37.438897,
			0.170732000999976],
			[37.438955,
			0.170687],
			[37.43907,
			0.170603],
			[37.43915400100002,
			0.170545],
			[37.439364,
			0.17043],
			[37.43953,
			0.170347],
			[37.439644,
			0.170303],
			[37.439744,
			0.170228],
			[37.439862001,
			0.170159],
			[37.439963,
			0.17009600099999],
			[37.440052,
			0.170064],
			[37.440163000999974,
			0.170025001],
			[37.440214,
			0.169974],
			[37.44031800099998,
			0.169922],
			[37.440428,
			0.169889],
			[37.440544,
			0.169837001000019],
			[37.440724,
			0.169752999000025],
			[37.440948,
			0.169677],
			[37.441132001000028,
			0.169569001000013],
			[37.441281,
			0.169536],
			[37.441373,
			0.169522],
			[37.441505,
			0.169459],
			[37.44161200100001,
			0.169428],
			[37.441712,
			0.169378],
			[37.441832998999985,
			0.16935200099999],
			[37.441922001000023,
			0.169295001000023],
			[37.44204,
			0.169281001],
			[37.44211900099998,
			0.169274],
			[37.442260001000022,
			0.169241],
			[37.44231199799998,
			0.16924]],
			[[37.411071,
			0.107818999000017],
			[37.41092,
			0.107917],
			[37.410877001000017,
			0.108108],
			[37.410987,
			0.108209],
			[37.411211,
			0.108296],
			[37.41132299899999,
			0.108352],
			[37.411470001,
			0.108408000999987],
			[37.41165300099999,
			0.108526],
			[37.411825,
			0.108634],
			[37.411943998000027,
			0.108744],
			[37.412032,
			0.108858],
			[37.412098001,
			0.108961001000011],
			[37.412229,
			0.109084],
			[37.412305,
			0.109210001],
			[37.412365,
			0.109357],
			[37.412399,
			0.1096],
			[37.412395,
			0.109812],
			[37.412389,
			0.109999999000024],
			[37.412384001000021,
			0.110142],
			[37.412479,
			0.110398],
			[37.412618,
			0.110718999000028],
			[37.412670000999981,
			0.110827],
			[37.412743,
			0.110996],
			[37.412817,
			0.111129999000013],
			[37.41290200100002,
			0.111278],
			[37.413057,
			0.111427],
			[37.413163,
			0.111704001000021],
			[37.413289,
			0.111857],
			[37.413399001000016,
			0.111945],
			[37.413576,
			0.112276999000017],
			[37.413686000999974,
			0.112418],
			[37.413784,
			0.112547],
			[37.413888998999987,
			0.112769],
			[37.414022,
			0.112941],
			[37.414232,
			0.113167],
			[37.414408001000027,
			0.113314],
			[37.414392,
			0.113435],
			[37.414285,
			0.11357],
			[37.414137,
			0.113864],
			[37.413979,
			0.11401],
			[37.41379,
			0.114054],
			[37.413577,
			0.114161],
			[37.413465,
			0.114207],
			[37.41335,
			0.114417],
			[37.413261,
			0.1146],
			[37.413199,
			0.114769],
			[37.413161998000021,
			0.114956],
			[37.413151,
			0.115116],
			[37.413103001000025,
			0.115261],
			[37.41305,
			0.115453],
			[37.41304,
			0.115615],
			[37.413032999,
			0.115774],
			[37.413107001000014,
			0.11589],
			[37.413141,
			0.116036],
			[37.413288,
			0.116347],
			[37.413454,
			0.116449],
			[37.413638,
			0.116463001],
			[37.413795,
			0.11652],
			[37.413898,
			0.116632],
			[37.414113000999976,
			0.116742],
			[37.414112,
			0.116757999000015],
			[37.414949,
			0.117368],
			[37.415057999,
			0.117544],
			[37.415113,
			0.117681],
			[37.415195,
			0.117942],
			[37.415195,
			0.117956],
			[37.41532,
			0.118108],
			[37.415459000999988,
			0.118148],
			[37.415614,
			0.118146001000014],
			[37.415826,
			0.118115],
			[37.415911,
			0.118057998999973],
			[37.416138,
			0.11794500100001],
			[37.41635,
			0.117861],
			[37.41648,
			0.117984001000025],
			[37.416597,
			0.118108],
			[37.416742,
			0.118277],
			[37.416771000999972,
			0.118362],
			[37.416886,
			0.118477000999974],
			[37.416917,
			0.118619],
			[37.416947000999983,
			0.118791],
			[37.416964,
			0.118963],
			[37.417022,
			0.11913599899998],
			[37.417068,
			0.119482],
			[37.417041,
			0.119627],
			[37.416974001000028,
			0.119891],
			[37.416919,
			0.120053],
			[37.41692,
			0.120214],
			[37.416923000999986,
			0.12045],
			[37.416965,
			0.122068],
			[37.417043,
			0.122316],
			[37.417656,
			0.124061],
			[37.417670000999976,
			0.124282],
			[37.418957,
			0.128824],
			[37.419043,
			0.128953001000014],
			[37.419777999000019,
			0.131612],
			[37.419898961,
			0.132072431999973],
			[37.419902,
			0.132084],
			[37.419898988,
			0.132106588999989],
			[37.419882001000019,
			0.132234],
			[37.419715,
			0.132856],
			[37.419768,
			0.132984998999973],
			[37.41961,
			0.133077],
			[37.419599001,
			0.133165],
			[37.419641001,
			0.133311],
			[37.41973600099999,
			0.133875],
			[37.419714000999988,
			0.134152],
			[37.419692,
			0.134264],
			[37.41967,
			0.13439],
			[37.419626,
			0.134529],
			[37.419613998999978,
			0.134712],
			[37.41961299799999,
			0.134896],
			[37.419544,
			0.135124001],
			[37.419488,
			0.135192],
			[37.419407,
			0.135341],
			[37.419292,
			0.135470999],
			[37.419232,
			0.135627999],
			[37.41921700099999,
			0.135786],
			[37.419201,
			0.136044],
			[37.419152,
			0.136217],
			[37.419149,
			0.136403],
			[37.419145001,
			0.136644],
			[37.419104,
			0.136892],
			[37.419052001000011,
			0.137065],
			[37.4189,
			0.13732299899999],
			[37.418649001,
			0.137595],
			[37.418548,
			0.137717001],
			[37.418541,
			0.137897],
			[37.418644,
			0.138124],
			[37.418713,
			0.138282],
			[37.418707,
			0.138454],
			[37.418664,
			0.138642],
			[37.418669001000012,
			0.138862],
			[37.418600001000016,
			0.139077],
			[37.418636,
			0.13915],
			[37.418707,
			0.139423998999973],
			[37.418792000999986,
			0.139645],
			[37.418866001000026,
			0.13978000100002],
			[37.418992,
			0.139967],
			[37.419142,
			0.140257],
			[37.419297,
			0.140446],
			[37.419335000999979,
			0.140575],
			[37.419427000999974,
			0.140719],
			[37.419479,
			0.14085],
			[37.419545001000017,
			0.141049],
			[37.419558,
			0.141251],
			[37.41954400100002,
			0.141386],
			[37.419461,
			0.14165900099999],
			[37.419338,
			0.141741],
			[37.419160998999985,
			0.141876998999976],
			[37.41897,
			0.141958999],
			[37.418861,
			0.142027],
			[37.418737998999973,
			0.142108999000016],
			[37.418514,
			0.142235998999979],
			[37.418415,
			0.14232099899999],
			[37.41828700100001,
			0.142406000999983],
			[37.418156,
			0.142549],
			[37.417995,
			0.142709],
			[37.417886,
			0.142927],
			[37.417789001000017,
			0.143219],
			[37.417779,
			0.143469],
			[37.417725,
			0.143737999],
			[37.417646,
			0.14399],
			[37.417593001,
			0.144318],
			[37.417586,
			0.144487],
			[37.417573000999987,
			0.144693001],
			[37.417498,
			0.145011],
			[37.417479001,
			0.145106],
			[37.417428,
			0.145265],
			[37.417405,
			0.14545499899998],
			[37.417337,
			0.145649],
			[37.417299,
			0.145871],
			[37.417262,
			0.146062],
			[37.417177,
			0.146275999000011],
			[37.417124,
			0.146473],
			[37.417117997999981,
			0.146664000999976],
			[37.416988998000022,
			0.146967001],
			[37.416963001,
			0.147202],
			[37.416938,
			0.147511],
			[37.416868,
			0.147682998999983],
			[37.416839,
			0.148055],
			[37.416829,
			0.14817],
			[37.416836,
			0.148507000999984],
			[37.416812000999983,
			0.148619999],
			[37.416765,
			0.148879],
			[37.416706,
			0.149038],
			[37.416614,
			0.149182],
			[37.416585000999987,
			0.149375],
			[37.416575001000012,
			0.149553001000015],
			[37.416475,
			0.1498],
			[37.416466001,
			0.149963999000022],
			[37.41647,
			0.150179001000026],
			[37.416528,
			0.150376],
			[37.416439001000015,
			0.150714999],
			[37.416422997999973,
			0.150955],
			[37.416354,
			0.151216],
			[37.416268,
			0.151446],
			[37.416248999,
			0.151712],
			[37.416194,
			0.152016],
			[37.416278001000023,
			0.152268],
			[37.416464,
			0.152483],
			[37.416689001,
			0.152507001],
			[37.416933,
			0.152566],
			[37.416989,
			0.152593],
			[37.417119001,
			0.15262900099998],
			[37.417175,
			0.152685],
			[37.417241,
			0.152729001000012],
			[37.417303,
			0.152797998999972],
			[37.417368001,
			0.152854999],
			[37.417456,
			0.152957001],
			[37.417545,
			0.15305999899999],
			[37.417625,
			0.153184],
			[37.417685,
			0.153289],
			[37.417760000999976,
			0.153409],
			[37.41781,
			0.153496999000026],
			[37.417882001,
			0.153593],
			[37.417979,
			0.15368200099999],
			[37.418055998999989,
			0.153744999000025],
			[37.418143,
			0.153886],
			[37.418172,
			0.153987],
			[37.418256,
			0.15408800099999],
			[37.418303,
			0.154184],
			[37.418348,
			0.154295],
			[37.418419,
			0.154408],
			[37.418483998,
			0.154499999],
			[37.418549,
			0.154601],
			[37.418616998999987,
			0.154679],
			[37.418688001000021,
			0.15472599899999],
			[37.418797000999973,
			0.15481300099998],
			[37.418877,
			0.154845],
			[37.418984,
			0.154844],
			[37.419066000999976,
			0.15485200099999],
			[37.419204,
			0.154873999000017],
			[37.419428,
			0.154871001],
			[37.419545,
			0.154836000999978],
			[37.419663,
			0.154768],
			[37.419704997999986,
			0.15463699899999],
			[37.419840001000011,
			0.154633000999979],
			[37.419967000999975,
			0.15463],
			[37.420061,
			0.154636],
			[37.420175001000018,
			0.15469],
			[37.420239001000027,
			0.154781],
			[37.42033,
			0.154896999000016],
			[37.420435,
			0.155058999],
			[37.420373,
			0.155121],
			[37.420294,
			0.15523500099999],
			[37.420233999,
			0.155403],
			[37.420300000999987,
			0.155492],
			[37.420357,
			0.155600999],
			[37.420372987,
			0.155629212],
			[37.420381970999983,
			0.155645067000023],
			[37.420425,
			0.155721001000018],
			[37.420531,
			0.155815],
			[37.420573,
			0.155956],
			[37.420652001,
			0.156033],
			[37.420629001,
			0.156222001],
			[37.420592000999989,
			0.156288],
			[37.420483,
			0.156393],
			[37.420353,
			0.15646],
			[37.420222,
			0.156466998999974],
			[37.420082001000026,
			0.156494],
			[37.419943000999979,
			0.156535],
			[37.419812001000025,
			0.156555998999977],
			[37.419644001,
			0.156598],
			[37.419474,
			0.156609],
			[37.419235001,
			0.156676999000013],
			[37.419090000999972,
			0.156712],
			[37.418833,
			0.156773000999976],
			[37.418729,
			0.156842],
			[37.418608,
			0.156979998999986],
			[37.418537997999977,
			0.157197999],
			[37.418586000999987,
			0.157379000999981],
			[37.418656998000017,
			0.157538],
			[37.41871,
			0.157832],
			[37.418731,
			0.157832],
			[37.41873099899999,
			0.157851999],
			[37.418731,
			0.157873],
			[37.418731,
			0.157894],
			[37.418731001000026,
			0.157915],
			[37.418791000999988,
			0.158056],
			[37.418813,
			0.158075]],
			[[37.477933001,
			0.225168999],
			[37.477863,
			0.225324],
			[37.477841,
			0.225440000999981],
			[37.477749001,
			0.225567001],
			[37.477664,
			0.225735],
			[37.477576,
			0.225902],
			[37.477568,
			0.226007001000028],
			[37.477467,
			0.226237998999977],
			[37.477427,
			0.226333],
			[37.477353,
			0.226609999],
			[37.477334,
			0.226737],
			[37.47728,
			0.226853],
			[37.477228,
			0.22705399900002],
			[37.47721,
			0.227245],
			[37.477163001,
			0.227363001000015],
			[37.477138,
			0.227447],
			[37.477139,
			0.227519998999981],
			[37.477114,
			0.227593],
			[37.477104,
			0.22766199900002],
			[37.477105000999984,
			0.227715],
			[37.47706,
			0.227819001],
			[37.477135001000022,
			0.227841],
			[37.477165,
			0.22786],
			[37.477229,
			0.227849],
			[37.477324001,
			0.227838],
			[37.47736,
			0.227910999000017],
			[37.477325,
			0.22797],
			[37.477234,
			0.228081],
			[37.477194000999987,
			0.228159999000013],
			[37.477135,
			0.228244],
			[37.4771,
			0.228328],
			[37.477056,
			0.228386999],
			[37.476985999000021,
			0.228486],
			[37.476966999000012,
			0.228584],
			[37.476962,
			0.228646998999977],
			[37.476957001000017,
			0.228721],
			[37.476903,
			0.228871998999978],
			[37.476883,
			0.228931000999978],
			[37.476868001000014,
			0.229038],
			[37.476863,
			0.229144999000027],
			[37.476849001,
			0.22924799899999],
			[37.476839,
			0.229326],
			[37.476839,
			0.229459],
			[37.476820001000021,
			0.229602999],
			[37.476747000999978,
			0.229741000999979],
			[37.476712,
			0.229864],
			[37.476678,
			0.229978],
			[37.476634000999979,
			0.23008900100001],
			[37.476564998000015,
			0.230298],
			[37.476541000999987,
			0.230483],
			[37.476511001,
			0.230580998999983],
			[37.476472,
			0.230717001000016],
			[37.476419,
			0.230839],
			[37.476405000999989,
			0.230956],
			[37.47641,
			0.231031],
			[37.476406,
			0.231162],
			[37.476354,
			0.231274],
			[37.476325,
			0.231388998999989],
			[37.476297,
			0.231485],
			[37.476231,
			0.231595],
			[37.47617999900001,
			0.231766],
			[37.476167001000022,
			0.231935],
			[37.47609,
			0.232097],
			[37.476078001000019,
			0.232221],
			[37.476015,
			0.232417],
			[37.47598,
			0.232586],
			[37.475971,
			0.232609],
			[37.475936,
			0.232736],
			[37.475923,
			0.232799],
			[37.475896,
			0.232875],
			[37.475847,
			0.232966998999984],
			[37.475806001000024,
			0.233147],
			[37.475758,
			0.233240998999975],
			[37.475714998,
			0.233428],
			[37.475065001000019,
			0.236166],
			[37.475100000999987,
			0.236297],
			[37.475086,
			0.236407],
			[37.475086001000022,
			0.236460001000012],
			[37.475086001000022,
			0.236531001],
			[37.475093,
			0.236629],
			[37.475096,
			0.237022001000014],
			[37.475089,
			0.237196],
			[37.475129001000028,
			0.237431],
			[37.475145000999987,
			0.23779],
			[37.47516,
			0.238],
			[37.475202,
			0.238372],
			[37.475195000999975,
			0.238563],
			[37.475173998,
			0.238790000999984],
			[37.475147,
			0.239107000999979],
			[37.475122000999988,
			0.239468],
			[37.475109,
			0.239586998999982],
			[37.475103000999979,
			0.239666999],
			[37.47507600099999,
			0.239784],
			[37.475077,
			0.239904],
			[37.475078000999986,
			0.24003],
			[37.475066001000016,
			0.240182],
			[37.475067,
			0.240334],
			[37.475070001,
			0.240473],
			[37.475072,
			0.240573],
			[37.475075,
			0.240705],
			[37.475083,
			0.240738],
			[37.475091,
			0.240798],
			[37.475100000999987,
			0.240882999],
			[37.475103,
			0.241020999],
			[37.475089001000015,
			0.24117],
			[37.475111,
			0.241242],
			[37.475139999000021,
			0.24131300099998],
			[37.475169,
			0.241385],
			[37.475212000999989,
			0.241462],
			[37.475226,
			0.241526],
			[37.475255,
			0.241616],
			[37.475339,
			0.241717000999984],
			[37.475345,
			0.241737],
			[37.475472,
			0.241858],
			[37.47552600099999,
			0.241907],
			[37.47557100099999,
			0.241985],
			[37.475581,
			0.242088],
			[37.475647001000027,
			0.24218],
			[37.475671,
			0.242272999000022],
			[37.475736,
			0.242377],
			[37.475766001000011,
			0.24247],
			[37.475782001000027,
			0.242567001],
			[37.475791,
			0.24264599899999],
			[37.475815001,
			0.242733],
			[37.475832,
			0.24282499899999],
			[37.475895,
			0.242965998999978],
			[37.475939,
			0.24309999899998],
			[37.475949001,
			0.24326600099999],
			[37.475946,
			0.243354001],
			[37.475993001,
			0.24344],
			[37.476017,
			0.243556],
			[37.476055,
			0.243699],
			[37.476060001,
			0.243751],
			[37.476092000999984,
			0.243863],
			[37.476111,
			0.243960999000024],
			[37.476122,
			0.244087],
			[37.47616100099998,
			0.244239],
			[37.476181,
			0.244298999000023],
			[37.476517,
			0.24591],
			[37.476649001,
			0.246407998999985],
			[37.476716,
			0.246547],
			[37.47681,
			0.246628000999976],
			[37.476853,
			0.246719],
			[37.476897001,
			0.246797],
			[37.476988001,
			0.246901001000026],
			[37.477039,
			0.246986000999982],
			[37.477091,
			0.247052],
			[37.477182,
			0.247156],
			[37.477246,
			0.247254],
			[37.477283000999989,
			0.247352001000024],
			[37.477325,
			0.247414],
			[37.477397000999986,
			0.247492],
			[37.477462,
			0.24755],
			[37.477510000999985,
			0.247631],
			[37.477678001000015,
			0.247919998999976],
			[37.47771000099999,
			0.247979],
			[37.477790001000017,
			0.248079],
			[37.47781299799999,
			0.248157],
			[37.477851000999976,
			0.248320001000025],
			[37.477888001,
			0.248412],
			[37.477902,
			0.248511],
			[37.477982,
			0.248613],
			[37.47806,
			0.248720999],
			[37.478112001,
			0.248862],
			[37.479112998999987,
			0.251602],
			[37.479180000999975,
			0.251753],
			[37.479194998000025,
			0.251852],
			[37.479218,
			0.251972],
			[37.479217001,
			0.252095],
			[37.479271,
			0.252220001000012],
			[37.479385001000026,
			0.252254999],
			[37.47950799900002,
			0.252292],
			[37.479577001,
			0.252336],
			[37.47962400099999,
			0.252402999000026],
			[37.47977000100002,
			0.252499],
			[37.479794,
			0.252595],
			[37.479796,
			0.252729],
			[37.479836,
			0.252841],
			[37.479892,
			0.252945],
			[37.479933001,
			0.25305],
			[37.479958001,
			0.253156],
			[37.480063001000019,
			0.253259],
			[37.48009700099999,
			0.253374],
			[37.480188000999988,
			0.253487],
			[37.480216000999974,
			0.253611],
			[37.480267,
			0.253783000999988],
			[37.48034400099999,
			0.253925001000027],
			[37.480463,
			0.254050999000015],
			[37.480697,
			0.254323],
			[37.480931000999988,
			0.254747999000017],
			[37.481016001,
			0.254983001000028],
			[37.481123,
			0.25528],
			[37.481144,
			0.255621],
			[37.481144001000018,
			0.255898],
			[37.481144,
			0.256281],
			[37.481101001000013,
			0.256557],
			[37.48095200099999,
			0.257153001],
			[37.480782,
			0.257430000999989],
			[37.480612,
			0.257664],
			[37.480551000999981,
			0.257809],
			[37.480552,
			0.257947],
			[37.480498,
			0.258183],
			[37.480499,
			0.258311],
			[37.480433,
			0.258473998999989],
			[37.480357,
			0.25893],
			[37.48023600099998,
			0.259831],
			[37.480203001,
			0.26003099899998],
			[37.480203,
			0.260153],
			[37.480225001,
			0.260366],
			[37.480292,
			0.260534],
			[37.480325,
			0.260759],
			[37.480336,
			0.260792998999989],
			[37.480653,
			0.262434],
			[37.480698,
			0.262704],
			[37.480698001,
			0.262815],
			[37.480686,
			0.263014999],
			[37.480686,
			0.263104],
			[37.480674,
			0.263257999000018],
			[37.480652,
			0.263378],
			[37.480651001000012,
			0.263499],
			[37.480629,
			0.263630001000024],
			[37.480617,
			0.263787],
			[37.480617,
			0.263956],
			[37.480651001000012,
			0.264104998999983],
			[37.480663,
			0.264319999],
			[37.480697,
			0.264481],
			[37.480776,
			0.264649],
			[37.480800000999977,
			0.264792],
			[37.481255001000022,
			0.267206],
			[37.481198001,
			0.267432],
			[37.481118998999989,
			0.267579001],
			[37.481062,
			0.267703],
			[37.480983,
			0.267876],
			[37.480882,
			0.268038],
			[37.480826,
			0.268154],
			[37.480701,
			0.268383],
			[37.479974,
			0.269605999000021],
			[37.479425,
			0.270436999000026],
			[37.479379000999984,
			0.270506],
			[37.479288,
			0.270587],
			[37.479185,
			0.27069],
			[37.479047,
			0.270806],
			[37.478921,
			0.270911],
			[37.478816,
			0.270983999],
			[37.478699001,
			0.271057000999974],
			[37.478501,
			0.271155001000011],
			[37.47836300099999,
			0.271226],
			[37.478120000999979,
			0.271342],
			[37.477868,
			0.271411],
			[37.477753001,
			0.271445],
			[37.477501,
			0.271467],
			[37.477431,
			0.271468],
			[37.477222,
			0.271495],
			[37.476943,
			0.271533],
			[37.476702,
			0.271508],
			[37.476523,
			0.2714],
			[37.476446,
			0.271305000999973],
			[37.47627,
			0.271114],
			[37.476195,
			0.270973],
			[37.476087001,
			0.270819],
			[37.475919,
			0.270770998999978],
			[37.47584,
			0.270770001000017],
			[37.475737,
			0.270827],
			[37.47502,
			0.271284],
			[37.474437,
			0.271681],
			[37.47236,
			0.272652000999983],
			[37.47193,
			0.272815],
			[37.471666001000017,
			0.272892999000021],
			[37.471474,
			0.272933],
			[37.47127,
			0.272939],
			[37.471087,
			0.272979],
			[37.471015,
			0.273005],
			[37.470878001000017,
			0.273104],
			[37.470703,
			0.273232],
			[37.470599,
			0.273325],
			[37.470564001000014,
			0.273336],
			[37.469729,
			0.274143998999989],
			[37.469531001,
			0.274375],
			[37.469211,
			0.274759],
			[37.469031,
			0.275018999],
			[37.468803,
			0.275244],
			[37.46869,
			0.275379],
			[37.468592,
			0.275465],
			[37.468511,
			0.275538000999973],
			[37.468475,
			0.275593999000023],
			[37.468410001,
			0.275656],
			[37.468288,
			0.27579],
			[37.468221001000018,
			0.275857],
			[37.468119,
			0.275945],
			[37.468011,
			0.27605300099998],
			[37.467902001000027,
			0.276174],
			[37.467813,
			0.276289999000028],
			[37.467642001,
			0.276439001000028],
			[37.467484001,
			0.276596],
			[37.467346,
			0.276781],
			[37.467235,
			0.276933],
			[37.46713,
			0.277077],
			[37.466982,
			0.277259],
			[37.466825,
			0.277456],
			[37.466695,
			0.277607000999978],
			[37.46659900100002,
			0.277682],
			[37.466517,
			0.277723001000027],
			[37.466441001000021,
			0.277723],
			[37.466337,
			0.277724],
			[37.46618200099999,
			0.277746],
			[37.466017001000012,
			0.277881001000026],
			[37.465842001,
			0.278054],
			[37.465679,
			0.27822],
			[37.46556,
			0.278372999],
			[37.465480001,
			0.278542],
			[37.465369001,
			0.27870400099999],
			[37.465169,
			0.278918],
			[37.465029,
			0.279146],
			[37.464932,
			0.279334],
			[37.4648,
			0.279521000999978],
			[37.464694001,
			0.279677999],
			[37.464573,
			0.279857],
			[37.464527,
			0.280039],
			[37.464505,
			0.280253],
			[37.464454,
			0.2804],
			[37.464443,
			0.280474001000016],
			[37.464428,
			0.280582],
			[37.464435001000027,
			0.280734],
			[37.464447001,
			0.280853],
			[37.464473000999988,
			0.281059998999979],
			[37.464455,
			0.28109999899999],
			[37.464453192,
			0.281169910000017],
			[37.46445191,
			0.281219471999975],
			[37.464432,
			0.281988999000021],
			[37.46439,
			0.282749],
			[37.464322,
			0.283003],
			[37.464250000999982,
			0.283118],
			[37.464117000999977,
			0.283293999000023],
			[37.464077,
			0.283428999000023],
			[37.464069000999984,
			0.283585],
			[37.464054,
			0.283717],
			[37.464026,
			0.283872],
			[37.464029,
			0.284158999],
			[37.46398,
			0.28428],
			[37.463761,
			0.284386],
			[37.463643,
			0.284397],
			[37.463496,
			0.284445999000013],
			[37.463279,
			0.284519000999978],
			[37.463098,
			0.284584999],
			[37.462930001000018,
			0.284617],
			[37.462778,
			0.284624],
			[37.4626,
			0.284687],
			[37.462435,
			0.284705],
			[37.46227,
			0.284767],
			[37.46213000099999,
			0.284783],
			[37.461988999000027,
			0.284799],
			[37.461698,
			0.284869001],
			[37.461479,
			0.284926000999974],
			[37.461214,
			0.284847],
			[37.461058,
			0.284857000999978],
			[37.460853,
			0.284869],
			[37.460671,
			0.28488],
			[37.460478001000013,
			0.284845],
			[37.460287999,
			0.284818],
			[37.460109000999978,
			0.28481399899999],
			[37.459844001000022,
			0.284825001],
			[37.459613,
			0.284846],
			[37.459268001,
			0.284952],
			[37.459035,
			0.28512100099999],
			[37.458829,
			0.28524299899999],
			[37.458546001,
			0.285337],
			[37.458333,
			0.285482],
			[37.45807700099999,
			0.285668],
			[37.457661,
			0.285906],
			[37.457342000999972,
			0.285970999000028],
			[37.456953,
			0.286212],
			[37.456641,
			0.286254],
			[37.45637100099998,
			0.286266],
			[37.456163,
			0.286274],
			[37.455779998000025,
			0.286293],
			[37.455404000999977,
			0.286393],
			[37.454880998000021,
			0.286429],
			[37.454427,
			0.286467],
			[37.45403,
			0.286485998999979],
			[37.453612,
			0.286549],
			[37.453327,
			0.286573001000022],
			[37.452907,
			0.286587],
			[37.452530001000014,
			0.286597],
			[37.451987,
			0.286539],
			[37.451669431000028,
			0.28652437],
			[37.451618,
			0.286522],
			[37.451522306000015,
			0.286536399],
			[37.451186,
			0.286587],
			[37.450902000999974,
			0.286685998999985],
			[37.450726001000021,
			0.286766],
			[37.450621001,
			0.286779],
			[37.450462,
			0.28684400100002],
			[37.450311,
			0.286940001],
			[37.450155999,
			0.287014],
			[37.449911,
			0.287169],
			[37.449858483000014,
			0.287226902999976],
			[37.449794,
			0.287298],
			[37.449788837000028,
			0.287304837000022],
			[37.449723001,
			0.287391999000022],
			[37.449552,
			0.28749299899999],
			[37.449488,
			0.287532],
			[37.449135,
			0.287690999],
			[37.449003000999987,
			0.28784],
			[37.448786,
			0.287902],
			[37.448771,
			0.28776]],
			[[37.382353,
			0.261591001],
			[37.38241100099998,
			0.26144],
			[37.382468,
			0.26136999900001],
			[37.382517,
			0.261299001],
			[37.382614,
			0.26123],
			[37.382711,
			0.261183999000025],
			[37.382808,
			0.261177],
			[37.382961001000012,
			0.261178],
			[37.382993,
			0.261186999000017],
			[37.383419,
			0.261268998999981],
			[37.383619,
			0.261281],
			[37.383706,
			0.261315],
			[37.383794998999974,
			0.261329999],
			[37.3839,
			0.26137699899999],
			[37.384416,
			0.261494],
			[37.388104000999988,
			0.262398],
			[37.388781000999984,
			0.262549],
			[37.389079,
			0.262645],
			[37.38931,
			0.262717999000017],
			[37.389453,
			0.262792],
			[37.389541001,
			0.262876001],
			[37.38965600099999,
			0.262967999000011],
			[37.389771,
			0.263035],
			[37.389887,
			0.263085],
			[37.389957001000028,
			0.263135],
			[37.390072,
			0.26326000099999],
			[37.39012,
			0.263356],
			[37.390175,
			0.263523],
			[37.390223,
			0.263610001000018],
			[37.390306,
			0.263772001],
			[37.390338000999975,
			0.263882998999975],
			[37.390379000999985,
			0.263976001],
			[37.390427,
			0.264147],
			[37.390460001,
			0.264204999000015],
			[37.390535999,
			0.264382001],
			[37.390571,
			0.264481],
			[37.390597,
			0.264623],
			[37.390606,
			0.26469],
			[37.390606,
			0.264875001],
			[37.390615001000015,
			0.264959],
			[37.390686,
			0.265142001000015],
			[37.39073,
			0.265183],
			[37.390829000999986,
			0.265291],
			[37.390927,
			0.265408],
			[37.391,
			0.265491],
			[37.391072001,
			0.26559199899998],
			[37.391163,
			0.265667999000016],
			[37.391253998000025,
			0.265727],
			[37.391382001000011,
			0.265828],
			[37.391429,
			0.265853],
			[37.39152,
			0.265939],
			[37.391692,
			0.266324999],
			[37.391713,
			0.266487],
			[37.391710000999979,
			0.266564],
			[37.391703998000025,
			0.266759],
			[37.391719001000013,
			0.266887],
			[37.391707000999986,
			0.266997],
			[37.391706,
			0.267108001],
			[37.391715,
			0.267304],
			[37.391724,
			0.267380999000011],
			[37.391751,
			0.267458],
			[37.39179500099999,
			0.267533],
			[37.391874001000019,
			0.267701],
			[37.391918,
			0.267769],
			[37.391971001,
			0.26785300099999],
			[37.392024000999982,
			0.267929],
			[37.392086,
			0.267997],
			[37.392175001,
			0.268046998999978],
			[37.392273,
			0.26807900099999],
			[37.392363,
			0.268156],
			[37.392427,
			0.26823299900002],
			[37.392536,
			0.268371],
			[37.392581,
			0.268457],
			[37.39267300099999,
			0.268588],
			[37.392701,
			0.268631],
			[37.392776001000016,
			0.268772],
			[37.39287,
			0.268939000999978],
			[37.392879,
			0.269009000999972],
			[37.39293600100001,
			0.269142],
			[37.392945,
			0.269266001],
			[37.392963,
			0.26939],
			[37.392962001,
			0.269504],
			[37.392992,
			0.269656],
			[37.392974001000027,
			0.26979699899999],
			[37.392928,
			0.269867],
			[37.392922,
			0.270027998999979],
			[37.392923,
			0.270082],
			[37.392935,
			0.27018099899999],
			[37.392903000999979,
			0.270388001000015],
			[37.392841998999984,
			0.270549001],
			[37.392818001000023,
			0.270667],
			[37.39281,
			0.27080999899999],
			[37.392802,
			0.270962999],
			[37.392803,
			0.271098000999984],
			[37.392757,
			0.271239],
			[37.392759,
			0.271365],
			[37.392768,
			0.271509],
			[37.392836,
			0.271649998999976],
			[37.392903,
			0.271837],
			[37.39296,
			0.272031998999978],
			[37.393003001000011,
			0.272185998999987],
			[37.393073001,
			0.272324],
			[37.393114,
			0.272449],
			[37.393175,
			0.272577999000021],
			[37.393274,
			0.272709],
			[37.393416,
			0.272889],
			[37.393469001000028,
			0.272908998999981],
			[37.393586,
			0.272918],
			[37.393697,
			0.272923],
			[37.39379900099999,
			0.272909001000016],
			[37.393883,
			0.272877000999983],
			[37.394001,
			0.272842],
			[37.394079,
			0.272812999],
			[37.394153,
			0.272766],
			[37.39422600099999,
			0.272736],
			[37.394275,
			0.272690999000019],
			[37.394378001,
			0.272614],
			[37.394454,
			0.272621],
			[37.394565,
			0.27257],
			[37.394629,
			0.272576001],
			[37.394766,
			0.272547001000021],
			[37.394811000999987,
			0.272542],
			[37.39491700100001,
			0.272565000999975],
			[37.395050001000016,
			0.272642],
			[37.395153,
			0.272694],
			[37.395243,
			0.272797],
			[37.39539,
			0.272947999],
			[37.395501001000014,
			0.273009],
			[37.395582,
			0.273082999],
			[37.395648,
			0.273177],
			[37.395689,
			0.273245998999982],
			[37.395753,
			0.273312],
			[37.395890001,
			0.273418],
			[37.395963,
			0.273472001000016],
			[37.396093,
			0.27359400099999],
			[37.39615,
			0.27360199899999],
			[37.396324,
			0.27364799899999],
			[37.396407999000019,
			0.273683],
			[37.396519,
			0.273667],
			[37.396589,
			0.273652998999978],
			[37.396668,
			0.273615],
			[37.396843000999979,
			0.2736],
			[37.396956,
			0.273606],
			[37.397096,
			0.273612],
			[37.397296,
			0.273644],
			[37.397411,
			0.273649],
			[37.397552001,
			0.273652998999978],
			[37.39771,
			0.273658001],
			[37.397861,
			0.273662],
			[37.397958,
			0.273681],
			[37.398108001000026,
			0.273694],
			[37.398197001000028,
			0.273704],
			[37.398329,
			0.273715],
			[37.398485,
			0.273776000999987],
			[37.398551,
			0.27385],
			[37.398712,
			0.273968001000014],
			[37.398876,
			0.27401],
			[37.398986,
			0.274103],
			[37.39902200099999,
			0.274173999000027],
			[37.399074000999974,
			0.274252],
			[37.399127,
			0.274322],
			[37.399155001,
			0.27441],
			[37.399158,
			0.274491],
			[37.399194,
			0.274568999],
			[37.399195,
			0.274688],
			[37.399193001000015,
			0.274795],
			[37.399217001000011,
			0.274870001000011],
			[37.399295,
			0.274962],
			[37.39936,
			0.275018],
			[37.399442,
			0.275049],
			[37.399558,
			0.275096],
			[37.399660000999972,
			0.27514700099999],
			[37.399753001000022,
			0.275206],
			[37.399828,
			0.275295998999979],
			[37.399916001,
			0.275439],
			[37.399945,
			0.275516],
			[37.400011,
			0.275588998999979],
			[37.400092001000019,
			0.275675],
			[37.40012600099999,
			0.275787],
			[37.40019,
			0.275873],
			[37.400286,
			0.275990998999987],
			[37.400393,
			0.276019],
			[37.400447,
			0.276064],
			[37.400492998,
			0.276119],
			[37.40054,
			0.276204001],
			[37.400624,
			0.276343],
			[37.400632,
			0.276351],
			[37.400671,
			0.276468],
			[37.400717,
			0.276554001000022],
			[37.400801,
			0.276629999000022],
			[37.400878001000024,
			0.276698001],
			[37.40102,
			0.276746],
			[37.401145,
			0.276746],
			[37.401231,
			0.276729],
			[37.401348000999974,
			0.276729000999978],
			[37.401481,
			0.276705],
			[37.401622998999983,
			0.276698],
			[37.401695,
			0.276692],
			[37.401814,
			0.276700999000013],
			[37.401903000999987,
			0.27679],
			[37.401985,
			0.27684],
			[37.402050001000021,
			0.276881],
			[37.402190001,
			0.276981],
			[37.40228,
			0.277039],
			[37.402297,
			0.277158],
			[37.40232,
			0.277228],
			[37.402341,
			0.277360000999977],
			[37.402356000999987,
			0.277476998999987],
			[37.402419,
			0.277588],
			[37.402466,
			0.277674],
			[37.402529,
			0.277792001000023],
			[37.402568,
			0.277887],
			[37.402623001,
			0.277988999],
			[37.40266200100001,
			0.278091999000026],
			[37.4027,
			0.27821799899999],
			[37.402731,
			0.278320001],
			[37.40273700099999,
			0.278431],
			[37.402767998,
			0.278517998999973],
			[37.402775,
			0.278693001000022],
			[37.402781,
			0.278836],
			[37.402781,
			0.27894],
			[37.40278,
			0.279052],
			[37.40278,
			0.279147998999974],
			[37.402779,
			0.279236],
			[37.402779,
			0.279341000999978],
			[37.402777,
			0.279469],
			[37.402761000999988,
			0.279614],
			[37.402761000999988,
			0.279741999],
			[37.402761,
			0.279863],
			[37.402761,
			0.280032],
			[37.402761,
			0.280056],
			[37.402736,
			0.280273],
			[37.402728,
			0.280386],
			[37.402728001000014,
			0.280515],
			[37.402728001000014,
			0.280650998999988],
			[37.402672,
			0.280763],
			[37.402664,
			0.280908],
			[37.40259,
			0.281046],
			[37.402582,
			0.281127001000016],
			[37.402574,
			0.281232],
			[37.402533,
			0.281393],
			[37.402485,
			0.281555],
			[37.402492,
			0.281621],
			[37.402523,
			0.28172],
			[37.402570001000015,
			0.281811],
			[37.402610001000028,
			0.281902],
			[37.402689,
			0.281993],
			[37.402705,
			0.282092],
			[37.402720000999977,
			0.282232],
			[37.402702001000023,
			0.282332999],
			[37.402676000999975,
			0.282435],
			[37.40262400099999,
			0.282648],
			[37.402616,
			0.282656],
			[37.40259,
			0.28275],
			[37.402604000999986,
			0.282870999000011],
			[37.402619,
			0.282966000999977],
			[37.402649,
			0.283122000999981],
			[37.402680001000022,
			0.28321],
			[37.40271,
			0.283356001000016],
			[37.402758,
			0.283478],
			[37.402797,
			0.283584],
			[37.402845,
			0.283715],
			[37.402885,
			0.283805],
			[37.402908,
			0.283921],
			[37.402988,
			0.284077998999976],
			[37.403061,
			0.284269],
			[37.40317600100002,
			0.284394999000028],
			[37.403259,
			0.284528998999974],
			[37.403358,
			0.284622],
			[37.403425,
			0.284714999000016],
			[37.403567,
			0.284843001000013],
			[37.40366,
			0.284885998999982],
			[37.403727,
			0.284963],
			[37.403862,
			0.285006],
			[37.40399,
			0.28511],
			[37.404041,
			0.285205],
			[37.404067,
			0.285292],
			[37.404137,
			0.285536],
			[37.40422300099999,
			0.285659],
			[37.404292,
			0.285763],
			[37.404456001000028,
			0.285921],
			[37.404604,
			0.286122998999986],
			[37.404717,
			0.286212],
			[37.404848001,
			0.28626699900002],
			[37.404954,
			0.286366000999976],
			[37.405088,
			0.286468],
			[37.405171000999985,
			0.286588999],
			[37.405288,
			0.286657],
			[37.40537,
			0.286705000999973],
			[37.40546100099999,
			0.286755],
			[37.405638,
			0.286927],
			[37.405750001,
			0.287006],
			[37.405872,
			0.287149],
			[37.405995,
			0.287239],
			[37.406032,
			0.28732899900001],
			[37.406127,
			0.287446],
			[37.406159,
			0.287564],
			[37.406291,
			0.287656],
			[37.406444001000011,
			0.287695],
			[37.406553,
			0.287771],
			[37.406703,
			0.287866001],
			[37.406824,
			0.287944001000028],
			[37.406956,
			0.288048999000011],
			[37.407133000999977,
			0.288122],
			[37.407367001000011,
			0.288287],
			[37.407446,
			0.28832],
			[37.407557,
			0.288478],
			[37.407623,
			0.288539],
			[37.407724,
			0.288602],
			[37.407814,
			0.288685],
			[37.407986,
			0.288842],
			[37.40819000099998,
			0.28889],
			[37.408338,
			0.288965001],
			[37.408433,
			0.289028],
			[37.408577,
			0.289022000999978],
			[37.408723,
			0.28901700099999],
			[37.408812,
			0.289075],
			[37.409039999000015,
			0.289063],
			[37.409221,
			0.289058],
			[37.409342,
			0.289064],
			[37.409461,
			0.289149999000017],
			[37.409653,
			0.289173999000013],
			[37.409762,
			0.289236001],
			[37.409912,
			0.289297],
			[37.410134,
			0.289356000999987],
			[37.41025,
			0.289474],
			[37.410377000999972,
			0.289568],
			[37.410492,
			0.289686],
			[37.410608,
			0.2898],
			[37.410683,
			0.289993],
			[37.410859,
			0.290203],
			[37.411071,
			0.290491],
			[37.41115,
			0.290610001],
			[37.411255000999972,
			0.290706999],
			[37.411348,
			0.290803000999972],
			[37.411469,
			0.290899],
			[37.411525,
			0.290988],
			[37.411629,
			0.291085],
			[37.411716,
			0.291174001],
			[37.411853001,
			0.291273000999979],
			[37.412016,
			0.291411],
			[37.412101,
			0.29146],
			[37.412226001000022,
			0.29156899899999],
			[37.412306,
			0.29169],
			[37.412425,
			0.29183100099999],
			[37.412501,
			0.291963],
			[37.412512000999982,
			0.292092998999976],
			[37.412605,
			0.292202],
			[37.412676001000023,
			0.292272],
			[37.412857,
			0.292294],
			[37.412948,
			0.292374],
			[37.413155001,
			0.292476],
			[37.413265,
			0.292528],
			[37.413326,
			0.292578],
			[37.413495,
			0.292661001],
			[37.413585,
			0.292702],
			[37.413726000999986,
			0.292785],
			[37.413858,
			0.292886],
			[37.414011,
			0.292986],
			[37.41416300100002,
			0.29310300100002],
			[37.414293,
			0.293219],
			[37.414495000999977,
			0.293293],
			[37.414596001,
			0.29338],
			[37.414697,
			0.29341],
			[37.414797,
			0.293451],
			[37.414936,
			0.293544],
			[37.415044,
			0.293667001000017],
			[37.415168,
			0.293872],
			[37.415245,
			0.294002],
			[37.415364001,
			0.294112],
			[37.415461,
			0.294251001000021],
			[37.41558,
			0.294329999000013],
			[37.415679,
			0.29436],
			[37.415742211,
			0.29441601000002],
			[37.415758,
			0.29443],
			[37.415846000999977,
			0.294509],
			[37.416028,
			0.29450900099999],
			[37.416244999000014,
			0.294508999000016],
			[37.416391,
			0.294508999000016],
			[37.416528,
			0.294509],
			[37.416674998000019,
			0.294508001],
			[37.416844,
			0.294539000999976],
			[37.417035,
			0.294559],
			[37.417351998000015,
			0.29456],
			[37.417553,
			0.294604],
			[37.417891,
			0.294606],
			[37.418059001000017,
			0.294607],
			[37.418522,
			0.294646],
			[37.418782,
			0.294685],
			[37.419180000999972,
			0.294702998999981],
			[37.419525001000011,
			0.294853000999979],
			[37.419746,
			0.294937],
			[37.41995,
			0.294996001000015],
			[37.420152,
			0.294959],
			[37.420194,
			0.294931],
			[37.420329,
			0.294861],
			[37.420423001000017,
			0.294859],
			[37.420643000999974,
			0.294843],
			[37.420818,
			0.294841001],
			[37.42098,
			0.294837],
			[37.421194001,
			0.294883],
			[37.424974,
			0.295009],
			[37.426581000999988,
			0.295102],
			[37.428503001000024,
			0.295280000999981],
			[37.428837,
			0.29531099899998],
			[37.429355,
			0.295369000999983],
			[37.429728,
			0.295338],
			[37.430160597999986,
			0.295261611],
			[37.430249,
			0.295246],
			[37.430475984,
			0.29519824499999],
			[37.430634000999987,
			0.295165],
			[37.430962494000028,
			0.295005833],
			[37.431216001,
			0.294883],
			[37.43183000099998,
			0.294592],
			[37.432440000999975,
			0.294372],
			[37.437372,
			0.292290001000026],
			[37.4383,
			0.291919001],
			[37.438798,
			0.291735],
			[37.43919,
			0.291553],
			[37.439715,
			0.291383],
			[37.440197,
			0.291167998999981],
			[37.440587000999983,
			0.291012001000013],
			[37.440974,
			0.290816999000015],
			[37.440938001,
			0.29076],
			[37.440867,
			0.290706],
			[37.440779,
			0.290621],
			[37.440675,
			0.290535],
			[37.440667,
			0.290383001],
			[37.440727,
			0.290312],
			[37.440794,
			0.29026],
			[37.440845001000014,
			0.290224],
			[37.440987,
			0.290145],
			[37.441104,
			0.290132],
			[37.441269001000023,
			0.290108998999983],
			[37.441436,
			0.290142],
			[37.441513,
			0.29016199900002],
			[37.441606,
			0.290161],
			[37.441709,
			0.290182],
			[37.441804,
			0.290209],
			[37.441962,
			0.290257999],
			[37.442059,
			0.290286],
			[37.44215,
			0.290329],
			[37.443265,
			0.289851],
			[37.44396,
			0.289456001000019],
			[37.444324,
			0.289299],
			[37.445101001000012,
			0.289005],
			[37.445476000999975,
			0.288854],
			[37.445951001000026,
			0.288696999000024],
			[37.446140001,
			0.288644],
			[37.447739999000021,
			0.288014001000022]],
			[[37.469953001000022,
			0.22484],
			[37.470126,
			0.224868001],
			[37.470255001,
			0.224867],
			[37.470350999,
			0.224856999],
			[37.470512000999975,
			0.224797],
			[37.470731,
			0.224737],
			[37.470894000999976,
			0.224716],
			[37.471134,
			0.22465599899999],
			[37.471342,
			0.224547],
			[37.47155200100002,
			0.224458],
			[37.47169,
			0.224388],
			[37.47195,
			0.22428],
			[37.472128,
			0.22422000099999],
			[37.472316001000024,
			0.224200000999986],
			[37.472466,
			0.224212],
			[37.472566,
			0.224234],
			[37.472676,
			0.224296],
			[37.472814001000017,
			0.224317],
			[37.473,
			0.22434800100001],
			[37.473148,
			0.224327],
			[37.473337,
			0.224234],
			[37.473587,
			0.224161001000027],
			[37.473859,
			0.22411599899999],
			[37.474041000999989,
			0.224114000999975],
			[37.474222,
			0.224173],
			[37.474362000999974,
			0.224273],
			[37.474502,
			0.224433],
			[37.474629,
			0.224644],
			[37.474836001000028,
			0.224742],
			[37.474951,
			0.224781],
			[37.475106000999972,
			0.224861],
			[37.475259,
			0.224891],
			[37.475441,
			0.224952],
			[37.475527000999989,
			0.225063],
			[37.475515,
			0.225223],
			[37.475523,
			0.225343001],
			[37.475501,
			0.225433],
			[37.475539001000016,
			0.225582],
			[37.475619,
			0.225712],
			[37.475709,
			0.225802],
			[37.475923001000012,
			0.225946],
			[37.476015,
			0.226039],
			[37.476132001,
			0.226186],
			[37.476251,
			0.226334],
			[37.476322,
			0.226409],
			[37.476489999000023,
			0.226561999000012],
			[37.476594,
			0.226715001],
			[37.47678,
			0.22685400099999],
			[37.476854999000011,
			0.226964],
			[37.476952,
			0.227095],
			[37.477161,
			0.227255],
			[37.47721,
			0.227245]],
			[[37.408015,
			0.22703],
			[37.407839001000013,
			0.227537],
			[37.407794,
			0.227738],
			[37.407748,
			0.227923],
			[37.407681,
			0.228074999],
			[37.407642001,
			0.228172],
			[37.407603000999984,
			0.228318],
			[37.407564,
			0.228444],
			[37.407535000999985,
			0.228561],
			[37.407456,
			0.228746],
			[37.407406,
			0.228883],
			[37.407377,
			0.229011],
			[37.407317001000024,
			0.229168999000024],
			[37.407297,
			0.229269000999977],
			[37.407227,
			0.229528001],
			[37.407187001000011,
			0.229628],
			[37.407136,
			0.229718],
			[37.407095,
			0.229890001],
			[37.407003,
			0.230073],
			[37.406972,
			0.230165],
			[37.406859,
			0.230339],
			[37.406828,
			0.230432],
			[37.406744,
			0.230545],
			[37.406692,
			0.230711],
			[37.40664,
			0.230845999],
			[37.406577001000016,
			0.230951],
			[37.406514,
			0.231076],
			[37.406408,
			0.231265],
			[37.40627100099999,
			0.231444],
			[37.406133,
			0.231508],
			[37.406006,
			0.231531],
			[37.405835001000014,
			0.231532],
			[37.405772001,
			0.231596],
			[37.405697001000021,
			0.231681],
			[37.405579,
			0.231799001000013],
			[37.405493001000025,
			0.232],
			[37.405364001,
			0.23214],
			[37.405287999,
			0.232226],
			[37.405169,
			0.232377],
			[37.405115,
			0.232451998999977],
			[37.405017,
			0.232569],
			[37.404920000999986,
			0.232738],
			[37.404843,
			0.232833001000017],
			[37.404789,
			0.232929001],
			[37.404681,
			0.233152],
			[37.404582000999987,
			0.233311999000023],
			[37.404527,
			0.233451],
			[37.404484001000014,
			0.233622],
			[37.404428000999985,
			0.233749999],
			[37.404363000999979,
			0.233879],
			[37.404331,
			0.234081999000011],
			[37.404297,
			0.234178000999975],
			[37.404242001,
			0.234393],
			[37.404175,
			0.234576],
			[37.404175,
			0.234662],
			[37.404117998,
			0.234889],
			[37.404097,
			0.235017001000017],
			[37.404100001000018,
			0.235166],
			[37.404102998999974,
			0.235293],
			[37.404093000999978,
			0.2354],
			[37.404049000999976,
			0.235518],
			[37.404051,
			0.235678],
			[37.404051998999989,
			0.235805],
			[37.404054,
			0.235932],
			[37.404067,
			0.236069],
			[37.404114,
			0.236279001000014],
			[37.404126997999981,
			0.236437001000013],
			[37.404163,
			0.236603],
			[37.404231,
			0.236747],
			[37.404385,
			0.2369],
			[37.404468,
			0.236977001000014],
			[37.404573,
			0.237022],
			[37.404752,
			0.237023998999973],
			[37.404783,
			0.237035],
			[37.404889,
			0.237047],
			[37.405173,
			0.237149000999977],
			[37.405236,
			0.237194],
			[37.405425001000026,
			0.237361],
			[37.405583,
			0.237484],
			[37.405753,
			0.237564999000028],
			[37.405891000999986,
			0.23757000099999],
			[37.406210000999977,
			0.237538],
			[37.406221001,
			0.237538],
			[37.406360001,
			0.237543],
			[37.406618,
			0.237464],
			[37.406748,
			0.237312],
			[37.406930999,
			0.23723800099998],
			[37.40707100100002,
			0.237174],
			[37.40715799899999,
			0.237175],
			[37.407364,
			0.237257],
			[37.407526,
			0.237259],
			[37.407777,
			0.237296],
			[37.407952,
			0.237401],
			[37.408105001000024,
			0.237471],
			[37.408194,
			0.237552],
			[37.408305,
			0.237623],
			[37.408415,
			0.237672],
			[37.408525,
			0.23770600099999],
			[37.408734001000028,
			0.237785],
			[37.408867,
			0.237866],
			[37.408967,
			0.237923],
			[37.409088,
			0.237969],
			[37.409231,
			0.238026],
			[37.409409,
			0.238105999000027],
			[37.409587,
			0.238198001],
			[37.409787999,
			0.238303],
			[37.409899,
			0.23838100099999],
			[37.41003200099999,
			0.238511],
			[37.410066,
			0.238576998999974],
			[37.410133,
			0.238697],
			[37.410278,
			0.238773],
			[37.410391000999986,
			0.238860999],
			[37.410571999000013,
			0.238938],
			[37.410721,
			0.239083],
			[37.410871000999975,
			0.239206],
			[37.411046,
			0.239353],
			[37.411175001,
			0.239502],
			[37.411223999000015,
			0.239673],
			[37.411249,
			0.239833001000022],
			[37.411286,
			0.239983],
			[37.411368998,
			0.240110001],
			[37.411488001,
			0.24027300099999],
			[37.411561,
			0.240436],
			[37.411693,
			0.240659],
			[37.411791,
			0.24086],
			[37.411901,
			0.241062000999989],
			[37.412037,
			0.241185],
			[37.412173,
			0.241285],
			[37.412190001,
			0.241453],
			[37.412278,
			0.241552999000021],
			[37.412370001,
			0.24175],
			[37.412434,
			0.241873],
			[37.412524001,
			0.242009999],
			[37.412604000999977,
			0.242209],
			[37.412699001000021,
			0.242388],
			[37.412704,
			0.242548],
			[37.412659,
			0.242779],
			[37.412602,
			0.242985],
			[37.412579000999983,
			0.243094],
			[37.412537998999987,
			0.243236001000014],
			[37.412545,
			0.24339],
			[37.412589,
			0.243583],
			[37.412667000999988,
			0.243725],
			[37.412699,
			0.243894001],
			[37.41273,
			0.244037999],
			[37.412776001,
			0.244249],
			[37.412821,
			0.244447],
			[37.412851998,
			0.244604001000027],
			[37.412940000999981,
			0.244778],
			[37.413049,
			0.244839999000021],
			[37.413125,
			0.244763],
			[37.413252,
			0.244661],
			[37.413329,
			0.244497],
			[37.413390998000011,
			0.244398000999979],
			[37.413564,
			0.2442],
			[37.413627001,
			0.244077],
			[37.413688,
			0.243978],
			[37.413787,
			0.243794],
			[37.413873001000013,
			0.243696000999989],
			[37.413897,
			0.243697],
			[37.414154000999986,
			0.24356099900001],
			[37.414288000999989,
			0.243498999],
			[37.414409998999986,
			0.243462],
			[37.414569,
			0.243375],
			[37.414716,
			0.243373],
			[37.414923,
			0.243392],
			[37.41516500099999,
			0.243363000999977],
			[37.415298001,
			0.243276],
			[37.415418,
			0.243187998999986],
			[37.415465,
			0.243115],
			[37.415620000999979,
			0.243028],
			[37.415902001,
			0.242986],
			[37.416064,
			0.243039999000018],
			[37.416292000999988,
			0.243079],
			[37.416504,
			0.242978],
			[37.41668,
			0.242879001],
			[37.416965,
			0.242747],
			[37.417018,
			0.242586],
			[37.417039000999978,
			0.242495],
			[37.417103,
			0.242302],
			[37.417256,
			0.242127000999972],
			[37.417291001000024,
			0.242065001000014],
			[37.417373,
			0.241942],
			[37.41742100099998,
			0.241811],
			[37.417467,
			0.241694],
			[37.417513000999975,
			0.241578],
			[37.417648,
			0.24157],
			[37.417805000999977,
			0.241515],
			[37.418038,
			0.241367],
			[37.418147,
			0.241273998999986],
			[37.418245001,
			0.241214],
			[37.418332,
			0.241056],
			[37.418439,
			0.240845],
			[37.41862,
			0.240576001000022],
			[37.419062000999986,
			0.239729],
			[37.419242,
			0.239423999],
			[37.419298998999977,
			0.23921599900001],
			[37.419317,
			0.239093],
			[37.419434,
			0.23900100100002],
			[37.41950300100001,
			0.238971],
			[37.41963,
			0.238941],
			[37.419768,
			0.23881],
			[37.420324000999983,
			0.238167],
			[37.420479,
			0.23811],
			[37.420606,
			0.238112],
			[37.420754,
			0.238103001000013],
			[37.420854,
			0.238073],
			[37.420966,
			0.238052],
			[37.421067000999983,
			0.238021],
			[37.421240001,
			0.237990001000014],
			[37.421444998000027,
			0.237918001000025],
			[37.421516,
			0.237918],
			[37.421686,
			0.237888],
			[37.421746,
			0.237858],
			[37.42194,
			0.237837],
			[37.422028,
			0.237857],
			[37.422038,
			0.238018001],
			[37.42209900099999,
			0.238209],
			[37.422130001000028,
			0.238379],
			[37.422121,
			0.238499999],
			[37.422112001000016,
			0.23866],
			[37.422083,
			0.238811],
			[37.422052001,
			0.238923],
			[37.422002,
			0.239044],
			[37.421983,
			0.239155000999972],
			[37.421933,
			0.239267],
			[37.421904,
			0.239449],
			[37.421895001,
			0.239572],
			[37.421151,
			0.247932],
			[37.421266,
			0.248064],
			[37.421417001,
			0.248196],
			[37.421545,
			0.248367],
			[37.421639,
			0.248493],
			[37.421803,
			0.248551],
			[37.421945,
			0.248583],
			[37.422087,
			0.248629],
			[37.422265,
			0.248637998999982],
			[37.422395998000013,
			0.248643],
			[37.422525,
			0.24862],
			[37.422581998999988,
			0.248579999000015],
			[37.422809001000019,
			0.248589001000028],
			[37.422972,
			0.24869300099999],
			[37.423118000999978,
			0.248855],
			[37.423301,
			0.248992],
			[37.423435,
			0.249114],
			[37.423576,
			0.24927],
			[37.423708,
			0.249476001],
			[37.42384800100001,
			0.249638],
			[37.424011,
			0.24984],
			[37.424098,
			0.250007000999972],
			[37.424189001,
			0.250196],
			[37.42428,
			0.250335999000015],
			[37.424357,
			0.250375],
			[37.42456,
			0.25026],
			[37.424624,
			0.250171],
			[37.424714000999984,
			0.250003999],
			[37.424709001,
			0.249804],
			[37.42466600099999,
			0.249682],
			[37.424559,
			0.249477],
			[37.424557000999982,
			0.24938000100002],
			[37.424669,
			0.249243],
			[37.424834,
			0.249176],
			[37.424902,
			0.24914800099998],
			[37.425039,
			0.249025],
			[37.425126,
			0.249000001000013],
			[37.425202,
			0.248999],
			[37.425362,
			0.249013],
			[37.425462,
			0.249018],
			[37.425649001000011,
			0.248981],
			[37.425755,
			0.248932],
			[37.425809,
			0.248883998999986],
			[37.425865,
			0.248853],
			[37.425952,
			0.248792],
			[37.426005,
			0.248751998999978],
			[37.42608,
			0.248652],
			[37.426091,
			0.248529999000027],
			[37.426137,
			0.248422],
			[37.42617400099999,
			0.248321998999984],
			[37.426218,
			0.248197999000013],
			[37.426327,
			0.248146],
			[37.426407000999973,
			0.248069],
			[37.426458,
			0.248043],
			[37.426529,
			0.247941001000015],
			[37.426593,
			0.24788999899999],
			[37.426701,
			0.247839],
			[37.426912001,
			0.247793],
			[37.427086,
			0.247766],
			[37.427288001000022,
			0.247738998999978],
			[37.4274,
			0.247744],
			[37.427526,
			0.247763],
			[37.427647,
			0.24780099899999],
			[37.427792,
			0.247807],
			[37.427952,
			0.24773],
			[37.428041,
			0.247672],
			[37.428127,
			0.247576],
			[37.428213001000017,
			0.247487001000025],
			[37.42831,
			0.247386],
			[37.428386,
			0.247367],
			[37.428455,
			0.247287],
			[37.428531,
			0.247166],
			[37.428598001000012,
			0.247056],
			[37.42867800099998,
			0.246941],
			[37.42877,
			0.246885],
			[37.428915,
			0.246831],
			[37.429074,
			0.24679],
			[37.429196,
			0.246741],
			[37.429411,
			0.246704],
			[37.429557000999978,
			0.246645999],
			[37.429606,
			0.246574001],
			[37.429759,
			0.246522998999978],
			[37.429879,
			0.246462],
			[37.429987,
			0.24636],
			[37.430023999000014,
			0.246303],
			[37.43007400099998,
			0.246252],
			[37.430104001000018,
			0.246189],
			[37.430146,
			0.246123],
			[37.430173,
			0.246057],
			[37.4302,
			0.245928],
			[37.430212000999973,
			0.245819000999973],
			[37.430264,
			0.24575199899999],
			[37.430309231000024,
			0.245742012999983],
			[37.430341,
			0.245735],
			[37.430359,
			0.245825998999976],
			[37.43036,
			0.245883999],
			[37.430333001,
			0.245962999000028],
			[37.430328,
			0.246059],
			[37.430300000999978,
			0.246131999],
			[37.430302,
			0.246227998999984],
			[37.430304,
			0.246311],
			[37.430286001000013,
			0.246407],
			[37.43023,
			0.246478],
			[37.430149,
			0.246586],
			[37.430079,
			0.246669],
			[37.429989,
			0.246744998999986],
			[37.429934,
			0.246795],
			[37.429831001000025,
			0.246876],
			[37.429783,
			0.246927],
			[37.429678001000013,
			0.247037],
			[37.429624,
			0.247102],
			[37.429556,
			0.247202],
			[37.429499001000011,
			0.247261998999988],
			[37.429431,
			0.247374],
			[37.429386001000012,
			0.247447],
			[37.429356,
			0.247556],
			[37.429282,
			0.247683],
			[37.429254001,
			0.247747],
			[37.429230999000026,
			0.247817],
			[37.429211,
			0.247953],
			[37.4292,
			0.248055],
			[37.429167,
			0.248145],
			[37.429162001,
			0.24822100099999],
			[37.429118,
			0.248328999000023],
			[37.429029,
			0.248502],
			[37.42901,
			0.248553001],
			[37.428938999000025,
			0.248642001],
			[37.428860998,
			0.248729998999977],
			[37.428808,
			0.248806],
			[37.428745,
			0.248917],
			[37.428694001,
			0.248999],
			[37.428624001,
			0.249107],
			[37.42857200100002,
			0.249201],
			[37.428515,
			0.249283],
			[37.428425000999987,
			0.249441],
			[37.428365,
			0.249557],
			[37.428365,
			0.24956199899998],
			[37.42832,
			0.249654],
			[37.428204,
			0.249778999],
			[37.428142,
			0.249803],
			[37.428076,
			0.249859],
			[37.428052,
			0.24991799899999],
			[37.428006001000028,
			0.249992],
			[37.427955,
			0.250062],
			[37.427884,
			0.250177],
			[37.427844,
			0.250245],
			[37.427714001000027,
			0.251277],
			[37.427737001000025,
			0.251352],
			[37.427788,
			0.251473],
			[37.427834,
			0.251513000999978],
			[37.427897001000019,
			0.251587],
			[37.427937,
			0.251633],
			[37.427971,
			0.25169],
			[37.428022,
			0.25177],
			[37.428079001000015,
			0.251827000999981],
			[37.428141,
			0.2519],
			[37.428187001000026,
			0.251979999000014],
			[37.428234001000021,
			0.252086],
			[37.428261,
			0.252205],
			[37.428264,
			0.252291],
			[37.428266,
			0.252358999000023],
			[37.42827,
			0.252462001000026],
			[37.428303001000018,
			0.252601],
			[37.428329,
			0.252681999],
			[37.428331,
			0.252752],
			[37.428316999,
			0.25284],
			[37.428242001,
			0.252933],
			[37.428161,
			0.253058001],
			[37.42809,
			0.25316],
			[37.428012,
			0.253257],
			[37.427949997999974,
			0.253342998999983],
			[37.42785,
			0.253471],
			[37.427819,
			0.253519],
			[37.427794,
			0.253573],
			[37.427762001000019,
			0.253645001],
			[37.427724001,
			0.253716000999987],
			[37.427655,
			0.253827999],
			[37.427624001000027,
			0.253893],
			[37.427599000999976,
			0.253963],
			[37.427556,
			0.254046],
			[37.42752500099999,
			0.25414],
			[37.427575999,
			0.254224],
			[37.427616,
			0.25428],
			[37.427643,
			0.254347],
			[37.42767,
			0.25443],
			[37.427766001,
			0.254534001000025],
			[37.42783300100001,
			0.254599],
			[37.427968,
			0.254656],
			[37.428036,
			0.254676001],
			[37.428092,
			0.254696],
			[37.428176001,
			0.254716],
			[37.428242,
			0.254752],
			[37.42831300099999,
			0.254793],
			[37.428374,
			0.254819],
			[37.428445,
			0.254849],
			[37.428537,
			0.254906],
			[37.428634,
			0.254962],
			[37.428762,
			0.255027],
			[37.42881,
			0.255062],
			[37.428912,
			0.25508],
			[37.428978001000019,
			0.255118],
			[37.429052,
			0.255174999000019],
			[37.429092001000015,
			0.255215],
			[37.429138,
			0.25526],
			[37.429183,
			0.255306],
			[37.429268,
			0.255395],
			[37.429318001000013,
			0.255429000999982],
			[37.429406,
			0.255511999000021],
			[37.429506,
			0.255578],
			[37.429566001000012,
			0.255600001],
			[37.429621,
			0.255644],
			[37.429719,
			0.255732],
			[37.429801,
			0.25583],
			[37.42983300100002,
			0.255857],
			[37.429893,
			0.255889],
			[37.429958000999989,
			0.255932],
			[37.43001099899999,
			0.255975],
			[37.430087,
			0.256035],
			[37.430183000999989,
			0.256115],
			[37.430260001000022,
			0.256202],
			[37.430309,
			0.256246],
			[37.430417,
			0.256311000999972],
			[37.430483,
			0.256365],
			[37.430554,
			0.256415],
			[37.430625,
			0.256448001000024],
			[37.43071,
			0.256493]],
			[[37.391856,
			0.241018],
			[37.391523,
			0.241548998999974],
			[37.391559001000019,
			0.241774998999972],
			[37.391595,
			0.241963],
			[37.391594,
			0.242169],
			[37.391684,
			0.242484],
			[37.39168300099999,
			0.242779000999974],
			[37.391683,
			0.242998999],
			[37.391682,
			0.243219],
			[37.39168200099999,
			0.243585],
			[37.391681,
			0.243859],
			[37.391644,
			0.244277],
			[37.391644,
			0.24435],
			[37.39148000099999,
			0.244841],
			[37.391481,
			0.244931999000016],
			[37.391316999000026,
			0.245296],
			[37.391154001000018,
			0.245626],
			[37.39099,
			0.245882000999984],
			[37.390807,
			0.246064],
			[37.390642999000022,
			0.246324001],
			[37.390386,
			0.246619],
			[37.390185,
			0.246727],
			[37.389872,
			0.246917],
			[37.389429,
			0.246977],
			[37.38913100100001,
			0.247056],
			[37.38884500099999,
			0.247274],
			[37.388442,
			0.248194],
			[37.386683,
			0.252023],
			[37.386479,
			0.252036],
			[37.386301,
			0.251998],
			[37.386123000999987,
			0.251999],
			[37.386008,
			0.25196],
			[37.385818,
			0.25191],
			[37.385754001,
			0.251897],
			[37.384644,
			0.251746],
			[37.384504,
			0.251695],
			[37.383463,
			0.25102],
			[37.382866,
			0.250551],
			[37.382322,
			0.250172],
			[37.382038,
			0.25007],
			[37.381555,
			0.250005],
			[37.381328000999986,
			0.250055],
			[37.381187,
			0.250218999000026],
			[37.381079,
			0.250384000999986],
			[37.380926000999978,
			0.25057499899998],
			[37.38092500099998,
			0.25069],
			[37.380923,
			0.250894],
			[37.380971,
			0.251022001000024],
			[37.381019,
			0.251278001],
			[37.381054,
			0.251418999],
			[37.38107800099999,
			0.251675],
			[37.381029001,
			0.251854],
			[37.380931001000022,
			0.252006],
			[37.380832,
			0.25212],
			[37.380709,
			0.252233],
			[37.380599,
			0.252334],
			[37.380464,
			0.252472],
			[37.380256,
			0.252608001],
			[37.380143001000022,
			0.252684000999977],
			[37.380028,
			0.252747999],
			[37.379764001000012,
			0.252785],
			[37.379634,
			0.252837000999989],
			[37.379467001000023,
			0.252863],
			[37.379326000999981,
			0.252864000999978],
			[37.379058,
			0.252864],
			[37.378956,
			0.252864],
			[37.37894,
			0.25293399899999],
			[37.378847,
			0.253045],
			[37.378811,
			0.253171],
			[37.378843997999979,
			0.253346001000011],
			[37.378907001000016,
			0.253621],
			[37.378955,
			0.253893],
			[37.378953,
			0.254226],
			[37.378768001000026,
			0.254428],
			[37.378656998999986,
			0.254662],
			[37.378565,
			0.254885],
			[37.378525001000014,
			0.255037],
			[37.37850400100001,
			0.255322],
			[37.378525,
			0.255758],
			[37.378523001000019,
			0.256002],
			[37.378572001,
			0.256196],
			[37.378707001,
			0.256276],
			[37.378871,
			0.256417],
			[37.379180001,
			0.256628],
			[37.379445,
			0.256818],
			[37.379615,
			0.257013],
			[37.379844999,
			0.257239],
			[37.379965,
			0.257405],
			[37.380055001000017,
			0.257509],
			[37.380196,
			0.257685],
			[37.380349,
			0.257819],
			[37.38047000099999,
			0.257984],
			[37.380581999000015,
			0.258204],
			[37.380662001000019,
			0.258424],
			[37.380733,
			0.258624],
			[37.380794001000027,
			0.258836],
			[37.380845001000012,
			0.259082001000024],
			[37.380885,
			0.25932],
			[37.380926,
			0.259551],
			[37.380988,
			0.25987],
			[37.381029,
			0.26006200099999],
			[37.38106,
			0.260245],
			[37.38112300099999,
			0.260422],
			[37.381144,
			0.260587000999976],
			[37.381289,
			0.260795998999981],
			[37.381393,
			0.261036],
			[37.381527,
			0.261274],
			[37.381721001000017,
			0.261479],
			[37.382037001000015,
			0.261682],
			[37.382209,
			0.261690999],
			[37.382353,
			0.261591001]],
			[[37.450475,
			0.237367001],
			[37.450374,
			0.237418],
			[37.450315,
			0.237507],
			[37.449847,
			0.238014],
			[37.449682999,
			0.238155],
			[37.448481,
			0.239082],
			[37.44769100100001,
			0.239671],
			[37.447292,
			0.239953],
			[37.447103001000016,
			0.240117999],
			[37.446929001,
			0.240298],
			[37.44679,
			0.240483],
			[37.446689,
			0.240653],
			[37.446566001,
			0.240807],
			[37.446458,
			0.240915998999981],
			[37.446297,
			0.241004001000022],
			[37.444930000999989,
			0.241566],
			[37.444892,
			0.24158699899999],
			[37.44478,
			0.241646],
			[37.444061,
			0.243405999],
			[37.443887,
			0.243999],
			[37.443704,
			0.244635],
			[37.443629,
			0.244813],
			[37.443454,
			0.245178],
			[37.44335,
			0.245371],
			[37.442391998999987,
			0.248189001000014],
			[37.441937,
			0.249496],
			[37.441787,
			0.249866999],
			[37.441191998000022,
			0.251131],
			[37.441081,
			0.251318001000016],
			[37.440751,
			0.251831],
			[37.44051600099999,
			0.252151],
			[37.440198,
			0.252549000999977],
			[37.439983000999973,
			0.252796],
			[37.439732,
			0.253025001000026],
			[37.439402,
			0.253263],
			[37.439163999000016,
			0.253407],
			[37.438941,
			0.253552],
			[37.438810998,
			0.253605],
			[37.438736,
			0.253657998999984],
			[37.438722,
			0.25366],
			[37.43837,
			0.253853000999982],
			[37.43807,
			0.254073],
			[37.43777,
			0.254239000999974],
			[37.437269,
			0.254470001000016],
			[37.436382,
			0.254804],
			[37.436013,
			0.254943],
			[37.435136000999989,
			0.255251],
			[37.433608,
			0.255679],
			[37.431869001,
			0.256077],
			[37.43137600099999,
			0.256246998999984],
			[37.431048,
			0.256389001],
			[37.430746,
			0.256473998999979],
			[37.43071,
			0.256493],
			[37.43036,
			0.256672],
			[37.430001,
			0.256873000999974],
			[37.429529,
			0.257077],
			[37.429026001000011,
			0.257451999000011],
			[37.428495,
			0.257546],
			[37.428188,
			0.25766],
			[37.427883,
			0.257715],
			[37.427492001000019,
			0.257802],
			[37.427099,
			0.257947],
			[37.426413,
			0.258557],
			[37.426154,
			0.258761999],
			[37.42482,
			0.260052],
			[37.424943,
			0.261402],
			[37.424929,
			0.261874],
			[37.424754,
			0.262222],
			[37.424709001,
			0.262702],
			[37.424567,
			0.262902],
			[37.424363,
			0.26325],
			[37.424185997999984,
			0.263573001],
			[37.424078,
			0.264239],
			[37.423811,
			0.264656],
			[37.423577,
			0.264920999000026],
			[37.423485,
			0.265370999000027],
			[37.423483001000022,
			0.265621999000018],
			[37.423353,
			0.265899],
			[37.423223001,
			0.266091],
			[37.423113,
			0.266326],
			[37.42281,
			0.266607],
			[37.422701001,
			0.266822],
			[37.422611001,
			0.2671],
			[37.422282,
			0.267420999000024],
			[37.422101000999987,
			0.267828],
			[37.421943,
			0.26810799899999],
			[37.42167100099999,
			0.268542],
			[37.421462,
			0.268978],
			[37.421436,
			0.269263998999975],
			[37.42143,
			0.26975],
			[37.421360998000011,
			0.269994],
			[37.421200000999988,
			0.270438],
			[37.420668,
			0.271915998999987],
			[37.420296,
			0.272731],
			[37.419708,
			0.273742998999978],
			[37.419641001,
			0.273900001000015],
			[37.419432001000018,
			0.274402001],
			[37.419564,
			0.2747],
			[37.419584,
			0.275042],
			[37.420121,
			0.276203999000018],
			[37.421454000999972,
			0.275843],
			[37.421862,
			0.275843],
			[37.422098001,
			0.276049],
			[37.422182,
			0.276153],
			[37.422371,
			0.276222],
			[37.422679,
			0.27639499899999],
			[37.422970997999983,
			0.276551],
			[37.423298,
			0.276673],
			[37.423782001,
			0.276865],
			[37.424094001000014,
			0.276987999000028],
			[37.424367001,
			0.27712599900002],
			[37.424547,
			0.277216999000018],
			[37.425019,
			0.277375999000014],
			[37.425281,
			0.277482],
			[37.425581001000012,
			0.277677],
			[37.425775,
			0.277801],
			[37.426112,
			0.278068],
			[37.426218,
			0.278157],
			[37.426360000999978,
			0.278282],
			[37.426451,
			0.278443],
			[37.426545,
			0.27889],
			[37.426653999,
			0.279124],
			[37.42672600100002,
			0.279196],
			[37.427047,
			0.279358],
			[37.427136,
			0.279394],
			[37.427781,
			0.279756],
			[37.428122,
			0.27992],
			[37.428321,
			0.280065998999987],
			[37.428744,
			0.280363],
			[37.428842001000021,
			0.280395],
			[37.428895001,
			0.280458],
			[37.428946,
			0.280557999],
			[37.42901100099999,
			0.280646],
			[37.429120001,
			0.280722],
			[37.429236,
			0.280785],
			[37.42934,
			0.280862],
			[37.429426,
			0.280938],
			[37.429525,
			0.280989998999985],
			[37.429706,
			0.28108],
			[37.429856998999981,
			0.281189],
			[37.429964000999973,
			0.281273],
			[37.430013998999982,
			0.281318],
			[37.430128001000014,
			0.281408000999988],
			[37.430235,
			0.281531],
			[37.430283001000021,
			0.281650001],
			[37.430338,
			0.281737],
			[37.430394,
			0.281817],
			[37.430463998999983,
			0.281864],
			[37.430585,
			0.281938],
			[37.430732,
			0.282033],
			[37.430797000999974,
			0.282067],
			[37.430900001,
			0.282128],
			[37.430997998,
			0.282169],
			[37.431154,
			0.282258999000021],
			[37.431305,
			0.282288],
			[37.431416,
			0.282316],
			[37.431588,
			0.282421],
			[37.431708001,
			0.282581],
			[37.431802000999987,
			0.282673000999978],
			[37.431917000999988,
			0.282786],
			[37.432033,
			0.282893],
			[37.432168,
			0.282959],
			[37.432285001000025,
			0.283046],
			[37.43251600100001,
			0.283113],
			[37.432676,
			0.283209],
			[37.432867,
			0.283226],
			[37.433011,
			0.283229],
			[37.433148,
			0.283253],
			[37.433231,
			0.283268],
			[37.433314,
			0.28327],
			[37.433404,
			0.283285998999986],
			[37.433521000999974,
			0.283286998999984],
			[37.433668001,
			0.283290998999973],
			[37.433953,
			0.283256],
			[37.434157,
			0.283202001],
			[37.434213,
			0.283167],
			[37.434295,
			0.283118],
			[37.434391,
			0.283084],
			[37.434500999000022,
			0.28302899900001],
			[37.434618,
			0.282931],
			[37.434706,
			0.282857],
			[37.434706,
			0.282830000999979],
			[37.434874998,
			0.282689],
			[37.434929,
			0.282627999],
			[37.434997,
			0.282567],
			[37.43504500099999,
			0.282479],
			[37.435126,
			0.282404],
			[37.435181,
			0.282328999000015],
			[37.435228,
			0.282227],
			[37.43531,
			0.282111],
			[37.43533800099999,
			0.282049],
			[37.435372001000019,
			0.281974],
			[37.435413000999972,
			0.281878],
			[37.435461001000021,
			0.281762],
			[37.435501000999977,
			0.281661000999975],
			[37.43561699899999,
			0.281381],
			[37.435651001,
			0.281305],
			[37.435679,
			0.281243],
			[37.43572,
			0.281134],
			[37.435740001,
			0.281065],
			[37.435768000999985,
			0.280997001],
			[37.435829,
			0.280867],
			[37.435939001,
			0.280518],
			[37.436165,
			0.280341],
			[37.436199,
			0.280294],
			[37.436301,
			0.280199],
			[37.436341,
			0.280171999],
			[37.436401999,
			0.280077999000014],
			[37.436416001,
			0.280009999000015],
			[37.436537,
			0.279854999],
			[37.436618,
			0.279706],
			[37.436740000999976,
			0.279551],
			[37.43682,
			0.279451000999984],
			[37.436893,
			0.279359],
			[37.436938999,
			0.27924],
			[37.436978,
			0.279129001],
			[37.437057001000028,
			0.278963001000022],
			[37.437152001000015,
			0.278955],
			[37.437219,
			0.278981],
			[37.437320998000018,
			0.278992999000025],
			[37.437417,
			0.279044],
			[37.437534001000017,
			0.279069000999982],
			[37.437631,
			0.27912],
			[37.437749000999986,
			0.279171],
			[37.43782,
			0.27929],
			[37.437905,
			0.279376],
			[37.43801,
			0.279455],
			[37.438088,
			0.279569001000027],
			[37.43827,
			0.279683],
			[37.438680998999985,
			0.279973],
			[37.4388,
			0.280068],
			[37.43886,
			0.280088001000024],
			[37.438933,
			0.280136001000017],
			[37.439013,
			0.28019799899999],
			[37.439072,
			0.280287],
			[37.43915800100001,
			0.280376999],
			[37.439237,
			0.28048],
			[37.439318,
			0.280564001000016],
			[37.439385,
			0.280648],
			[37.439465,
			0.280745998999976],
			[37.439546,
			0.280837],
			[37.439622,
			0.280935],
			[37.439685,
			0.281013],
			[37.439795,
			0.281119],
			[37.439906,
			0.28119700100001],
			[37.440025,
			0.281289001],
			[37.440136,
			0.281361],
			[37.440219,
			0.281418],
			[37.440310001,
			0.281469001],
			[37.440387,
			0.281492],
			[37.440528001000018,
			0.281522],
			[37.44069700099999,
			0.281596],
			[37.440825,
			0.28168399899999],
			[37.440896001,
			0.28175],
			[37.440989,
			0.281815],
			[37.441096,
			0.281866998999988],
			[37.44124,
			0.281956],
			[37.441399,
			0.282031],
			[37.44153,
			0.28212800099999],
			[37.441668,
			0.282182998999986],
			[37.4418,
			0.282222999],
			[37.441933001,
			0.282248],
			[37.442081,
			0.282304001],
			[37.442134001,
			0.282388],
			[37.44221,
			0.282457],
			[37.442308001000015,
			0.282527001],
			[37.442414,
			0.28262],
			[37.442551001000027,
			0.282693],
			[37.442634,
			0.282704],
			[37.442711,
			0.282707],
			[37.44285800099999,
			0.282752],
			[37.442952,
			0.282771998999976],
			[37.44311,
			0.282812001000025],
			[37.443213,
			0.282833],
			[37.443413,
			0.282881998999983],
			[37.443567,
			0.282914],
			[37.44368,
			0.282944],
			[37.44386,
			0.28297],
			[37.443992,
			0.282978],
			[37.44414100099999,
			0.282979001],
			[37.444207,
			0.28293499900002],
			[37.444288,
			0.282913001],
			[37.44449000100002,
			0.282875],
			[37.444650001000014,
			0.282818],
			[37.44473,
			0.282855000999973],
			[37.444893998999987,
			0.282971998999983],
			[37.44501,
			0.283035000999973],
			[37.445155000999989,
			0.283051],
			[37.445207,
			0.283051],
			[37.445434001000024,
			0.28302700099999],
			[37.445551,
			0.282978],
			[37.44568099899999,
			0.282936999000015],
			[37.445734,
			0.282994],
			[37.445840001000022,
			0.283117],
			[37.445991,
			0.283133998999972],
			[37.446111,
			0.283076000999984],
			[37.446186001,
			0.283127],
			[37.446282,
			0.283134999000026],
			[37.446427,
			0.283144],
			[37.446548,
			0.283111],
			[37.446686000999989,
			0.283069],
			[37.446789,
			0.283111999000027],
			[37.446992001000012,
			0.2832],
			[37.447009,
			0.283268998999972],
			[37.447089,
			0.283415999],
			[37.44716,
			0.283502],
			[37.447154,
			0.283654999000021],
			[37.447212,
			0.28382],
			[37.447356,
			0.283858],
			[37.447453,
			0.283851001000016],
			[37.447634,
			0.283856001],
			[37.447877,
			0.283865999],
			[37.447953,
			0.283868],
			[37.44814800099999,
			0.283874001000015],
			[37.44839600099999,
			0.283885],
			[37.448484,
			0.283853],
			[37.448588,
			0.283876],
			[37.44870000100002,
			0.283863000999986],
			[37.448948,
			0.283856],
			[37.449026,
			0.28386],
			[37.449203,
			0.283954],
			[37.449323000999982,
			0.283959],
			[37.449548,
			0.283989999000028],
			[37.449631,
			0.284023],
			[37.449884998000016,
			0.284041],
			[37.450059001,
			0.284045],
			[37.450205000999972,
			0.28407],
			[37.450342,
			0.284173],
			[37.450433001000022,
			0.284234],
			[37.450496,
			0.284420999000019],
			[37.450521001000027,
			0.28461099899999],
			[37.450613001000022,
			0.284741],
			[37.45075,
			0.284786],
			[37.450933,
			0.284765999],
			[37.451014000999976,
			0.284756],
			[37.451221,
			0.284726001000024],
			[37.451236,
			0.284877],
			[37.451178,
			0.284956001000012],
			[37.451168,
			0.285082]],
			[[37.489384001000019,
			0.244072],
			[37.489441,
			0.244071001],
			[37.489505001,
			0.244102],
			[37.489613,
			0.244167],
			[37.489705,
			0.244216],
			[37.489765,
			0.244249],
			[37.48983,
			0.244287],
			[37.48989,
			0.244325],
			[37.489998,
			0.244341001],
			[37.490106998999977,
			0.244384001000014],
			[37.490183,
			0.24439399900001],
			[37.490335,
			0.244391001],
			[37.490468,
			0.244405],
			[37.490535,
			0.244433001],
			[37.490699001,
			0.244464],
			[37.490860000999987,
			0.24453699899999],
			[37.490952,
			0.244583001000024],
			[37.491125,
			0.244651],
			[37.491517,
			0.24472],
			[37.491584,
			0.24479],
			[37.491718,
			0.24491],
			[37.491762000999984,
			0.24496700100002],
			[37.491805,
			0.245046],
			[37.491898,
			0.24513699900001],
			[37.49195,
			0.245205],
			[37.49200700099999,
			0.245251],
			[37.492104,
			0.245296],
			[37.492224,
			0.245342],
			[37.492333,
			0.245428],
			[37.492345,
			0.24544],
			[37.492478001,
			0.245561],
			[37.492507,
			0.245601],
			[37.492553,
			0.245680999],
			[37.492582,
			0.245761],
			[37.492617,
			0.245836],
			[37.492675,
			0.245917],
			[37.492716001000019,
			0.246003],
			[37.492751,
			0.246101],
			[37.492815,
			0.246222000999978],
			[37.492838001,
			0.246279001],
			[37.492867000999979,
			0.246388],
			[37.492908000999989,
			0.24646400099999],
			[37.492954000999987,
			0.246549999000024],
			[37.492984,
			0.246653],
			[37.49298,
			0.24673],
			[37.492991,
			0.246822001],
			[37.49302000099999,
			0.246913001],
			[37.493049,
			0.246965],
			[37.493077,
			0.247017],
			[37.493141,
			0.24710299899999],
			[37.493175,
			0.247154001000013],
			[37.493238001,
			0.247275],
			[37.493295000999979,
			0.247338],
			[37.493341,
			0.24739],
			[37.49338,
			0.247475001],
			[37.493403,
			0.24749699900002],
			[37.493604,
			0.247784],
			[37.493666,
			0.247885],
			[37.493709,
			0.247967],
			[37.493731,
			0.248005],
			[37.493796,
			0.248103001],
			[37.493828001,
			0.248152],
			[37.493904,
			0.248244],
			[37.493963,
			0.248331001],
			[37.494046001000015,
			0.24839],
			[37.494084,
			0.248422],
			[37.494149,
			0.248471],
			[37.494192,
			0.248509],
			[37.494252001,
			0.248557],
			[37.494336,
			0.248651],
			[37.494403,
			0.248738999000011],
			[37.494429,
			0.248834999],
			[37.494445,
			0.24891],
			[37.49444,
			0.248968],
			[37.494465,
			0.249082],
			[37.494496,
			0.249149],
			[37.494547,
			0.249204],
			[37.494582,
			0.249259000999984],
			[37.494624000999977,
			0.249324999],
			[37.494674001000021,
			0.249384],
			[37.494733,
			0.249476],
			[37.494771,
			0.249583998999981],
			[37.494819001,
			0.24969],
			[37.494844,
			0.249762998999984],
			[37.494889,
			0.249841],
			[37.494928,
			0.249897001000022],
			[37.494984,
			0.249928],
			[37.495067,
			0.24993899899999],
			[37.495134,
			0.249980000999983],
			[37.495186,
			0.250032],
			[37.495229000999984,
			0.250098],
			[37.495288,
			0.250194],
			[37.495353,
			0.250324],
			[37.495374997999988,
			0.250372998999978],
			[37.495396,
			0.250436998999987],
			[37.495428,
			0.250496],
			[37.495489,
			0.250579],
			[37.49553,
			0.250661],
			[37.495566,
			0.250728],
			[37.495779,
			0.251016],
			[37.495882,
			0.251114],
			[37.495905999,
			0.251155000999972],
			[37.495959,
			0.251205001000017],
			[37.496013,
			0.251242],
			[37.496071,
			0.251280001],
			[37.496119,
			0.251312],
			[37.496191,
			0.251367],
			[37.496239,
			0.251391],
			[37.496335,
			0.251438],
			[37.496517000999972,
			0.251564],
			[37.496614,
			0.251628],
			[37.496659,
			0.251666],
			[37.496694,
			0.251708],
			[37.496734,
			0.251748998999972],
			[37.496793998999976,
			0.251827999],
			[37.496841,
			0.251884999000026],
			[37.496986998000011,
			0.252041],
			[37.497106,
			0.252191],
			[37.497142000999986,
			0.252261],
			[37.497166,
			0.252302000999975],
			[37.497194998999987,
			0.25234799899999],
			[37.497219001000019,
			0.252394],
			[37.497277,
			0.252466],
			[37.497285001000023,
			0.252525],
			[37.497308001000022,
			0.252574],
			[37.497372,
			0.252628],
			[37.497431,
			0.252682],
			[37.497476,
			0.252703999],
			[37.49753099899999,
			0.25274],
			[37.497634,
			0.252749999],
			[37.497681,
			0.252768],
			[37.497737,
			0.252791],
			[37.497812,
			0.252823],
			[37.497875,
			0.25283299900002],
			[37.497944,
			0.252847],
			[37.498031,
			0.252889],
			[37.498106001,
			0.252895001000013],
			[37.49819,
			0.252919],
			[37.498260999000024,
			0.25292],
			[37.498382000999982,
			0.252944999000022],
			[37.498483001000011,
			0.252932],
			[37.49858,
			0.252891],
			[37.498617,
			0.252891],
			[37.498701000999972,
			0.252859],
			[37.498798,
			0.252818],
			[37.498845001,
			0.252781001000017],
			[37.498887001000014,
			0.252758],
			[37.498957001,
			0.252717],
			[37.499047001,
			0.252666001000023],
			[37.499076,
			0.252615],
			[37.499133001000018,
			0.252588],
			[37.499228,
			0.252546],
			[37.499261,
			0.252518],
			[37.499357001000021,
			0.252470999000025],
			[37.49941,
			0.252443],
			[37.499453001,
			0.252415],
			[37.499519998999972,
			0.252372001000026],
			[37.499636,
			0.252326],
			[37.499683000999987,
			0.252307],
			[37.499739,
			0.252269],
			[37.499904,
			0.252203],
			[37.500054001000024,
			0.252174],
			[37.500188001000026,
			0.252169],
			[37.500269,
			0.252197],
			[37.500362,
			0.252286998999978],
			[37.500417,
			0.252377],
			[37.500633,
			0.25275],
			[37.50073100100002,
			0.252911],
			[37.500805001,
			0.253047],
			[37.500890001000016,
			0.253193],
			[37.500969,
			0.253335],
			[37.501014,
			0.25349],
			[37.501019000999975,
			0.253565001000027],
			[37.501028001,
			0.253649],
			[37.501061000999982,
			0.253692],
			[37.501065,
			0.253741],
			[37.501093001000015,
			0.253803],
			[37.501121,
			0.253885],
			[37.501139,
			0.253948],
			[37.501152,
			0.25401],
			[37.501180001000023,
			0.254062],
			[37.501212001,
			0.254118],
			[37.501244000999975,
			0.254155],
			[37.501272001000018,
			0.254211],
			[37.501295,
			0.254267],
			[37.501308,
			0.254313],
			[37.50135,
			0.254373],
			[37.501391,
			0.25446599899999],
			[37.501502,
			0.254614],
			[37.501524,
			0.254669],
			[37.501547001,
			0.254715],
			[37.501574000999987,
			0.254757],
			[37.501616001,
			0.254798000999983],
			[37.501658,
			0.25484],
			[37.501709,
			0.254881],
			[37.50174599799999,
			0.254922],
			[37.501783000999978,
			0.254955],
			[37.501873000999979,
			0.255013999000028],
			[37.50192,
			0.255033],
			[37.501992,
			0.255065],
			[37.502049998000018,
			0.255084],
			[37.502131,
			0.255135],
			[37.502642,
			0.255354],
			[37.502741001,
			0.255378],
			[37.50281,
			0.255403],
			[37.502871001000017,
			0.255403],
			[37.502922001,
			0.255398999000022],
			[37.503011001,
			0.255375999000023],
			[37.503102001,
			0.255335],
			[37.503130000999988,
			0.255311001],
			[37.503465,
			0.255007],
			[37.503583,
			0.254898],
			[37.503642001,
			0.254858],
			[37.503672,
			0.254838],
			[37.503767,
			0.254828],
			[37.503827,
			0.254822],
			[37.503911,
			0.254822],
			[37.503981,
			0.254822],
			[37.50406,
			0.25484699899999],
			[37.50416,
			0.25484699899999],
			[37.504209,
			0.254872],
			[37.50427399900002,
			0.254892],
			[37.504364,
			0.254902001],
			[37.504452001,
			0.254937],
			[37.504533,
			0.254942],
			[37.504591,
			0.254966],
			[37.504695,
			0.255002],
			[37.504873001000021,
			0.255083],
			[37.504961,
			0.255142],
			[37.505015,
			0.255221],
			[37.505052,
			0.255265],
			[37.505059,
			0.25527200099998],
			[37.505103001,
			0.255408],
			[37.505141,
			0.255647],
			[37.505269000999988,
			0.255821998999977],
			[37.505308001,
			0.25590699899999],
			[37.505318,
			0.255952],
			[37.50536,
			0.256016],
			[37.50538000099999,
			0.256057],
			[37.505403,
			0.256095],
			[37.50541099899999,
			0.256138],
			[37.505416,
			0.256188],
			[37.505435,
			0.256223001000023],
			[37.505446001,
			0.256262],
			[37.505469,
			0.256328999],
			[37.50547,
			0.256360001000019],
			[37.505495000999986,
			0.256572],
			[37.505509001,
			0.256756999],
			[37.505517000999987,
			0.256836],
			[37.505525,
			0.256883],
			[37.505519000999982,
			0.256922],
			[37.505516,
			0.256967998999983],
			[37.505516,
			0.257001],
			[37.505527,
			0.25707],
			[37.505511001,
			0.257139],
			[37.505542,
			0.257262],
			[37.505607,
			0.25743],
			[37.506019,
			0.258234],
			[37.506317,
			0.258805000999985],
			[37.506345,
			0.258914],
			[37.506345,
			0.258985000999985],
			[37.506345999000018,
			0.259083001000022],
			[37.506321,
			0.259214],
			[37.506283,
			0.25928],
			[37.506224001000021,
			0.259365],
			[37.506133,
			0.259470001000011],
			[37.50607499900002,
			0.259529000999976],
			[37.506003,
			0.259575],
			[37.505925,
			0.259595],
			[37.505826999000021,
			0.259596000999977],
			[37.505723,
			0.259598000999972],
			[37.505644,
			0.259599],
			[37.505539000999988,
			0.259601],
			[37.505446,
			0.259602],
			[37.50534,
			0.259603],
			[37.505227,
			0.259599],
			[37.505107,
			0.259580998999979],
			[37.505033,
			0.259569],
			[37.504905,
			0.259544],
			[37.504798,
			0.259450999000023],
			[37.504703,
			0.259391000999983],
			[37.504602,
			0.259298],
			[37.504549,
			0.259251],
			[37.504489001000024,
			0.259190999],
			[37.504429,
			0.259137],
			[37.504302,
			0.259064],
			[37.504288,
			0.259063998999977],
			[37.50418,
			0.259037],
			[37.504051,
			0.259011],
			[37.503947,
			0.259011],
			[37.503898000999982,
			0.259011],
			[37.503757,
			0.259086998999976],
			[37.503686,
			0.259135001],
			[37.503579,
			0.25919],
			[37.503499,
			0.259245],
			[37.503390001000014,
			0.259315],
			[37.503316000999973,
			0.259378],
			[37.503197,
			0.25949],
			[37.503101,
			0.259568],
			[37.503004001000022,
			0.25966699899999],
			[37.502928,
			0.259766],
			[37.502882,
			0.259844],
			[37.502800001000026,
			0.259985],
			[37.502762001,
			0.260126],
			[37.502674,
			0.260274],
			[37.502624,
			0.260408],
			[37.502587,
			0.260530001],
			[37.502538,
			0.260700000999975],
			[37.502501,
			0.260787],
			[37.502477,
			0.260889],
			[37.502478,
			0.261013],
			[37.502502999,
			0.261162999000021],
			[37.502541001,
			0.261259],
			[37.502541001,
			0.261336],
			[37.502579001000015,
			0.261405001000014],
			[37.502598,
			0.261509000999979],
			[37.502623,
			0.261621],
			[37.502644001000021,
			0.261774],
			[37.502653,
			0.261899],
			[37.502674,
			0.261996],
			[37.502676,
			0.262064999000017],
			[37.502727,
			0.262329],
			[37.504071,
			0.264722],
			[37.504155,
			0.264897001],
			[37.504199001000018,
			0.264983001000019],
			[37.504273001,
			0.26509500100002],
			[37.504326,
			0.265197],
			[37.504354,
			0.265275998999982],
			[37.504396,
			0.265389],
			[37.504417,
			0.265496],
			[37.504458,
			0.265617],
			[37.50448,
			0.265745001000028],
			[37.50452500099999,
			0.265863],
			[37.504538,
			0.265958],
			[37.504544,
			0.26606],
			[37.504557,
			0.266162001],
			[37.504584,
			0.266258],
			[37.50461900099998,
			0.266376],
			[37.504695001000016,
			0.266428],
			[37.50481,
			0.266431999000019],
			[37.504931,
			0.266435],
			[37.505024,
			0.266452],
			[37.505095,
			0.266432],
			[37.50516,
			0.26641100099999],
			[37.505247,
			0.266378],
			[37.505321001000027,
			0.266303],
			[37.505382,
			0.266242001000023],
			[37.505454,
			0.26621],
			[37.505532001,
			0.26615],
			[37.505596001000015,
			0.266091001],
			[37.505680000999973,
			0.266029999000011],
			[37.505732,
			0.265976],
			[37.505815,
			0.265882],
			[37.505897,
			0.265800001],
			[37.506014,
			0.265778],
			[37.506121,
			0.265765000999977],
			[37.506231999000022,
			0.26577],
			[37.506386998999972,
			0.265747],
			[37.506512000999976,
			0.265738],
			[37.506666000999985,
			0.265735],
			[37.506788,
			0.265771],
			[37.506909,
			0.265803],
			[37.507056001000024,
			0.26588],
			[37.507179001,
			0.265941999],
			[37.507297,
			0.26595],
			[37.507436,
			0.266018],
			[37.507552001000022,
			0.266023],
			[37.507684000999973,
			0.266083],
			[37.507764,
			0.266171],
			[37.507828,
			0.266252],
			[37.507923001,
			0.266320001],
			[37.508036,
			0.266333],
			[37.508117,
			0.266343],
			[37.508223000999976,
			0.266361999000026],
			[37.508263,
			0.266418999],
			[37.508362,
			0.266459],
			[37.508441,
			0.266485],
			[37.508662001,
			0.26654],
			[37.50878,
			0.266473],
			[37.50882,
			0.266488],
			[37.508857001000024,
			0.266519],
			[37.508889,
			0.266632001],
			[37.508926998999982,
			0.266678],
			[37.508941000999982,
			0.266798],
			[37.508944000999975,
			0.266913000999978],
			[37.508948,
			0.267038],
			[37.508907001000011,
			0.267162],
			[37.508898,
			0.267239],
			[37.50891,
			0.267314999],
			[37.508912,
			0.267408],
			[37.50894,
			0.267492999000012],
			[37.508982,
			0.267622],
			[37.50899,
			0.267706],
			[37.508923,
			0.267789],
			[37.508796,
			0.267953001000024],
			[37.508834,
			0.268011],
			[37.508878001000028,
			0.268040000999974],
			[37.508894,
			0.268041],
			[37.508932,
			0.268103],
			[37.508951,
			0.26818],
			[37.508963000999984,
			0.268396000999985],
			[37.509056,
			0.268443],
			[37.509191,
			0.268486000999985],
			[37.509287,
			0.268629],
			[37.509402,
			0.26865],
			[37.509635,
			0.268696001000023],
			[37.50976,
			0.268807001000027],
			[37.509973,
			0.268836],
			[37.51004,
			0.268848],
			[37.510251,
			0.26896],
			[37.510348001000011,
			0.268956],
			[37.510427,
			0.268936999],
			[37.510519000999977,
			0.268979],
			[37.510628,
			0.269001],
			[37.510744,
			0.269008],
			[37.510790000999975,
			0.269039998999972],
			[37.510797801000024,
			0.269071205999978],
			[37.510799,
			0.269076]]]
		}
	},
	{
		"type": "Feature",
		"properties": {
			"roadclass": "Primary",
			"stroke": "#ffffff",
			"stroke-opacity": 0.9,
			"stroke-width": 1.5,
			"srftyp": "Dirt\/Sand",
			"collect_us": "Jake Wall"
		},
		"geometry": {
			"type": "MultiLineString",
			"coordinates": [[[37.434468700000025,
			0.184599900000023],
			[37.433235500000023,
			0.184216100000015]],
			[[37.438476700000024,
			0.1859657],
			[37.4373392,
			0.1855764]],
			[[37.485881,
			0.177773300000013],
			[37.485606099999984,
			0.178197899999986]],
			[[37.4357685,
			0.185046399999976],
			[37.434468700000025,
			0.184599900000023]],
			[[37.481432400000017,
			0.184321800000021],
			[37.48114750000002,
			0.1848402]],
			[[37.4901779,
			0.1718396],
			[37.489757399999974,
			0.172087200000021]],
			[[37.4849142,
			0.1786707],
			[37.484685099999979,
			0.1791091]],
			[[37.4829087,
			0.1827558],
			[37.4820396,
			0.1833964]],
			[[37.477057899999977,
			0.192387],
			[37.476461299999983,
			0.192208]],
			[[37.4735301,
			0.1923825],
			[37.471811399999979,
			0.192372400000011]],
			[[37.486151,
			0.176927700000022],
			[37.4859303,
			0.177248]],
			[[37.4599189,
			0.188059099999975],
			[37.4593868,
			0.188177900000028]],
			[[37.490513099999987,
			0.171768],
			[37.4901779,
			0.1718396]],
			[[37.457274400000017,
			0.188844],
			[37.457034599999986,
			0.189052100000026]],
			[[37.4619495,
			0.187957200000028],
			[37.461301,
			0.187879399999986]],
			[[37.450735099999974,
			0.190243],
			[37.449337300000025,
			0.189762299999984]],
			[[37.476461299999983,
			0.192208],
			[37.476245600000027,
			0.192060200000014]],
			[[37.4550132,
			0.190337699999986],
			[37.454757200000017,
			0.190322400000014]],
			[[37.4714902,
			0.192363100000023],
			[37.471089300000017,
			0.192262]],
			[[37.444764599999985,
			0.1881737],
			[37.4434389,
			0.18770840000002]],
			[[37.48851860000002,
			0.174843099999975],
			[37.4884452,
			0.1749446]],
			[[37.4787119,
			0.1870398],
			[37.4786147,
			0.187435400000027]],
			[[37.4574925,
			0.188683799999978],
			[37.457274400000017,
			0.188844]],
			[[37.460971500000028,
			0.187932199999977],
			[37.4603,
			0.18803250000002]],
			[[37.458886099999972,
			0.188283899999988],
			[37.458250299999975,
			0.188415]],
			[[37.484685099999979,
			0.1791091],
			[37.48429440000001,
			0.179874499999983]],
			[[37.491307800000016,
			0.1713719],
			[37.4911545,
			0.171540100000016]],
			[[37.458250299999975,
			0.188415],
			[37.4574925,
			0.188683799999978]],
			[[37.454556799999978,
			0.190328500000021],
			[37.4536122,
			0.1903413]],
			[[37.447769100000016,
			0.189208599999972],
			[37.446189100000026,
			0.188663500000018]],
			[[37.443310199999985,
			0.18763180000002],
			[37.442977900000017,
			0.1875551]],
			[[37.478176500000018,
			0.189074399999981],
			[37.477515499999981,
			0.190387499999986]],
			[[37.4871268,
			0.176304300000027],
			[37.486724900000013,
			0.1766627]],
			[[37.454757200000017,
			0.190322400000014],
			[37.454556799999978,
			0.190328500000021]],
			[[37.4536122,
			0.1903413],
			[37.452454400000022,
			0.1903954]],
			[[37.474828,
			0.192343100000016],
			[37.4735301,
			0.1923825]],
			[[37.493238599999984,
			0.1689793],
			[37.4929747,
			0.169189]],
			[[37.485606099999984,
			0.178197899999986],
			[37.4849142,
			0.1786707]],
			[[37.491951,
			0.170403299999975],
			[37.491307800000016,
			0.1713719]],
			[[37.492477899999983,
			0.1696804],
			[37.491951,
			0.170403299999975]],
			[[37.43192,
			0.183753799999977],
			[37.431665599999974,
			0.183673699999986]],
			[[37.462847099999976,
			0.188213299999973],
			[37.4619495,
			0.187957200000028]],
			[[37.4563819,
			0.189515200000017],
			[37.455689300000017,
			0.190042399999982]],
			[[37.489593899999988,
			0.172303100000022],
			[37.4893381,
			0.173252600000012]],
			[[37.477278500000011,
			0.191453200000012],
			[37.477319,
			0.191719700000021]],
			[[37.483816400000023,
			0.181278799999973],
			[37.483682400000021,
			0.1818404]],
			[[37.477319,
			0.191719700000021],
			[37.477381499999979,
			0.19185520000002]],
			[[37.4373392,
			0.1855764],
			[37.436493199999973,
			0.1852702]],
			[[37.457034599999986,
			0.189052100000026],
			[37.4563819,
			0.189515200000017]],
			[[37.4603,
			0.18803250000002],
			[37.4599189,
			0.188059099999975]],
			[[37.48429440000001,
			0.179874499999983],
			[37.4837951,
			0.180896099999984]],
			[[37.465943400000015,
			0.1897272],
			[37.464972699999976,
			0.189230899999984]],
			[[37.442977900000017,
			0.1875551],
			[37.4419792,
			0.187222]],
			[[37.478212400000018,
			0.188082899999984],
			[37.478203099999973,
			0.188376100000028]],
			[[37.471089300000017,
			0.192262],
			[37.470637399999987,
			0.1920452]],
			[[37.433235500000023,
			0.184216100000015],
			[37.43192,
			0.183753799999977]],
			[[37.476245600000027,
			0.192060200000014],
			[37.4759666,
			0.19203]],
			[[37.4799001,
			0.185592900000017],
			[37.47949460000001,
			0.1858709]],
			[[37.486459200000013,
			0.1768073],
			[37.486151,
			0.176927700000022]],
			[[37.4786147,
			0.187435400000027],
			[37.478212400000018,
			0.188082899999984]],
			[[37.4680022,
			0.1907531],
			[37.46640960000002,
			0.189946]],
			[[37.477446199999974,
			0.1921486],
			[37.477274200000011,
			0.19242]],
			[[37.452454400000022,
			0.1903954],
			[37.450735099999974,
			0.190243]],
			[[37.48114750000002,
			0.1848402],
			[37.480278899999973,
			0.1854763]],
			[[37.4893381,
			0.173252600000012],
			[37.4890795,
			0.174125800000013]],
			[[37.477274200000011,
			0.19242],
			[37.477057899999977,
			0.192387]],
			[[37.4759666,
			0.19203],
			[37.474828,
			0.192343100000016]],
			[[37.4832247,
			0.182526],
			[37.4829087,
			0.1827558]],
			[[37.480278899999973,
			0.1854763],
			[37.4799001,
			0.185592900000017]],
			[[37.4593868,
			0.188177900000028],
			[37.458886099999972,
			0.188283899999988]],
			[[37.489757399999974,
			0.172087200000021],
			[37.489593899999988,
			0.172303100000022]],
			[[37.464972699999976,
			0.189230899999984],
			[37.464409100000012,
			0.188975]],
			[[37.461301,
			0.187879399999986],
			[37.460971500000028,
			0.187932199999977]],
			[[37.455689300000017,
			0.190042399999982],
			[37.4551553,
			0.190306299999975]],
			[[37.4782684,
			0.1886096],
			[37.478176500000018,
			0.189074399999981]],
			[[37.440200399999981,
			0.1865952],
			[37.439238900000021,
			0.1862534]],
			[[37.4635657,
			0.1885461],
			[37.462847099999976,
			0.188213299999973]],
			[[37.488366900000017,
			0.175168400000018],
			[37.488228699999979,
			0.175543]],
			[[37.436493199999973,
			0.1852702],
			[37.4357685,
			0.185046399999976]],
			[[37.483682400000021,
			0.1818404],
			[37.4834856,
			0.18208340000001]],
			[[37.493607,
			0.168642],
			[37.4934222,
			0.168796199999974]],
			[[37.470637399999987,
			0.1920452],
			[37.470067700000016,
			0.191771300000028]],
			[[37.486724900000013,
			0.1766627],
			[37.486459200000013,
			0.1768073]],
			[[37.477381499999979,
			0.19185520000002],
			[37.477446199999974,
			0.1921486]],
			[[37.4859303,
			0.177248],
			[37.485881,
			0.177773300000013]],
			[[37.46640960000002,
			0.189946],
			[37.465943400000015,
			0.1897272]],
			[[37.488228699999979,
			0.175543],
			[37.4879527,
			0.175882399999978]],
			[[37.439238900000021,
			0.1862534],
			[37.438476700000024,
			0.1859657]],
			[[37.4837951,
			0.180896099999984],
			[37.483816400000023,
			0.181278799999973]],
			[[37.4789937,
			0.186304],
			[37.4787119,
			0.1870398]],
			[[37.478203099999973,
			0.188376100000028],
			[37.4782684,
			0.1886096]],
			[[37.4884452,
			0.1749446],
			[37.488366900000017,
			0.175168400000018]],
			[[37.464409100000012,
			0.188975],
			[37.46409460000001,
			0.188828399999977]],
			[[37.487323,
			0.1761962],
			[37.4871268,
			0.176304300000027]],
			[[37.46409460000001,
			0.188828399999977],
			[37.4639674,
			0.1887822]],
			[[37.4820396,
			0.1833964],
			[37.481432400000017,
			0.184321800000021]],
			[[37.4929747,
			0.169189],
			[37.492477899999983,
			0.1696804]],
			[[37.470067700000016,
			0.191771300000028],
			[37.4691755,
			0.191358799999989]],
			[[37.477515499999981,
			0.190387499999986],
			[37.477278500000011,
			0.191453200000012]],
			[[37.446189100000026,
			0.188663500000018],
			[37.444764599999985,
			0.1881737]],
			[[37.4934222,
			0.168796199999974],
			[37.493238599999984,
			0.1689793]],
			[[37.471811399999979,
			0.192372400000011],
			[37.4714902,
			0.192363100000023]],
			[[37.449337300000025,
			0.189762299999984],
			[37.447769100000016,
			0.189208599999972]],
			[[37.4639674,
			0.1887822],
			[37.4635657,
			0.1885461]],
			[[37.4551553,
			0.190306299999975],
			[37.4550132,
			0.190337699999986]],
			[[37.4911545,
			0.171540100000016],
			[37.490513099999987,
			0.171768]],
			[[37.4434389,
			0.18770840000002],
			[37.443310199999985,
			0.18763180000002]],
			[[37.47949460000001,
			0.1858709],
			[37.4789937,
			0.186304]],
			[[37.4834856,
			0.18208340000001],
			[37.4832247,
			0.182526]],
			[[37.4419792,
			0.187222],
			[37.440200399999981,
			0.1865952]],
			[[37.4691755,
			0.191358799999989],
			[37.4680022,
			0.1907531]],
			[[37.4879527,
			0.175882399999978],
			[37.487323,
			0.1761962]],
			[[37.4890795,
			0.174125800000013],
			[37.48851860000002,
			0.174843099999975]]]
		}
	},
	{
		"type": "Feature",
		"properties": {
			"roadclass": "Secondary",
			"stroke": "#ffffff",
			"stroke-opacity": 0.9,
			"stroke-width": 1.2,
			"srftyp": "Dirt\/Sand",
			"collect_us": "Jake Wall"
		},
		"geometry": {
			"type": "MultiLineString",
			"coordinates": [[[37.42835980000001,
			0.170361800000023],
			[37.428204100000016,
			0.1702229]],
			[[37.418225300000017,
			0.169995200000017],
			[37.4179239,
			0.169947700000023]],
			[[37.4322214,
			0.1825007],
			[37.432870499999979,
			0.181718199999978]],
			[[37.428096,
			0.169992900000011],
			[37.428070400000024,
			0.169890399999986]],
			[[37.4339857,
			0.177075699999989],
			[37.434019299999989,
			0.176697199999978]],
			[[37.428204100000016,
			0.1702229],
			[37.428096,
			0.169992900000011]],
			[[37.418992800000012,
			0.165254],
			[37.419511399999976,
			0.165095599999972]],
			[[37.419858,
			0.1694698],
			[37.419299099999989,
			0.1692759]],
			[[37.4173007,
			0.16828240000001],
			[37.4170896,
			0.168061200000011]],
			[[37.433852100000024,
			0.1790906],
			[37.4338388,
			0.17802180000001]],
			[[37.422227599999985,
			0.169751],
			[37.422173499999985,
			0.169801399999983]],
			[[37.419511399999976,
			0.165095599999972],
			[37.419639,
			0.165160599999979]],
			[[37.422451299999977,
			0.169196100000022],
			[37.422354,
			0.169413799999973]],
			[[37.418328700000018,
			0.1698972],
			[37.418225300000017,
			0.169995200000017]],
			[[37.4252509,
			0.1696947],
			[37.425034900000014,
			0.169666]],
			[[37.431490399999973,
			0.183364],
			[37.431564700000024,
			0.183258]],
			[[37.434019299999989,
			0.176697199999978],
			[37.4339867,
			0.176494600000012]],
			[[37.4174395,
			0.166948100000013],
			[37.417643899999973,
			0.166763]],
			[[37.433011,
			0.174456599999985],
			[37.432408899999984,
			0.174234099999978]],
			[[37.4210966,
			0.1699992],
			[37.420336500000019,
			0.169902400000012]],
			[[37.431564700000024,
			0.183258],
			[37.4322214,
			0.1825007]],
			[[37.4338388,
			0.17802180000001],
			[37.4339857,
			0.177075699999989]],
			[[37.431257300000027,
			0.173274100000015],
			[37.431100800000024,
			0.1728109]],
			[[37.431100800000024,
			0.1728109],
			[37.430745399999978,
			0.1723106]],
			[[37.4236603,
			0.169243199999983],
			[37.4228266,
			0.1689965]],
			[[37.431665599999974,
			0.183673699999986],
			[37.431490399999973,
			0.183364]],
			[[37.4339867,
			0.176494600000012],
			[37.434011600000019,
			0.1762478]],
			[[37.434101899999973,
			0.175130200000012],
			[37.434012,
			0.174882799999978]],
			[[37.4226703,
			0.1689786],
			[37.422451299999977,
			0.169196100000022]],
			[[37.4176809,
			0.169436599999983],
			[37.417582900000014,
			0.168899599999975]],
			[[37.4190855,
			0.1692933],
			[37.418509299999982,
			0.169632400000012]],
			[[37.434011600000019,
			0.1762478],
			[37.4340544,
			0.17550940000001]],
			[[37.418131500000015,
			0.1659479],
			[37.418272399999978,
			0.165648200000021]],
			[[37.422173499999985,
			0.169801399999983],
			[37.4214718,
			0.1699542]],
			[[37.428070400000024,
			0.169890399999986],
			[37.427903300000025,
			0.16954290000001]],
			[[37.433460599999989,
			0.174641599999973],
			[37.433011,
			0.174456599999985]],
			[[37.420336500000019,
			0.169902400000012],
			[37.420171400000015,
			0.16982]],
			[[37.434095099999979,
			0.175266099999988],
			[37.434101899999973,
			0.175130200000012]],
			[[37.430165400000021,
			0.171452699999975],
			[37.429947200000015,
			0.1713469]],
			[[37.417643899999973,
			0.166763],
			[37.418118,
			0.166624300000024]],
			[[37.4170509,
			0.1676362],
			[37.417206,
			0.167327699999987]],
			[[37.4170896,
			0.168061200000011],
			[37.4170509,
			0.1676362]],
			[[37.417206,
			0.167327699999987],
			[37.417362299999979,
			0.167096300000026]],
			[[37.429469200000028,
			0.171448899999973],
			[37.429190600000027,
			0.1713694]],
			[[37.433063600000025,
			0.181274],
			[37.433610199999976,
			0.1804252]],
			[[37.42887,
			0.170984799999985],
			[37.42835980000001,
			0.170361800000023]],
			[[37.420171400000015,
			0.16982],
			[37.419986,
			0.169579199999987]],
			[[37.418272399999978,
			0.165648200000021],
			[37.418992800000012,
			0.165254]],
			[[37.429045299999984,
			0.1711507],
			[37.42887,
			0.170984799999985]],
			[[37.427545599999974,
			0.169415],
			[37.4267729,
			0.169625]],
			[[37.432408899999984,
			0.174234099999978],
			[37.431852699999979,
			0.17375370000002]],
			[[37.425034900000014,
			0.169666],
			[37.424630799999989,
			0.1693998]],
			[[37.419639,
			0.165160599999979],
			[37.4196346,
			0.165167600000018]],
			[[37.4304062,
			0.171724700000027],
			[37.430165400000021,
			0.171452699999975]],
			[[37.418236,
			0.166396500000019],
			[37.418131500000015,
			0.1659479]],
			[[37.418118,
			0.166624300000024],
			[37.418236,
			0.166396500000019]],
			[[37.433610199999976,
			0.1804252],
			[37.43378580000001,
			0.180051699999979]],
			[[37.424117099999989,
			0.169194],
			[37.4236603,
			0.169243199999983]],
			[[37.424630799999989,
			0.1693998],
			[37.424117099999989,
			0.169194]],
			[[37.429190600000027,
			0.1713694],
			[37.429045299999984,
			0.1711507]],
			[[37.417362299999979,
			0.167096300000026],
			[37.4174395,
			0.166948100000013]],
			[[37.429947200000015,
			0.1713469],
			[37.4298546,
			0.171397399999989]],
			[[37.42592430000002,
			0.1696895],
			[37.4252509,
			0.1696947]],
			[[37.433934,
			0.174820300000022],
			[37.433460599999989,
			0.174641599999973]],
			[[37.4340544,
			0.17550940000001],
			[37.434095099999979,
			0.175266099999988]],
			[[37.418509299999982,
			0.169632400000012],
			[37.418328700000018,
			0.1698972]],
			[[37.419986,
			0.169579199999987],
			[37.419858,
			0.1694698]],
			[[37.419299099999989,
			0.1692759],
			[37.4190855,
			0.1692933]],
			[[37.421377399999983,
			0.169946],
			[37.4210966,
			0.1699992]],
			[[37.434012,
			0.174882799999978],
			[37.433934,
			0.174820300000022]],
			[[37.430745399999978,
			0.1723106],
			[37.4304062,
			0.171724700000027]],
			[[37.432870499999979,
			0.181718199999978],
			[37.433063600000025,
			0.181274]],
			[[37.4214718,
			0.1699542],
			[37.421377399999983,
			0.169946]],
			[[37.431852699999979,
			0.17375370000002],
			[37.431529300000022,
			0.173565199999985]],
			[[37.43378580000001,
			0.180051699999979],
			[37.433852100000024,
			0.1790906]],
			[[37.4267729,
			0.169625],
			[37.42592430000002,
			0.1696895]],
			[[37.4179239,
			0.169947700000023],
			[37.4176809,
			0.169436599999983]],
			[[37.4228266,
			0.1689965],
			[37.4226703,
			0.1689786]],
			[[37.422354,
			0.169413799999973],
			[37.422227599999985,
			0.169751]],
			[[37.431529300000022,
			0.173565199999985],
			[37.431257300000027,
			0.173274100000015]],
			[[37.417582900000014,
			0.168899599999975],
			[37.4173007,
			0.16828240000001]],
			[[37.4298546,
			0.171397399999989],
			[37.429469200000028,
			0.171448899999973]],
			[[37.427903300000025,
			0.16954290000001],
			[37.427545599999974,
			0.169415]]]
		}
	}]
}
